d0b7c6ce-e067-4ff5-9bab-65d5c8148c97,location,waterOutputs,runoffToReach
2023-01-01T00:00:00,Lower_Agriculture_Soilwater,1.3963199999999973,0.6981599999999987
2023-01-02T00:00:00,Lower_Agriculture_Soilwater,1.4926609999999982,0.7463304999999991
2023-01-03T00:00:00,Lower_Agriculture_Soilwater,1.3527165666666634,0.6763582833333317
2023-01-04T00:00:00,Lower_Agriculture_Soilwater,1.1369601322222196,0.5684800661111098
2023-01-05T00:00:00,Lower_Agriculture_Soilwater,0.9312038597407423,0.46560192987037113
2023-01-06T00:00:00,Lower_Agriculture_Soilwater,0.75948838734692,0.37974419367346
2023-01-07T00:00:00,Lower_Agriculture_Soilwater,0.7125208531389717,0.35626042656948587
2023-01-08T00:00:00,Lower_Agriculture_Soilwater,0.6124812026673226,0.3062406013336613
2023-01-09T00:00:00,Lower_Agriculture_Soilwater,0.6821928940146734,0.3410964470073367
2023-01-10T00:00:00,Lower_Agriculture_Soilwater,0.5977948751512315,0.29889743757561577
2023-01-11T00:00:00,Lower_Agriculture_Soilwater,0.4930944778154526,0.2465472389077263
2023-01-12T00:00:00,Lower_Agriculture_Soilwater,0.3879873934270222,0.1939936967135111
2023-01-13T00:00:00,Lower_Agriculture_Soilwater,0.2951654418820283,0.14758272094101416
2023-01-14T00:00:00,Lower_Agriculture_Soilwater,0.2178331602930598,0.1089165801465299
2023-01-15T00:00:00,Lower_Agriculture_Soilwater,0.1269752651301644,0.0634876325650822
2023-01-16T00:00:00,Lower_Agriculture_Soilwater,0.0366048789059505,0.01830243945297525
2023-01-17T00:00:00,Lower_Agriculture_Soilwater,0.0,0.0
2023-01-18T00:00:00,Lower_Agriculture_Soilwater,0.3638018399523219,0.18190091997616095
2023-01-19T00:00:00,Lower_Agriculture_Soilwater,0.4537536611529731,0.22687683057648655
2023-01-20T00:00:00,Lower_Agriculture_Soilwater,0.4507329634363032,0.2253664817181516
2023-01-21T00:00:00,Lower_Agriculture_Soilwater,0.4372235565588824,0.2186117782794412
2023-01-22T00:00:00,Lower_Agriculture_Soilwater,0.3195664973917303,0.15978324869586516
2023-01-23T00:00:00,Lower_Agriculture_Soilwater,0.21414894648213478,0.10707447324106739
2023-01-24T00:00:00,Lower_Agriculture_Soilwater,0.13951908477711755,0.06975954238855878
2023-01-25T00:00:00,Lower_Agriculture_Soilwater,0.05793285394713621,0.028966426973568105
2023-01-26T00:00:00,Lower_Agriculture_Soilwater,0.2093807944349976,0.1046903972174988
2023-01-27T00:00:00,Lower_Agriculture_Soilwater,0.18383245695235928,0.09191622847617964
2023-01-28T00:00:00,Lower_Agriculture_Soilwater,0.10408045857740832,0.05204022928870416
2023-01-29T00:00:00,Lower_Agriculture_Soilwater,0.03239216182643077,0.016196080913215383
2023-01-30T00:00:00,Lower_Agriculture_Soilwater,0.0,0.0
2023-01-31T00:00:00,Lower_Agriculture_Soilwater,0.0,0.0
2023-02-01T00:00:00,Lower_Agriculture_Soilwater,0.0,0.0
2023-02-02T00:00:00,Lower_Agriculture_Soilwater,0.0,0.0
2023-02-03T00:00:00,Lower_Agriculture_Soilwater,0.0,0.0
2023-02-04T00:00:00,Lower_Agriculture_Soilwater,0.0,0.0
2023-02-05T00:00:00,Lower_Agriculture_Soilwater,0.0,0.0
2023-02-06T00:00:00,Lower_Agriculture_Soilwater,0.0,0.0
2023-02-07T00:00:00,Lower_Agriculture_Soilwater,0.0,0.0
2023-02-08T00:00:00,Lower_Agriculture_Soilwater,0.0,0.0
2023-02-09T00:00:00,Lower_Agriculture_Soilwater,0.0,0.0
2023-02-10T00:00:00,Lower_Agriculture_Soilwater,0.0,0.0
2023-02-11T00:00:00,Lower_Agriculture_Soilwater,0.0,0.0
2023-02-12T00:00:00,Lower_Agriculture_Soilwater,0.0,0.0
2023-02-13T00:00:00,Lower_Agriculture_Soilwater,0.0,0.0
2023-02-14T00:00:00,Lower_Agriculture_Soilwater,0.0,0.0
2023-02-15T00:00:00,Lower_Agriculture_Soilwater,0.0,0.0
2023-02-16T00:00:00,Lower_Agriculture_Soilwater,0.0,0.0
2023-02-17T00:00:00,Lower_Agriculture_Soilwater,0.0,0.0
2023-02-18T00:00:00,Lower_Agriculture_Soilwater,0.0,0.0
2023-02-19T00:00:00,Lower_Agriculture_Soilwater,0.0,0.0
2023-02-20T00:00:00,Lower_Agriculture_Soilwater,0.0,0.0
2023-02-21T00:00:00,Lower_Agriculture_Soilwater,0.0,0.0
2023-02-22T00:00:00,Lower_Agriculture_Soilwater,0.0,0.0
2023-02-23T00:00:00,Lower_Agriculture_Soilwater,0.0,0.0
2023-02-24T00:00:00,Lower_Agriculture_Soilwater,0.0,0.0
2023-02-25T00:00:00,Lower_Agriculture_Soilwater,0.0,0.0
2023-02-26T00:00:00,Lower_Agriculture_Soilwater,0.0,0.0
2023-02-27T00:00:00,Lower_Agriculture_Soilwater,0.0,0.0
2023-02-28T00:00:00,Lower_Agriculture_Soilwater,0.0,0.0
2023-03-01T00:00:00,Lower_Agriculture_Soilwater,0.0,0.0
2023-03-02T00:00:00,Lower_Agriculture_Soilwater,0.0,0.0
2023-03-03T00:00:00,Lower_Agriculture_Soilwater,0.0,0.0
2023-03-04T00:00:00,Lower_Agriculture_Soilwater,0.0,0.0
2023-03-05T00:00:00,Lower_Agriculture_Soilwater,0.0,0.0
2023-03-06T00:00:00,Lower_Agriculture_Soilwater,0.0,0.0
2023-03-07T00:00:00,Lower_Agriculture_Soilwater,0.0,0.0
2023-03-08T00:00:00,Lower_Agriculture_Soilwater,0.0,0.0
2023-03-09T00:00:00,Lower_Agriculture_Soilwater,0.0,0.0
2023-03-10T00:00:00,Lower_Agriculture_Soilwater,0.0,0.0
2023-03-11T00:00:00,Lower_Agriculture_Soilwater,0.0,0.0
2023-03-12T00:00:00,Lower_Agriculture_Soilwater,0.0,0.0
2023-03-13T00:00:00,Lower_Agriculture_Soilwater,0.0,0.0
2023-03-14T00:00:00,Lower_Agriculture_Soilwater,0.0,0.0
2023-03-15T00:00:00,Lower_Agriculture_Soilwater,0.0,0.0
2023-03-16T00:00:00,Lower_Agriculture_Soilwater,0.0,0.0
2023-03-17T00:00:00,Lower_Agriculture_Soilwater,0.0,0.0
2023-03-18T00:00:00,Lower_Agriculture_Soilwater,0.0,0.0
2023-03-19T00:00:00,Lower_Agriculture_Soilwater,0.0,0.0
2023-03-20T00:00:00,Lower_Agriculture_Soilwater,0.049907806342798726,0.024953903171399363
2023-03-21T00:00:00,Lower_Agriculture_Soilwater,0.1774795834173972,0.0887397917086986
2023-03-22T00:00:00,Lower_Agriculture_Soilwater,0.1816711443119516,0.0908355721559758
2023-03-23T00:00:00,Lower_Agriculture_Soilwater,0.15612920295951654,0.07806460147975827
2023-03-24T00:00:00,Lower_Agriculture_Soilwater,0.12056200702315323,0.060281003511576614
2023-03-25T00:00:00,Lower_Agriculture_Soilwater,0.08938571444070363,0.044692857220351816
2023-03-26T00:00:00,Lower_Agriculture_Soilwater,0.05096177903658372,0.02548088951829186
2023-03-27T00:00:00,Lower_Agriculture_Soilwater,0.0,0.0
2023-03-28T00:00:00,Lower_Agriculture_Soilwater,0.0,0.0
2023-03-29T00:00:00,Lower_Agriculture_Soilwater,0.0,0.0
2023-03-30T00:00:00,Lower_Agriculture_Soilwater,0.0,0.0
2023-03-31T00:00:00,Lower_Agriculture_Soilwater,0.0,0.0
2023-04-01T00:00:00,Lower_Agriculture_Soilwater,0.0,0.0
2023-04-02T00:00:00,Lower_Agriculture_Soilwater,0.0,0.0
2023-04-03T00:00:00,Lower_Agriculture_Soilwater,0.0,0.0
2023-04-04T00:00:00,Lower_Agriculture_Soilwater,0.04131422312659652,0.02065711156329826
2023-04-05T00:00:00,Lower_Agriculture_Soilwater,0.30307176924076773,0.15153588462038386
2023-04-06T00:00:00,Lower_Agriculture_Soilwater,0.4248445817923028,0.2124222908961514
2023-04-07T00:00:00,Lower_Agriculture_Soilwater,0.42419745343827914,0.21209872671913957
2023-04-08T00:00:00,Lower_Agriculture_Soilwater,0.3920514847028471,0.19602574235142356
2023-04-09T00:00:00,Lower_Agriculture_Soilwater,0.36015892843536224,0.18007946421768112
2023-04-10T00:00:00,Lower_Agriculture_Soilwater,0.3265805663260949,0.16329028316304744
2023-04-11T00:00:00,Lower_Agriculture_Soilwater,0.3127850199382408,0.1563925099691204
2023-04-12T00:00:00,Lower_Agriculture_Soilwater,0.2767780213593312,0.1383890106796656
2023-04-13T00:00:00,Lower_Agriculture_Soilwater,0.24193605369503646,0.12096802684751823
2023-04-14T00:00:00,Lower_Agriculture_Soilwater,0.46340872648274856,0.23170436324137428
2023-04-15T00:00:00,Lower_Agriculture_Soilwater,0.48858861322021313,0.24429430661010657
2023-04-16T00:00:00,Lower_Agriculture_Soilwater,0.45471400502677284,0.22735700251338642
2023-04-17T00:00:00,Lower_Agriculture_Soilwater,0.4133733555669551,0.20668667778347755
2023-04-18T00:00:00,Lower_Agriculture_Soilwater,0.43087793702454746,0.21543896851227373
2023-04-19T00:00:00,Lower_Agriculture_Soilwater,0.38299611566018826,0.19149805783009413
2023-04-20T00:00:00,Lower_Agriculture_Soilwater,0.37415216154020076,0.18707608077010038
2023-04-21T00:00:00,Lower_Agriculture_Soilwater,0.32905949786818955,0.16452974893409478
2023-04-22T00:00:00,Lower_Agriculture_Soilwater,0.3028823989087073,0.15144119945435364
2023-04-23T00:00:00,Lower_Agriculture_Soilwater,0.3229704426269507,0.16148522131347534
2023-04-24T00:00:00,Lower_Agriculture_Soilwater,0.3483768262339595,0.17418841311697975
2023-04-25T00:00:00,Lower_Agriculture_Soilwater,0.3405496195671333,0.17027480978356666
2023-04-26T00:00:00,Lower_Agriculture_Soilwater,0.307938149595941,0.1539690747979705
2023-04-27T00:00:00,Lower_Agriculture_Soilwater,0.27956949863151975,0.13978474931575988
2023-04-28T00:00:00,Lower_Agriculture_Soilwater,0.23708493676675746,0.11854246838337873
2023-04-29T00:00:00,Lower_Agriculture_Soilwater,0.1988139057562137,0.09940695287810684
2023-04-30T00:00:00,Lower_Agriculture_Soilwater,0.16608633606930426,0.08304316803465213
2023-05-01T00:00:00,Lower_Agriculture_Soilwater,0.1495156427586096,0.0747578213793048
2023-05-02T00:00:00,Lower_Agriculture_Soilwater,0.13457672524816075,0.06728836262408038
2023-05-03T00:00:00,Lower_Agriculture_Soilwater,0.12112326831181691,0.060561634155908456
2023-05-04T00:00:00,Lower_Agriculture_Soilwater,0.10901234667679205,0.054506173338396025
2023-05-05T00:00:00,Lower_Agriculture_Soilwater,0.09811158040782858,0.04905579020391429
2023-05-06T00:00:00,Lower_Agriculture_Soilwater,0.08830057849995115,0.04415028924997558
2023-05-07T00:00:00,Lower_Agriculture_Soilwater,0.07947057269425387,0.03973528634712693
2023-05-08T00:00:00,Lower_Agriculture_Soilwater,0.07152353277292604,0.03576176638646302
2023-05-09T00:00:00,Lower_Agriculture_Soilwater,0.06437118527833263,0.032185592639166316
2023-05-10T00:00:00,Lower_Agriculture_Soilwater,0.05793406867806539,0.028967034339032693
2023-05-11T00:00:00,Lower_Agriculture_Soilwater,0.0822239957861143,0.04111199789305715
2023-05-12T00:00:00,Lower_Agriculture_Soilwater,0.08402937419945147,0.04201468709972574
2023-05-13T00:00:00,Lower_Agriculture_Soilwater,0.07896902944348767,0.03948451472174384
2023-05-14T00:00:00,Lower_Agriculture_Soilwater,0.06700232405379439,0.033501162026897194
2023-05-15T00:00:00,Lower_Agriculture_Soilwater,0.05224949083329875,0.026124745416649376
2023-05-16T00:00:00,Lower_Agriculture_Soilwater,0.07723167481159976,0.03861583740579988
2023-05-17T00:00:00,Lower_Agriculture_Soilwater,0.28705855168431643,0.14352927584215822
2023-05-18T00:00:00,Lower_Agriculture_Soilwater,0.35769704463384644,0.17884852231692322
2023-05-19T00:00:00,Lower_Agriculture_Soilwater,0.4132961228764487,0.20664806143822434
2023-05-20T00:00:00,Lower_Agriculture_Soilwater,0.39594277149080315,0.19797138574540157
2023-05-21T00:00:00,Lower_Agriculture_Soilwater,0.5817575813090571,0.29087879065452854
2023-05-22T00:00:00,Lower_Agriculture_Soilwater,0.5873608521672623,0.29368042608363115
2023-05-23T00:00:00,Lower_Agriculture_Soilwater,0.577792109946904,0.288896054973452
2023-05-24T00:00:00,Lower_Agriculture_Soilwater,0.49968201328433115,0.24984100664216558
2023-05-25T00:00:00,Lower_Agriculture_Soilwater,0.9621731833999377,0.48108659169996887
2023-05-26T00:00:00,Lower_Agriculture_Soilwater,1.0007036555412867,0.5003518277706434
2023-05-27T00:00:00,Lower_Agriculture_Soilwater,0.9101252201476087,0.45506261007380433
2023-05-28T00:00:00,Lower_Agriculture_Soilwater,0.800676674852997,0.4003383374264985
2023-05-29T00:00:00,Lower_Agriculture_Soilwater,0.7118716662744135,0.3559358331372067
2023-05-30T00:00:00,Lower_Agriculture_Soilwater,0.7538010526158758,0.3769005263079379
2023-05-31T00:00:00,Lower_Agriculture_Soilwater,0.6645024650105882,0.3322512325052941
2023-06-01T00:00:00,Lower_Agriculture_Soilwater,0.5607967243949645,0.28039836219748226
2023-06-02T00:00:00,Lower_Agriculture_Soilwater,0.4540665539172835,0.22703327695864176
2023-06-03T00:00:00,Lower_Agriculture_Soilwater,0.3557043991794899,0.17785219958974496
2023-06-04T00:00:00,Lower_Agriculture_Soilwater,0.29081812614618346,0.14540906307309173
2023-06-05T00:00:00,Lower_Agriculture_Soilwater,0.25801236915978054,0.12900618457989027
2023-06-06T00:00:00,Lower_Agriculture_Soilwater,0.232265817453208,0.116132908726604
2023-06-07T00:00:00,Lower_Agriculture_Soilwater,0.20905746411102089,0.10452873205551044
2023-06-08T00:00:00,Lower_Agriculture_Soilwater,0.1726057938342933,0.08630289691714665
2023-06-09T00:00:00,Lower_Agriculture_Soilwater,0.1268352398289892,0.0634176199144946
2023-06-10T00:00:00,Lower_Agriculture_Soilwater,0.06296039097213112,0.03148019548606556
2023-06-11T00:00:00,Lower_Agriculture_Soilwater,0.0,0.0
2023-06-12T00:00:00,Lower_Agriculture_Soilwater,0.0,0.0
2023-06-13T00:00:00,Lower_Agriculture_Soilwater,0.0,0.0
2023-06-14T00:00:00,Lower_Agriculture_Soilwater,0.0,0.0
2023-06-15T00:00:00,Lower_Agriculture_Soilwater,0.0,0.0
2023-06-16T00:00:00,Lower_Agriculture_Soilwater,0.0,0.0
2023-06-17T00:00:00,Lower_Agriculture_Soilwater,0.0,0.0
2023-06-18T00:00:00,Lower_Agriculture_Soilwater,0.0,0.0
2023-06-19T00:00:00,Lower_Agriculture_Soilwater,0.0,0.0
2023-06-20T00:00:00,Lower_Agriculture_Soilwater,0.0,0.0
2023-06-21T00:00:00,Lower_Agriculture_Soilwater,0.0,0.0
2023-06-22T00:00:00,Lower_Agriculture_Soilwater,0.0,0.0
2023-06-23T00:00:00,Lower_Agriculture_Soilwater,0.0,0.0
2023-06-24T00:00:00,Lower_Agriculture_Soilwater,0.0,0.0
2023-06-25T00:00:00,Lower_Agriculture_Soilwater,0.0,0.0
2023-06-26T00:00:00,Lower_Agriculture_Soilwater,0.0,0.0
2023-06-27T00:00:00,Lower_Agriculture_Soilwater,0.0,0.0
2023-06-28T00:00:00,Lower_Agriculture_Soilwater,0.0,0.0
2023-06-29T00:00:00,Lower_Agriculture_Soilwater,0.0,0.0
2023-06-30T00:00:00,Lower_Agriculture_Soilwater,0.0,0.0
2023-07-01T00:00:00,Lower_Agriculture_Soilwater,0.0,0.0
2023-07-02T00:00:00,Lower_Agriculture_Soilwater,0.0,0.0
2023-07-03T00:00:00,Lower_Agriculture_Soilwater,0.0,0.0
2023-07-04T00:00:00,Lower_Agriculture_Soilwater,0.0,0.0
2023-07-05T00:00:00,Lower_Agriculture_Soilwater,0.0,0.0
2023-07-06T00:00:00,Lower_Agriculture_Soilwater,0.0,0.0
2023-07-07T00:00:00,Lower_Agriculture_Soilwater,0.0,0.0
2023-07-08T00:00:00,Lower_Agriculture_Soilwater,0.0,0.0
2023-07-09T00:00:00,Lower_Agriculture_Soilwater,0.0,0.0
2023-07-10T00:00:00,Lower_Agriculture_Soilwater,0.0,0.0
2023-07-11T00:00:00,Lower_Agriculture_Soilwater,0.0,0.0
2023-07-12T00:00:00,Lower_Agriculture_Soilwater,0.0,0.0
2023-07-13T00:00:00,Lower_Agriculture_Soilwater,0.0,0.0
2023-07-14T00:00:00,Lower_Agriculture_Soilwater,0.0,0.0
2023-07-15T00:00:00,Lower_Agriculture_Soilwater,0.0,0.0
2023-07-16T00:00:00,Lower_Agriculture_Soilwater,0.0,0.0
2023-07-17T00:00:00,Lower_Agriculture_Soilwater,0.0,0.0
2023-07-18T00:00:00,Lower_Agriculture_Soilwater,0.0,0.0
2023-07-19T00:00:00,Lower_Agriculture_Soilwater,0.0,0.0
2023-07-20T00:00:00,Lower_Agriculture_Soilwater,0.0,0.0
2023-07-21T00:00:00,Lower_Agriculture_Soilwater,0.0,0.0
2023-07-22T00:00:00,Lower_Agriculture_Soilwater,0.0,0.0
2023-07-23T00:00:00,Lower_Agriculture_Soilwater,0.0,0.0
2023-07-24T00:00:00,Lower_Agriculture_Soilwater,0.0,0.0
2023-07-25T00:00:00,Lower_Agriculture_Soilwater,0.0,0.0
2023-07-26T00:00:00,Lower_Agriculture_Soilwater,0.0,0.0
2023-07-27T00:00:00,Lower_Agriculture_Soilwater,0.0,0.0
2023-07-28T00:00:00,Lower_Agriculture_Soilwater,0.0,0.0
2023-07-29T00:00:00,Lower_Agriculture_Soilwater,0.0,0.0
2023-07-30T00:00:00,Lower_Agriculture_Soilwater,0.0,0.0
2023-07-31T00:00:00,Lower_Agriculture_Soilwater,0.0,0.0
2023-08-01T00:00:00,Lower_Agriculture_Soilwater,0.0,0.0
2023-08-02T00:00:00,Lower_Agriculture_Soilwater,0.0,0.0
2023-08-03T00:00:00,Lower_Agriculture_Soilwater,0.0,0.0
2023-08-04T00:00:00,Lower_Agriculture_Soilwater,0.0,0.0
2023-08-05T00:00:00,Lower_Agriculture_Soilwater,0.0,0.0
2023-08-06T00:00:00,Lower_Agriculture_Soilwater,0.0,0.0
2023-08-07T00:00:00,Lower_Agriculture_Soilwater,0.0,0.0
2023-08-08T00:00:00,Lower_Agriculture_Soilwater,0.0,0.0
2023-08-09T00:00:00,Lower_Agriculture_Soilwater,0.0,0.0
2023-08-10T00:00:00,Lower_Agriculture_Soilwater,0.0,0.0
2023-08-11T00:00:00,Lower_Agriculture_Soilwater,0.0,0.0
2023-08-12T00:00:00,Lower_Agriculture_Soilwater,0.0,0.0
2023-08-13T00:00:00,Lower_Agriculture_Soilwater,0.0,0.0
2023-08-14T00:00:00,Lower_Agriculture_Soilwater,0.0,0.0
2023-08-15T00:00:00,Lower_Agriculture_Soilwater,0.0,0.0
2023-08-16T00:00:00,Lower_Agriculture_Soilwater,0.0,0.0
2023-08-17T00:00:00,Lower_Agriculture_Soilwater,0.0,0.0
2023-08-18T00:00:00,Lower_Agriculture_Soilwater,0.0,0.0
2023-08-19T00:00:00,Lower_Agriculture_Soilwater,0.0,0.0
2023-08-20T00:00:00,Lower_Agriculture_Soilwater,0.0,0.0
2023-08-21T00:00:00,Lower_Agriculture_Soilwater,0.0,0.0
2023-08-22T00:00:00,Lower_Agriculture_Soilwater,0.0,0.0
2023-08-23T00:00:00,Lower_Agriculture_Soilwater,0.0,0.0
2023-08-24T00:00:00,Lower_Agriculture_Soilwater,0.0,0.0
2023-08-25T00:00:00,Lower_Agriculture_Soilwater,0.0,0.0
2023-08-26T00:00:00,Lower_Agriculture_Soilwater,0.0,0.0
2023-08-27T00:00:00,Lower_Agriculture_Soilwater,0.0,0.0
2023-08-28T00:00:00,Lower_Agriculture_Soilwater,0.0,0.0
2023-08-29T00:00:00,Lower_Agriculture_Soilwater,0.0,0.0
2023-08-30T00:00:00,Lower_Agriculture_Soilwater,0.0,0.0
2023-08-31T00:00:00,Lower_Agriculture_Soilwater,0.0,0.0
2023-09-01T00:00:00,Lower_Agriculture_Soilwater,0.0,0.0
2023-09-02T00:00:00,Lower_Agriculture_Soilwater,0.0,0.0
2023-09-03T00:00:00,Lower_Agriculture_Soilwater,0.0,0.0
2023-09-04T00:00:00,Lower_Agriculture_Soilwater,0.0,0.0
2023-09-05T00:00:00,Lower_Agriculture_Soilwater,0.0,0.0
2023-09-06T00:00:00,Lower_Agriculture_Soilwater,0.0,0.0
2023-09-07T00:00:00,Lower_Agriculture_Soilwater,0.0,0.0
2023-09-08T00:00:00,Lower_Agriculture_Soilwater,0.0,0.0
2023-09-09T00:00:00,Lower_Agriculture_Soilwater,0.0,0.0
2023-09-10T00:00:00,Lower_Agriculture_Soilwater,0.0,0.0
2023-09-11T00:00:00,Lower_Agriculture_Soilwater,0.0,0.0
2023-09-12T00:00:00,Lower_Agriculture_Soilwater,0.0,0.0
2023-09-13T00:00:00,Lower_Agriculture_Soilwater,0.0,0.0
2023-09-14T00:00:00,Lower_Agriculture_Soilwater,0.0,0.0
2023-09-15T00:00:00,Lower_Agriculture_Soilwater,0.0,0.0
2023-09-16T00:00:00,Lower_Agriculture_Soilwater,0.0,0.0
2023-09-17T00:00:00,Lower_Agriculture_Soilwater,0.0,0.0
2023-09-18T00:00:00,Lower_Agriculture_Soilwater,0.0,0.0
2023-09-19T00:00:00,Lower_Agriculture_Soilwater,0.0,0.0
2023-09-20T00:00:00,Lower_Agriculture_Soilwater,0.0,0.0
2023-09-21T00:00:00,Lower_Agriculture_Soilwater,0.0,0.0
2023-09-22T00:00:00,Lower_Agriculture_Soilwater,0.0,0.0
2023-09-23T00:00:00,Lower_Agriculture_Soilwater,0.0,0.0
2023-09-24T00:00:00,Lower_Agriculture_Soilwater,0.0,0.0
2023-09-25T00:00:00,Lower_Agriculture_Soilwater,0.0,0.0
2023-09-26T00:00:00,Lower_Agriculture_Soilwater,0.0,0.0
2023-09-27T00:00:00,Lower_Agriculture_Soilwater,0.0,0.0
2023-09-28T00:00:00,Lower_Agriculture_Soilwater,0.0,0.0
2023-09-29T00:00:00,Lower_Agriculture_Soilwater,0.0,0.0
2023-09-30T00:00:00,Lower_Agriculture_Soilwater,0.0,0.0
2023-10-01T00:00:00,Lower_Agriculture_Soilwater,0.0,0.0
2023-10-02T00:00:00,Lower_Agriculture_Soilwater,0.0,0.0
2023-10-03T00:00:00,Lower_Agriculture_Soilwater,0.0,0.0
2023-10-04T00:00:00,Lower_Agriculture_Soilwater,0.0,0.0
2023-10-05T00:00:00,Lower_Agriculture_Soilwater,0.0,0.0
2023-10-06T00:00:00,Lower_Agriculture_Soilwater,0.0,0.0
2023-10-07T00:00:00,Lower_Agriculture_Soilwater,0.0,0.0
2023-10-08T00:00:00,Lower_Agriculture_Soilwater,0.0,0.0
2023-10-09T00:00:00,Lower_Agriculture_Soilwater,0.0,0.0
2023-10-10T00:00:00,Lower_Agriculture_Soilwater,0.0,0.0
2023-10-11T00:00:00,Lower_Agriculture_Soilwater,0.0,0.0
2023-10-12T00:00:00,Lower_Agriculture_Soilwater,0.0,0.0
2023-10-13T00:00:00,Lower_Agriculture_Soilwater,0.0,0.0
2023-10-14T00:00:00,Lower_Agriculture_Soilwater,0.0,0.0
2023-10-15T00:00:00,Lower_Agriculture_Soilwater,0.0,0.0
2023-10-16T00:00:00,Lower_Agriculture_Soilwater,0.0,0.0
2023-10-17T00:00:00,Lower_Agriculture_Soilwater,0.0,0.0
2023-10-18T00:00:00,Lower_Agriculture_Soilwater,0.0,0.0
2023-10-19T00:00:00,Lower_Agriculture_Soilwater,0.0,0.0
2023-10-20T00:00:00,Lower_Agriculture_Soilwater,0.0,0.0
2023-10-21T00:00:00,Lower_Agriculture_Soilwater,0.0,0.0
2023-10-22T00:00:00,Lower_Agriculture_Soilwater,0.0,0.0
2023-10-23T00:00:00,Lower_Agriculture_Soilwater,0.0,0.0
2023-10-24T00:00:00,Lower_Agriculture_Soilwater,0.0,0.0
2023-10-25T00:00:00,Lower_Agriculture_Soilwater,0.0,0.0
2023-10-26T00:00:00,Lower_Agriculture_Soilwater,0.0,0.0
2023-10-27T00:00:00,Lower_Agriculture_Soilwater,0.0,0.0
2023-10-28T00:00:00,Lower_Agriculture_Soilwater,0.0,0.0
2023-10-29T00:00:00,Lower_Agriculture_Soilwater,0.0,0.0
2023-10-30T00:00:00,Lower_Agriculture_Soilwater,0.0,0.0
2023-10-31T00:00:00,Lower_Agriculture_Soilwater,0.0,0.0
2023-11-01T00:00:00,Lower_Agriculture_Soilwater,0.0,0.0
2023-11-02T00:00:00,Lower_Agriculture_Soilwater,0.0,0.0
2023-11-03T00:00:00,Lower_Agriculture_Soilwater,0.0,0.0
2023-11-04T00:00:00,Lower_Agriculture_Soilwater,0.0,0.0
2023-11-05T00:00:00,Lower_Agriculture_Soilwater,0.0,0.0
2023-11-06T00:00:00,Lower_Agriculture_Soilwater,0.0,0.0
2023-11-07T00:00:00,Lower_Agriculture_Soilwater,0.0,0.0
2023-11-08T00:00:00,Lower_Agriculture_Soilwater,0.0,0.0
2023-11-09T00:00:00,Lower_Agriculture_Soilwater,0.0,0.0
2023-11-10T00:00:00,Lower_Agriculture_Soilwater,0.0,0.0
2023-11-11T00:00:00,Lower_Agriculture_Soilwater,0.0,0.0
2023-11-12T00:00:00,Lower_Agriculture_Soilwater,0.0,0.0
2023-11-13T00:00:00,Lower_Agriculture_Soilwater,0.0,0.0
2023-11-14T00:00:00,Lower_Agriculture_Soilwater,0.0,0.0
2023-11-15T00:00:00,Lower_Agriculture_Soilwater,0.0,0.0
2023-11-16T00:00:00,Lower_Agriculture_Soilwater,0.0,0.0
2023-11-17T00:00:00,Lower_Agriculture_Soilwater,0.0,0.0
2023-11-18T00:00:00,Lower_Agriculture_Soilwater,0.0,0.0
2023-11-19T00:00:00,Lower_Agriculture_Soilwater,0.0,0.0
2023-11-20T00:00:00,Lower_Agriculture_Soilwater,0.0,0.0
2023-11-21T00:00:00,Lower_Agriculture_Soilwater,0.0,0.0
2023-11-22T00:00:00,Lower_Agriculture_Soilwater,0.0,0.0
2023-11-23T00:00:00,Lower_Agriculture_Soilwater,0.0,0.0
2023-11-24T00:00:00,Lower_Agriculture_Soilwater,0.0,0.0
2023-11-25T00:00:00,Lower_Agriculture_Soilwater,0.0,0.0
2023-11-26T00:00:00,Lower_Agriculture_Soilwater,0.0,0.0
2023-11-27T00:00:00,Lower_Agriculture_Soilwater,0.0,0.0
2023-11-28T00:00:00,Lower_Agriculture_Soilwater,0.0,0.0
2023-11-29T00:00:00,Lower_Agriculture_Soilwater,0.0,0.0
2023-11-30T00:00:00,Lower_Agriculture_Soilwater,0.0,0.0
2023-12-01T00:00:00,Lower_Agriculture_Soilwater,0.0,0.0
2023-12-02T00:00:00,Lower_Agriculture_Soilwater,0.0,0.0
2023-12-03T00:00:00,Lower_Agriculture_Soilwater,0.0,0.0
2023-12-04T00:00:00,Lower_Agriculture_Soilwater,0.0,0.0
2023-12-05T00:00:00,Lower_Agriculture_Soilwater,0.0,0.0
2023-12-06T00:00:00,Lower_Agriculture_Soilwater,0.0,0.0
2023-12-07T00:00:00,Lower_Agriculture_Soilwater,0.0,0.0
2023-12-08T00:00:00,Lower_Agriculture_Soilwater,0.0,0.0
2023-12-09T00:00:00,Lower_Agriculture_Soilwater,0.0,0.0
2023-12-10T00:00:00,Lower_Agriculture_Soilwater,0.0,0.0
2023-12-11T00:00:00,Lower_Agriculture_Soilwater,0.0,0.0
2023-12-12T00:00:00,Lower_Agriculture_Soilwater,0.0,0.0
2023-12-13T00:00:00,Lower_Agriculture_Soilwater,0.0,0.0
2023-12-14T00:00:00,Lower_Agriculture_Soilwater,0.0,0.0
2023-12-15T00:00:00,Lower_Agriculture_Soilwater,0.0,0.0
2023-12-16T00:00:00,Lower_Agriculture_Soilwater,0.0,0.0
2023-12-17T00:00:00,Lower_Agriculture_Soilwater,0.0,0.0
2023-12-18T00:00:00,Lower_Agriculture_Soilwater,0.0,0.0
2023-12-19T00:00:00,Lower_Agriculture_Soilwater,0.0,0.0
2023-12-20T00:00:00,Lower_Agriculture_Soilwater,0.0,0.0
2023-12-21T00:00:00,Lower_Agriculture_Soilwater,0.0,0.0
2023-12-22T00:00:00,Lower_Agriculture_Soilwater,0.0,0.0
2023-12-23T00:00:00,Lower_Agriculture_Soilwater,0.0,0.0
2023-12-24T00:00:00,Lower_Agriculture_Soilwater,0.0,0.0
2023-12-25T00:00:00,Lower_Agriculture_Soilwater,0.0,0.0
2023-12-26T00:00:00,Lower_Agriculture_Soilwater,0.0,0.0
2023-12-27T00:00:00,Lower_Agriculture_Soilwater,0.0,0.0
2023-12-28T00:00:00,Lower_Agriculture_Soilwater,0.0,0.0
2023-12-29T00:00:00,Lower_Agriculture_Soilwater,0.0,0.0
2023-12-30T00:00:00,Lower_Agriculture_Soilwater,0.0,0.0
2023-12-31T00:00:00,Lower_Agriculture_Soilwater,0.0,0.0
2024-01-01T00:00:00,Lower_Agriculture_Soilwater,0.0,0.0
2024-01-02T00:00:00,Lower_Agriculture_Soilwater,0.0,0.0
2024-01-03T00:00:00,Lower_Agriculture_Soilwater,0.0,0.0
2024-01-04T00:00:00,Lower_Agriculture_Soilwater,0.0,0.0
2024-01-05T00:00:00,Lower_Agriculture_Soilwater,0.0,0.0
2024-01-06T00:00:00,Lower_Agriculture_Soilwater,0.0,0.0
2024-01-07T00:00:00,Lower_Agriculture_Soilwater,0.0,0.0
2024-01-08T00:00:00,Lower_Agriculture_Soilwater,0.0,0.0
2024-01-09T00:00:00,Lower_Agriculture_Soilwater,0.0,0.0
2024-01-10T00:00:00,Lower_Agriculture_Soilwater,0.0,0.0
2024-01-11T00:00:00,Lower_Agriculture_Soilwater,0.0,0.0
2024-01-12T00:00:00,Lower_Agriculture_Soilwater,0.0,0.0
2024-01-13T00:00:00,Lower_Agriculture_Soilwater,0.0,0.0
2024-01-14T00:00:00,Lower_Agriculture_Soilwater,0.0,0.0
2024-01-15T00:00:00,Lower_Agriculture_Soilwater,0.0,0.0
2024-01-16T00:00:00,Lower_Agriculture_Soilwater,0.0,0.0
2024-01-17T00:00:00,Lower_Agriculture_Soilwater,0.0,0.0
2024-01-18T00:00:00,Lower_Agriculture_Soilwater,0.0,0.0
2024-01-19T00:00:00,Lower_Agriculture_Soilwater,0.0,0.0
2024-01-20T00:00:00,Lower_Agriculture_Soilwater,0.0,0.0
2024-01-21T00:00:00,Lower_Agriculture_Soilwater,0.0,0.0
2024-01-22T00:00:00,Lower_Agriculture_Soilwater,0.0,0.0
2024-01-23T00:00:00,Lower_Agriculture_Soilwater,0.0,0.0
2024-01-24T00:00:00,Lower_Agriculture_Soilwater,0.0,0.0
2024-01-25T00:00:00,Lower_Agriculture_Soilwater,0.0,0.0
2024-01-26T00:00:00,Lower_Agriculture_Soilwater,0.0,0.0
2024-01-27T00:00:00,Lower_Agriculture_Soilwater,0.0,0.0
2024-01-28T00:00:00,Lower_Agriculture_Soilwater,0.0,0.0
2024-01-29T00:00:00,Lower_Agriculture_Soilwater,0.0,0.0
2024-01-30T00:00:00,Lower_Agriculture_Soilwater,0.0,0.0
2024-01-31T00:00:00,Lower_Agriculture_Soilwater,0.0,0.0
2024-02-01T00:00:00,Lower_Agriculture_Soilwater,0.0,0.0
2024-02-02T00:00:00,Lower_Agriculture_Soilwater,0.0,0.0
2024-02-03T00:00:00,Lower_Agriculture_Soilwater,0.0,0.0
2024-02-04T00:00:00,Lower_Agriculture_Soilwater,0.0,0.0
2024-02-05T00:00:00,Lower_Agriculture_Soilwater,0.0,0.0
2024-02-06T00:00:00,Lower_Agriculture_Soilwater,0.0,0.0
2024-02-07T00:00:00,Lower_Agriculture_Soilwater,0.0,0.0
2024-02-08T00:00:00,Lower_Agriculture_Soilwater,0.0,0.0
2024-02-09T00:00:00,Lower_Agriculture_Soilwater,0.0,0.0
2024-02-10T00:00:00,Lower_Agriculture_Soilwater,0.0,0.0
2024-02-11T00:00:00,Lower_Agriculture_Soilwater,0.0,0.0
2024-02-12T00:00:00,Lower_Agriculture_Soilwater,0.0,0.0
2024-02-13T00:00:00,Lower_Agriculture_Soilwater,0.0,0.0
2024-02-14T00:00:00,Lower_Agriculture_Soilwater,0.0,0.0
2024-02-15T00:00:00,Lower_Agriculture_Soilwater,0.0,0.0
2024-02-16T00:00:00,Lower_Agriculture_Soilwater,0.0,0.0
2024-02-17T00:00:00,Lower_Agriculture_Soilwater,0.0,0.0
2024-02-18T00:00:00,Lower_Agriculture_Soilwater,0.0,0.0
2024-02-19T00:00:00,Lower_Agriculture_Soilwater,0.0,0.0
2024-02-20T00:00:00,Lower_Agriculture_Soilwater,0.0,0.0
2024-02-21T00:00:00,Lower_Agriculture_Soilwater,0.0,0.0
2024-02-22T00:00:00,Lower_Agriculture_Soilwater,0.0,0.0
2024-02-23T00:00:00,Lower_Agriculture_Soilwater,0.0,0.0
2024-02-24T00:00:00,Lower_Agriculture_Soilwater,0.0,0.0
2024-02-25T00:00:00,Lower_Agriculture_Soilwater,0.0,0.0
2024-02-26T00:00:00,Lower_Agriculture_Soilwater,0.0,0.0
2024-02-27T00:00:00,Lower_Agriculture_Soilwater,0.0,0.0
2024-02-28T00:00:00,Lower_Agriculture_Soilwater,0.0,0.0
2024-02-29T00:00:00,Lower_Agriculture_Soilwater,0.0,0.0
2024-03-01T00:00:00,Lower_Agriculture_Soilwater,0.0,0.0
2024-03-02T00:00:00,Lower_Agriculture_Soilwater,0.0,0.0
2024-03-03T00:00:00,Lower_Agriculture_Soilwater,0.0,0.0
2024-03-04T00:00:00,Lower_Agriculture_Soilwater,0.0,0.0
2024-03-05T00:00:00,Lower_Agriculture_Soilwater,0.0,0.0
2024-03-06T00:00:00,Lower_Agriculture_Soilwater,0.0,0.0
2024-03-07T00:00:00,Lower_Agriculture_Soilwater,0.0,0.0
2024-03-08T00:00:00,Lower_Agriculture_Soilwater,0.0,0.0
2024-03-09T00:00:00,Lower_Agriculture_Soilwater,0.0385940814768162,0.0192970407384081
2024-03-10T00:00:00,Lower_Agriculture_Soilwater,0.052353814055555864,0.026176907027777932
2024-03-11T00:00:00,Lower_Agriculture_Soilwater,0.11014981289214348,0.05507490644607174
2024-03-12T00:00:00,Lower_Agriculture_Soilwater,0.12014529168364448,0.06007264584182224
2024-03-13T00:00:00,Lower_Agriculture_Soilwater,0.26036691587551675,0.13018345793775837
2024-03-14T00:00:00,Lower_Agriculture_Soilwater,0.28680360874137706,0.14340180437068853
2024-03-15T00:00:00,Lower_Agriculture_Soilwater,0.27561437601837613,0.13780718800918806
2024-03-16T00:00:00,Lower_Agriculture_Soilwater,0.28396664780025277,0.14198332390012638
2024-03-17T00:00:00,Lower_Agriculture_Soilwater,0.3475608861481305,0.17378044307406526
2024-03-18T00:00:00,Lower_Agriculture_Soilwater,0.35022376524261745,0.17511188262130872
2024-03-19T00:00:00,Lower_Agriculture_Soilwater,0.34820671128812253,0.17410335564406126
2024-03-20T00:00:00,Lower_Agriculture_Soilwater,0.37076181434923117,0.18538090717461558
2024-03-21T00:00:00,Lower_Agriculture_Soilwater,0.3469788909776128,0.1734894454888064
2024-03-22T00:00:00,Lower_Agriculture_Soilwater,0.3128240879009525,0.15641204395047625
2024-03-23T00:00:00,Lower_Agriculture_Soilwater,0.3100937077845572,0.1550468538922786
2024-03-24T00:00:00,Lower_Agriculture_Soilwater,0.31286867989733197,0.15643433994866598
2024-03-25T00:00:00,Lower_Agriculture_Soilwater,0.3291435928713384,0.1645717964356692
2024-03-26T00:00:00,Lower_Agriculture_Soilwater,0.3874761605721176,0.1937380802860588
2024-03-27T00:00:00,Lower_Agriculture_Soilwater,0.48782918684420906,0.24391459342210453
2024-03-28T00:00:00,Lower_Agriculture_Soilwater,0.5718814822695606,0.2859407411347803
2024-03-29T00:00:00,Lower_Agriculture_Soilwater,0.5419077387458628,0.2709538693729314
2024-03-30T00:00:00,Lower_Agriculture_Soilwater,0.504996433105697,0.2524982165528485
2024-03-31T00:00:00,Lower_Agriculture_Soilwater,0.5359562792065958,0.2679781396032979
2024-04-01T00:00:00,Lower_Agriculture_Soilwater,0.500933147756433,0.2504665738782165
2024-04-02T00:00:00,Lower_Agriculture_Soilwater,0.5408913318042835,0.27044566590214175
2024-04-03T00:00:00,Lower_Agriculture_Soilwater,0.4759953648983526,0.2379976824491763
2024-04-04T00:00:00,Lower_Agriculture_Soilwater,0.40729755050001587,0.20364877525000794
2024-04-05T00:00:00,Lower_Agriculture_Soilwater,0.382875369480513,0.1914376847402565
2024-04-06T00:00:00,Lower_Agriculture_Soilwater,0.31524769054262836,0.15762384527131418
2024-04-07T00:00:00,Lower_Agriculture_Soilwater,0.27891087415842436,0.13945543707921218
2024-04-08T00:00:00,Lower_Agriculture_Soilwater,0.24099177096592828,0.12049588548296414
2024-04-09T00:00:00,Lower_Agriculture_Soilwater,0.32712458861045096,0.16356229430522548
2024-04-10T00:00:00,Lower_Agriculture_Soilwater,0.3095561279964443,0.15477806399822214
2024-04-11T00:00:00,Lower_Agriculture_Soilwater,0.27068851461247617,0.13534425730623809
2024-04-12T00:00:00,Lower_Agriculture_Soilwater,0.28177166295645295,0.14088583147822648
2024-04-13T00:00:00,Lower_Agriculture_Soilwater,0.2609118299292163,0.13045591496460815
2024-04-14T00:00:00,Lower_Agriculture_Soilwater,0.24071575802576037,0.12035787901288018
2024-04-15T00:00:00,Lower_Agriculture_Soilwater,0.21860921925300547,0.10930460962650274
2024-04-16T00:00:00,Lower_Agriculture_Soilwater,0.22748664300431756,0.11374332150215878
2024-04-17T00:00:00,Lower_Agriculture_Soilwater,0.38946742726275263,0.19473371363137632
2024-04-18T00:00:00,Lower_Agriculture_Soilwater,0.4095051673894375,0.20475258369471874
2024-04-19T00:00:00,Lower_Agriculture_Soilwater,0.3890801449348089,0.19454007246740446
2024-04-20T00:00:00,Lower_Agriculture_Soilwater,0.3570139618694384,0.1785069809347192
2024-04-21T00:00:00,Lower_Agriculture_Soilwater,0.3476598428251976,0.1738299214125988
2024-04-22T00:00:00,Lower_Agriculture_Soilwater,0.32167628425691536,0.16083814212845768
2024-04-23T00:00:00,Lower_Agriculture_Soilwater,0.292436131069303,0.1462180655346515
2024-04-24T00:00:00,Lower_Agriculture_Soilwater,0.2641683430417345,0.13208417152086724
2024-04-25T00:00:00,Lower_Agriculture_Soilwater,0.23807678376401784,0.11903839188200892
2024-04-26T00:00:00,Lower_Agriculture_Soilwater,0.21437753039643326,0.10718876519821663
2024-04-27T00:00:00,Lower_Agriculture_Soilwater,0.1929759190263951,0.09648795951319755
2024-04-28T00:00:00,Lower_Agriculture_Soilwater,0.17369037434695545,0.08684518717347772
2024-04-29T00:00:00,Lower_Agriculture_Soilwater,0.21473268598666095,0.10736634299333048
2024-04-30T00:00:00,Lower_Agriculture_Soilwater,0.17449786707946374,0.08724893353973187
2024-05-01T00:00:00,Lower_Agriculture_Soilwater,0.12422623026866973,0.062113115134334866
2024-05-02T00:00:00,Lower_Agriculture_Soilwater,0.1204529905408549,0.06022649527042745
2024-05-03T00:00:00,Lower_Agriculture_Soilwater,0.08969081925312139,0.044845409626560695
2024-05-04T00:00:00,Lower_Agriculture_Soilwater,0.08377077991659121,0.041885389958295605
2024-05-05T00:00:00,Lower_Agriculture_Soilwater,0.07749004945452498,0.03874502472726249
2024-05-06T00:00:00,Lower_Agriculture_Soilwater,0.07043982701893584,0.03521991350946792
2024-05-07T00:00:00,Lower_Agriculture_Soilwater,0.09468243848699559,0.047341219243497795
2024-05-08T00:00:00,Lower_Agriculture_Soilwater,0.14514739269494611,0.07257369634747306
2024-05-09T00:00:00,Lower_Agriculture_Soilwater,0.353201719444337,0.1766008597221685
2024-05-10T00:00:00,Lower_Agriculture_Soilwater,0.4358219028395297,0.21791095141976485
2024-05-11T00:00:00,Lower_Agriculture_Soilwater,0.486088164335456,0.243044082167728
2024-05-12T00:00:00,Lower_Agriculture_Soilwater,0.47027416516186804,0.23513708258093402
2024-05-13T00:00:00,Lower_Agriculture_Soilwater,0.49564102106566565,0.24782051053283283
2024-05-14T00:00:00,Lower_Agriculture_Soilwater,0.5544416764324297,0.27722083821621485
2024-05-15T00:00:00,Lower_Agriculture_Soilwater,0.5857504279469595,0.29287521397347976
2024-05-16T00:00:00,Lower_Agriculture_Soilwater,0.6149636915381905,0.30748184576909526
2024-05-17T00:00:00,Lower_Agriculture_Soilwater,0.5570260911796766,0.2785130455898383
2024-05-18T00:00:00,Lower_Agriculture_Soilwater,0.48263773832680956,0.24131886916340478
2024-05-19T00:00:00,Lower_Agriculture_Soilwater,0.4048173832491614,0.2024086916245807
2024-05-20T00:00:00,Lower_Agriculture_Soilwater,0.35674978450925326,0.17837489225462663
2024-05-21T00:00:00,Lower_Agriculture_Soilwater,0.3288045192533332,0.1644022596266666
2024-05-22T00:00:00,Lower_Agriculture_Soilwater,0.28532463839300704,0.14266231919650352
2024-05-23T00:00:00,Lower_Agriculture_Soilwater,0.2469950315753806,0.1234975157876903
2024-05-24T00:00:00,Lower_Agriculture_Soilwater,0.22334981409172772,0.11167490704586386
2024-05-25T00:00:00,Lower_Agriculture_Soilwater,0.20136626124051987,0.10068313062025994
2024-05-26T00:00:00,Lower_Agriculture_Soilwater,0.1813467779691223,0.09067338898456115
2024-05-27T00:00:00,Lower_Agriculture_Soilwater,0.16325114778976513,0.08162557389488256
2024-05-28T00:00:00,Lower_Agriculture_Soilwater,0.1469390488833085,0.07346952444165425
2024-05-29T00:00:00,Lower_Agriculture_Soilwater,0.13030548261914987,0.06515274130957494
2024-05-30T00:00:00,Lower_Agriculture_Soilwater,0.07904438056529557,0.039522190282647786
2024-05-31T00:00:00,Lower_Agriculture_Soilwater,0.03874042457811697,0.019370212289058487
2024-06-01T00:00:00,Lower_Agriculture_Soilwater,0.0,0.0
2024-06-02T00:00:00,Lower_Agriculture_Soilwater,0.0,0.0
2024-06-03T00:00:00,Lower_Agriculture_Soilwater,0.0,0.0
2024-06-04T00:00:00,Lower_Agriculture_Soilwater,0.0,0.0
2024-06-05T00:00:00,Lower_Agriculture_Soilwater,0.0,0.0
2024-06-06T00:00:00,Lower_Agriculture_Soilwater,0.0,0.0
2024-06-07T00:00:00,Lower_Agriculture_Soilwater,0.0,0.0
2024-06-08T00:00:00,Lower_Agriculture_Soilwater,0.0,0.0
2024-06-09T00:00:00,Lower_Agriculture_Soilwater,0.0,0.0
2024-06-10T00:00:00,Lower_Agriculture_Soilwater,0.0,0.0
2024-06-11T00:00:00,Lower_Agriculture_Soilwater,0.0,0.0
2024-06-12T00:00:00,Lower_Agriculture_Soilwater,0.0,0.0
2024-06-13T00:00:00,Lower_Agriculture_Soilwater,0.0,0.0
2024-06-14T00:00:00,Lower_Agriculture_Soilwater,0.0,0.0
2024-06-15T00:00:00,Lower_Agriculture_Soilwater,0.0,0.0
2024-06-16T00:00:00,Lower_Agriculture_Soilwater,0.0,0.0
2024-06-17T00:00:00,Lower_Agriculture_Soilwater,0.0,0.0
2024-06-18T00:00:00,Lower_Agriculture_Soilwater,0.0,0.0
2024-06-19T00:00:00,Lower_Agriculture_Soilwater,0.0,0.0
2024-06-20T00:00:00,Lower_Agriculture_Soilwater,0.0,0.0
2024-06-21T00:00:00,Lower_Agriculture_Soilwater,0.0,0.0
2024-06-22T00:00:00,Lower_Agriculture_Soilwater,0.0,0.0
2024-06-23T00:00:00,Lower_Agriculture_Soilwater,0.0,0.0
2024-06-24T00:00:00,Lower_Agriculture_Soilwater,0.0,0.0
2024-06-25T00:00:00,Lower_Agriculture_Soilwater,0.0,0.0
2024-06-26T00:00:00,Lower_Agriculture_Soilwater,0.0,0.0
2024-06-27T00:00:00,Lower_Agriculture_Soilwater,0.0,0.0
2024-06-28T00:00:00,Lower_Agriculture_Soilwater,0.0,0.0
2024-06-29T00:00:00,Lower_Agriculture_Soilwater,0.0,0.0
2024-06-30T00:00:00,Lower_Agriculture_Soilwater,0.0,0.0
2024-07-01T00:00:00,Lower_Agriculture_Soilwater,0.0,0.0
2024-07-02T00:00:00,Lower_Agriculture_Soilwater,0.0,0.0
2024-07-03T00:00:00,Lower_Agriculture_Soilwater,0.0,0.0
2024-07-04T00:00:00,Lower_Agriculture_Soilwater,0.0,0.0
2024-07-05T00:00:00,Lower_Agriculture_Soilwater,0.0,0.0
2024-07-06T00:00:00,Lower_Agriculture_Soilwater,0.0,0.0
2024-07-07T00:00:00,Lower_Agriculture_Soilwater,0.0,0.0
2024-07-08T00:00:00,Lower_Agriculture_Soilwater,0.0,0.0
2024-07-09T00:00:00,Lower_Agriculture_Soilwater,0.0,0.0
2024-07-10T00:00:00,Lower_Agriculture_Soilwater,0.0,0.0
2024-07-11T00:00:00,Lower_Agriculture_Soilwater,0.0,0.0
2024-07-12T00:00:00,Lower_Agriculture_Soilwater,0.0,0.0
2024-07-13T00:00:00,Lower_Agriculture_Soilwater,0.0,0.0
2024-07-14T00:00:00,Lower_Agriculture_Soilwater,0.0,0.0
2024-07-15T00:00:00,Lower_Agriculture_Soilwater,0.0,0.0
2024-07-16T00:00:00,Lower_Agriculture_Soilwater,0.0,0.0
2024-07-17T00:00:00,Lower_Agriculture_Soilwater,0.039684777540787766,0.019842388770393883
2024-07-18T00:00:00,Lower_Agriculture_Soilwater,0.04984297605557231,0.024921488027786154
2024-07-19T00:00:00,Lower_Agriculture_Soilwater,0.2405385705396327,0.12026928526981635
2024-07-20T00:00:00,Lower_Agriculture_Soilwater,0.27953234418220635,0.13976617209110317
2024-07-21T00:00:00,Lower_Agriculture_Soilwater,0.22939498666282818,0.11469749333141409
2024-07-22T00:00:00,Lower_Agriculture_Soilwater,0.14916478029616087,0.07458239014808044
2024-07-23T00:00:00,Lower_Agriculture_Soilwater,0.1413747330330807,0.07068736651654035
2024-07-24T00:00:00,Lower_Agriculture_Soilwater,0.06999673665195019,0.034998368325975096
2024-07-25T00:00:00,Lower_Agriculture_Soilwater,0.0,0.0
2024-07-26T00:00:00,Lower_Agriculture_Soilwater,0.0,0.0
2024-07-27T00:00:00,Lower_Agriculture_Soilwater,0.0,0.0
2024-07-28T00:00:00,Lower_Agriculture_Soilwater,0.0,0.0
2024-07-29T00:00:00,Lower_Agriculture_Soilwater,0.0,0.0
2024-07-30T00:00:00,Lower_Agriculture_Soilwater,0.0,0.0
2024-07-31T00:00:00,Lower_Agriculture_Soilwater,0.0,0.0
2024-08-01T00:00:00,Lower_Agriculture_Soilwater,0.0,0.0
2024-08-02T00:00:00,Lower_Agriculture_Soilwater,0.0,0.0
2024-08-03T00:00:00,Lower_Agriculture_Soilwater,0.0,0.0
2024-08-04T00:00:00,Lower_Agriculture_Soilwater,0.0,0.0
2024-08-05T00:00:00,Lower_Agriculture_Soilwater,0.0,0.0
2024-08-06T00:00:00,Lower_Agriculture_Soilwater,0.0,0.0
2024-08-07T00:00:00,Lower_Agriculture_Soilwater,0.0,0.0
2024-08-08T00:00:00,Lower_Agriculture_Soilwater,0.0,0.0
2024-08-09T00:00:00,Lower_Agriculture_Soilwater,0.0,0.0
2024-08-10T00:00:00,Lower_Agriculture_Soilwater,0.0,0.0
2024-08-11T00:00:00,Lower_Agriculture_Soilwater,0.0,0.0
2024-08-12T00:00:00,Lower_Agriculture_Soilwater,0.0,0.0
2024-08-13T00:00:00,Lower_Agriculture_Soilwater,0.0,0.0
2024-08-14T00:00:00,Lower_Agriculture_Soilwater,0.0,0.0
2024-08-15T00:00:00,Lower_Agriculture_Soilwater,0.0,0.0
2024-08-16T00:00:00,Lower_Agriculture_Soilwater,0.0,0.0
2024-08-17T00:00:00,Lower_Agriculture_Soilwater,0.0,0.0
2024-08-18T00:00:00,Lower_Agriculture_Soilwater,0.0,0.0
2024-08-19T00:00:00,Lower_Agriculture_Soilwater,0.0,0.0
2024-08-20T00:00:00,Lower_Agriculture_Soilwater,0.0,0.0
2024-08-21T00:00:00,Lower_Agriculture_Soilwater,0.0,0.0
2024-08-22T00:00:00,Lower_Agriculture_Soilwater,0.0,0.0
2024-08-23T00:00:00,Lower_Agriculture_Soilwater,0.0,0.0
2024-08-24T00:00:00,Lower_Agriculture_Soilwater,0.0,0.0
2024-08-25T00:00:00,Lower_Agriculture_Soilwater,0.0,0.0
2024-08-26T00:00:00,Lower_Agriculture_Soilwater,0.0,0.0
2024-08-27T00:00:00,Lower_Agriculture_Soilwater,0.0,0.0
2024-08-28T00:00:00,Lower_Agriculture_Soilwater,0.0,0.0
2024-08-29T00:00:00,Lower_Agriculture_Soilwater,0.0,0.0
2024-08-30T00:00:00,Lower_Agriculture_Soilwater,0.0,0.0
2024-08-31T00:00:00,Lower_Agriculture_Soilwater,0.0,0.0
2024-09-01T00:00:00,Lower_Agriculture_Soilwater,0.0,0.0
2024-09-02T00:00:00,Lower_Agriculture_Soilwater,0.0,0.0
2024-09-03T00:00:00,Lower_Agriculture_Soilwater,0.0,0.0
2024-09-04T00:00:00,Lower_Agriculture_Soilwater,0.0,0.0
2024-09-05T00:00:00,Lower_Agriculture_Soilwater,0.0,0.0
2024-09-06T00:00:00,Lower_Agriculture_Soilwater,0.0,0.0
2024-09-07T00:00:00,Lower_Agriculture_Soilwater,0.0,0.0
2024-09-08T00:00:00,Lower_Agriculture_Soilwater,0.0,0.0
2024-09-09T00:00:00,Lower_Agriculture_Soilwater,0.0,0.0
2024-09-10T00:00:00,Lower_Agriculture_Soilwater,0.0,0.0
2024-09-11T00:00:00,Lower_Agriculture_Soilwater,0.0,0.0
2024-09-12T00:00:00,Lower_Agriculture_Soilwater,0.0,0.0
2024-09-13T00:00:00,Lower_Agriculture_Soilwater,0.0,0.0
2024-09-14T00:00:00,Lower_Agriculture_Soilwater,0.0,0.0
2024-09-15T00:00:00,Lower_Agriculture_Soilwater,0.0,0.0
2024-09-16T00:00:00,Lower_Agriculture_Soilwater,0.0,0.0
2024-09-17T00:00:00,Lower_Agriculture_Soilwater,0.0,0.0
2024-09-18T00:00:00,Lower_Agriculture_Soilwater,0.0,0.0
2024-09-19T00:00:00,Lower_Agriculture_Soilwater,0.0,0.0
2024-09-20T00:00:00,Lower_Agriculture_Soilwater,0.0,0.0
2024-09-21T00:00:00,Lower_Agriculture_Soilwater,0.0,0.0
2024-09-22T00:00:00,Lower_Agriculture_Soilwater,0.0,0.0
2024-09-23T00:00:00,Lower_Agriculture_Soilwater,0.0,0.0
2024-09-24T00:00:00,Lower_Agriculture_Soilwater,0.0,0.0
2024-09-25T00:00:00,Lower_Agriculture_Soilwater,0.0,0.0
2024-09-26T00:00:00,Lower_Agriculture_Soilwater,0.0,0.0
2024-09-27T00:00:00,Lower_Agriculture_Soilwater,0.0,0.0
2024-09-28T00:00:00,Lower_Agriculture_Soilwater,0.0,0.0
2024-09-29T00:00:00,Lower_Agriculture_Soilwater,0.0,0.0
2024-09-30T00:00:00,Lower_Agriculture_Soilwater,0.0,0.0
2024-10-01T00:00:00,Lower_Agriculture_Soilwater,0.0,0.0
2024-10-02T00:00:00,Lower_Agriculture_Soilwater,0.0,0.0
2024-10-03T00:00:00,Lower_Agriculture_Soilwater,0.0,0.0
2024-10-04T00:00:00,Lower_Agriculture_Soilwater,0.0,0.0
2024-10-05T00:00:00,Lower_Agriculture_Soilwater,0.0,0.0
2024-10-06T00:00:00,Lower_Agriculture_Soilwater,0.0,0.0
2024-10-07T00:00:00,Lower_Agriculture_Soilwater,0.0,0.0
2024-10-08T00:00:00,Lower_Agriculture_Soilwater,0.0,0.0
2024-10-09T00:00:00,Lower_Agriculture_Soilwater,0.0,0.0
2024-10-10T00:00:00,Lower_Agriculture_Soilwater,0.0,0.0
2024-10-11T00:00:00,Lower_Agriculture_Soilwater,0.0,0.0
2024-10-12T00:00:00,Lower_Agriculture_Soilwater,0.0,0.0
2024-10-13T00:00:00,Lower_Agriculture_Soilwater,0.0,0.0
2024-10-14T00:00:00,Lower_Agriculture_Soilwater,0.0,0.0
2024-10-15T00:00:00,Lower_Agriculture_Soilwater,0.0,0.0
2024-10-16T00:00:00,Lower_Agriculture_Soilwater,0.0,0.0
2024-10-17T00:00:00,Lower_Agriculture_Soilwater,0.0,0.0
2024-10-18T00:00:00,Lower_Agriculture_Soilwater,0.0,0.0
2024-10-19T00:00:00,Lower_Agriculture_Soilwater,0.0,0.0
2024-10-20T00:00:00,Lower_Agriculture_Soilwater,0.0,0.0
2024-10-21T00:00:00,Lower_Agriculture_Soilwater,0.0,0.0
2024-10-22T00:00:00,Lower_Agriculture_Soilwater,0.0,0.0
2024-10-23T00:00:00,Lower_Agriculture_Soilwater,0.0,0.0
2024-10-24T00:00:00,Lower_Agriculture_Soilwater,0.0,0.0
2024-10-25T00:00:00,Lower_Agriculture_Soilwater,0.0,0.0
2024-10-26T00:00:00,Lower_Agriculture_Soilwater,0.0,0.0
2024-10-27T00:00:00,Lower_Agriculture_Soilwater,0.0,0.0
2024-10-28T00:00:00,Lower_Agriculture_Soilwater,0.0,0.0
2024-10-29T00:00:00,Lower_Agriculture_Soilwater,0.0,0.0
2024-10-30T00:00:00,Lower_Agriculture_Soilwater,0.0,0.0
2024-10-31T00:00:00,Lower_Agriculture_Soilwater,0.0,0.0
2024-11-01T00:00:00,Lower_Agriculture_Soilwater,0.0,0.0
2024-11-02T00:00:00,Lower_Agriculture_Soilwater,0.0,0.0
2024-11-03T00:00:00,Lower_Agriculture_Soilwater,0.0,0.0
2024-11-04T00:00:00,Lower_Agriculture_Soilwater,0.0,0.0
2024-11-05T00:00:00,Lower_Agriculture_Soilwater,0.0,0.0
2024-11-06T00:00:00,Lower_Agriculture_Soilwater,0.0,0.0
2024-11-07T00:00:00,Lower_Agriculture_Soilwater,0.0,0.0
2024-11-08T00:00:00,Lower_Agriculture_Soilwater,0.0,0.0
2024-11-09T00:00:00,Lower_Agriculture_Soilwater,0.0,0.0
2024-11-10T00:00:00,Lower_Agriculture_Soilwater,0.0,0.0
2024-11-11T00:00:00,Lower_Agriculture_Soilwater,0.0,0.0
2024-11-12T00:00:00,Lower_Agriculture_Soilwater,0.0,0.0
2024-11-13T00:00:00,Lower_Agriculture_Soilwater,0.0,0.0
2024-11-14T00:00:00,Lower_Agriculture_Soilwater,0.0,0.0
2024-11-15T00:00:00,Lower_Agriculture_Soilwater,0.0,0.0
2024-11-16T00:00:00,Lower_Agriculture_Soilwater,0.0,0.0
2024-11-17T00:00:00,Lower_Agriculture_Soilwater,0.0,0.0
2024-11-18T00:00:00,Lower_Agriculture_Soilwater,0.0,0.0
2024-11-19T00:00:00,Lower_Agriculture_Soilwater,0.0,0.0
2024-11-20T00:00:00,Lower_Agriculture_Soilwater,0.0,0.0
2024-11-21T00:00:00,Lower_Agriculture_Soilwater,0.0,0.0
2024-11-22T00:00:00,Lower_Agriculture_Soilwater,0.0,0.0
2024-11-23T00:00:00,Lower_Agriculture_Soilwater,0.0,0.0
2024-11-24T00:00:00,Lower_Agriculture_Soilwater,0.0,0.0
2024-11-25T00:00:00,Lower_Agriculture_Soilwater,0.0,0.0
2024-11-26T00:00:00,Lower_Agriculture_Soilwater,0.0,0.0
2024-11-27T00:00:00,Lower_Agriculture_Soilwater,0.0,0.0
2024-11-28T00:00:00,Lower_Agriculture_Soilwater,0.0,0.0
2024-11-29T00:00:00,Lower_Agriculture_Soilwater,0.0,0.0
2024-11-30T00:00:00,Lower_Agriculture_Soilwater,0.0,0.0
2024-12-01T00:00:00,Lower_Agriculture_Soilwater,0.0,0.0
2024-12-02T00:00:00,Lower_Agriculture_Soilwater,0.0,0.0
2024-12-03T00:00:00,Lower_Agriculture_Soilwater,0.0,0.0
2024-12-04T00:00:00,Lower_Agriculture_Soilwater,0.0,0.0
2024-12-05T00:00:00,Lower_Agriculture_Soilwater,0.0,0.0
2024-12-06T00:00:00,Lower_Agriculture_Soilwater,0.0,0.0
2024-12-07T00:00:00,Lower_Agriculture_Soilwater,0.0,0.0
2024-12-08T00:00:00,Lower_Agriculture_Soilwater,0.0,0.0
2024-12-09T00:00:00,Lower_Agriculture_Soilwater,0.0,0.0
2024-12-10T00:00:00,Lower_Agriculture_Soilwater,0.0,0.0
2024-12-11T00:00:00,Lower_Agriculture_Soilwater,0.0,0.0
2024-12-12T00:00:00,Lower_Agriculture_Soilwater,0.0,0.0
2024-12-13T00:00:00,Lower_Agriculture_Soilwater,0.0,0.0
2024-12-14T00:00:00,Lower_Agriculture_Soilwater,0.0,0.0
2024-12-15T00:00:00,Lower_Agriculture_Soilwater,0.0,0.0
2024-12-16T00:00:00,Lower_Agriculture_Soilwater,0.0,0.0
2024-12-17T00:00:00,Lower_Agriculture_Soilwater,0.0,0.0
2024-12-18T00:00:00,Lower_Agriculture_Soilwater,0.0,0.0
2024-12-19T00:00:00,Lower_Agriculture_Soilwater,0.0,0.0
2024-12-20T00:00:00,Lower_Agriculture_Soilwater,0.0,0.0
2024-12-21T00:00:00,Lower_Agriculture_Soilwater,0.0,0.0
2024-12-22T00:00:00,Lower_Agriculture_Soilwater,0.0,0.0
2024-12-23T00:00:00,Lower_Agriculture_Soilwater,0.0,0.0
2024-12-24T00:00:00,Lower_Agriculture_Soilwater,0.0,0.0
2024-12-25T00:00:00,Lower_Agriculture_Soilwater,0.0,0.0
2024-12-26T00:00:00,Lower_Agriculture_Soilwater,0.0,0.0
2024-12-27T00:00:00,Lower_Agriculture_Soilwater,0.0,0.0
2024-12-28T00:00:00,Lower_Agriculture_Soilwater,0.0,0.0
2024-12-29T00:00:00,Lower_Agriculture_Soilwater,0.0,0.0
2024-12-30T00:00:00,Lower_Agriculture_Soilwater,0.0,0.0
2024-12-31T00:00:00,Lower_Agriculture_Soilwater,0.0,0.0
2025-01-01T00:00:00,Lower_Agriculture_Soilwater,0.0,0.0
2025-01-02T00:00:00,Lower_Agriculture_Soilwater,0.0,0.0
2025-01-03T00:00:00,Lower_Agriculture_Soilwater,0.0,0.0
2025-01-04T00:00:00,Lower_Agriculture_Soilwater,0.0,0.0
2025-01-05T00:00:00,Lower_Agriculture_Soilwater,0.0,0.0
2025-01-06T00:00:00,Lower_Agriculture_Soilwater,0.0,0.0
2025-01-07T00:00:00,Lower_Agriculture_Soilwater,0.0,0.0
2025-01-08T00:00:00,Lower_Agriculture_Soilwater,0.0,0.0
2025-01-09T00:00:00,Lower_Agriculture_Soilwater,0.0,0.0
2025-01-10T00:00:00,Lower_Agriculture_Soilwater,0.0,0.0
2025-01-11T00:00:00,Lower_Agriculture_Soilwater,0.0,0.0
2025-01-12T00:00:00,Lower_Agriculture_Soilwater,0.0,0.0
2025-01-13T00:00:00,Lower_Agriculture_Soilwater,0.0,0.0
2025-01-14T00:00:00,Lower_Agriculture_Soilwater,0.0,0.0
2025-01-15T00:00:00,Lower_Agriculture_Soilwater,0.0,0.0
2025-01-16T00:00:00,Lower_Agriculture_Soilwater,0.0,0.0
2025-01-17T00:00:00,Lower_Agriculture_Soilwater,0.0,0.0
2025-01-18T00:00:00,Lower_Agriculture_Soilwater,0.0,0.0
2025-01-19T00:00:00,Lower_Agriculture_Soilwater,0.0,0.0
2025-01-20T00:00:00,Lower_Agriculture_Soilwater,0.0,0.0
2025-01-21T00:00:00,Lower_Agriculture_Soilwater,0.0,0.0
2025-01-22T00:00:00,Lower_Agriculture_Soilwater,0.0,0.0
2025-01-23T00:00:00,Lower_Agriculture_Soilwater,0.0,0.0
2025-01-24T00:00:00,Lower_Agriculture_Soilwater,0.0,0.0
2025-01-25T00:00:00,Lower_Agriculture_Soilwater,0.0,0.0
2025-01-26T00:00:00,Lower_Agriculture_Soilwater,0.0,0.0
2025-01-27T00:00:00,Lower_Agriculture_Soilwater,0.0,0.0
2025-01-28T00:00:00,Lower_Agriculture_Soilwater,0.0,0.0
2025-01-29T00:00:00,Lower_Agriculture_Soilwater,0.0,0.0
2025-01-30T00:00:00,Lower_Agriculture_Soilwater,0.0,0.0
2025-01-31T00:00:00,Lower_Agriculture_Soilwater,0.0,0.0
2025-02-01T00:00:00,Lower_Agriculture_Soilwater,0.0,0.0
2025-02-02T00:00:00,Lower_Agriculture_Soilwater,0.0,0.0
2025-02-03T00:00:00,Lower_Agriculture_Soilwater,0.0,0.0
2025-02-04T00:00:00,Lower_Agriculture_Soilwater,0.0,0.0
2025-02-05T00:00:00,Lower_Agriculture_Soilwater,0.0,0.0
2025-02-06T00:00:00,Lower_Agriculture_Soilwater,0.0,0.0
2025-02-07T00:00:00,Lower_Agriculture_Soilwater,0.0,0.0
2025-02-08T00:00:00,Lower_Agriculture_Soilwater,0.0,0.0
2025-02-09T00:00:00,Lower_Agriculture_Soilwater,0.0,0.0
2025-02-10T00:00:00,Lower_Agriculture_Soilwater,0.0,0.0
2025-02-11T00:00:00,Lower_Agriculture_Soilwater,0.0,0.0
2025-02-12T00:00:00,Lower_Agriculture_Soilwater,0.0,0.0
2025-02-13T00:00:00,Lower_Agriculture_Soilwater,0.0,0.0
2025-02-14T00:00:00,Lower_Agriculture_Soilwater,0.0,0.0
2025-02-15T00:00:00,Lower_Agriculture_Soilwater,0.0,0.0
2025-02-16T00:00:00,Lower_Agriculture_Soilwater,0.0,0.0
2025-02-17T00:00:00,Lower_Agriculture_Soilwater,0.0,0.0
2025-02-18T00:00:00,Lower_Agriculture_Soilwater,0.0,0.0
2025-02-19T00:00:00,Lower_Agriculture_Soilwater,0.0,0.0
2025-02-20T00:00:00,Lower_Agriculture_Soilwater,0.0,0.0
2025-02-21T00:00:00,Lower_Agriculture_Soilwater,0.0,0.0
2025-02-22T00:00:00,Lower_Agriculture_Soilwater,0.0,0.0
2025-02-23T00:00:00,Lower_Agriculture_Soilwater,0.0,0.0
2025-02-24T00:00:00,Lower_Agriculture_Soilwater,0.0,0.0
2025-02-25T00:00:00,Lower_Agriculture_Soilwater,0.0,0.0
2025-02-26T00:00:00,Lower_Agriculture_Soilwater,0.0,0.0
2025-02-27T00:00:00,Lower_Agriculture_Soilwater,0.0,0.0
2025-02-28T00:00:00,Lower_Agriculture_Soilwater,0.0,0.0
2025-03-01T00:00:00,Lower_Agriculture_Soilwater,0.0,0.0
2025-03-02T00:00:00,Lower_Agriculture_Soilwater,0.0,0.0
2025-03-03T00:00:00,Lower_Agriculture_Soilwater,0.0,0.0
2025-03-04T00:00:00,Lower_Agriculture_Soilwater,0.0,0.0
2025-03-05T00:00:00,Lower_Agriculture_Soilwater,0.0,0.0
2025-03-06T00:00:00,Lower_Agriculture_Soilwater,0.0,0.0
2025-03-07T00:00:00,Lower_Agriculture_Soilwater,0.0,0.0
2025-03-08T00:00:00,Lower_Agriculture_Soilwater,0.0,0.0
2025-03-09T00:00:00,Lower_Agriculture_Soilwater,0.0,0.0
2025-03-10T00:00:00,Lower_Agriculture_Soilwater,0.0,0.0
2025-03-11T00:00:00,Lower_Agriculture_Soilwater,0.0,0.0
2025-03-12T00:00:00,Lower_Agriculture_Soilwater,0.0,0.0
2025-03-13T00:00:00,Lower_Agriculture_Soilwater,0.0,0.0
2025-03-14T00:00:00,Lower_Agriculture_Soilwater,0.0,0.0
2025-03-15T00:00:00,Lower_Agriculture_Soilwater,0.0,0.0
2025-03-16T00:00:00,Lower_Agriculture_Soilwater,0.0,0.0
2025-03-17T00:00:00,Lower_Agriculture_Soilwater,0.0,0.0
2025-03-18T00:00:00,Lower_Agriculture_Soilwater,0.0,0.0
2025-03-19T00:00:00,Lower_Agriculture_Soilwater,0.0,0.0
2025-03-20T00:00:00,Lower_Agriculture_Soilwater,0.0,0.0
2025-03-21T00:00:00,Lower_Agriculture_Soilwater,0.0,0.0
2025-03-22T00:00:00,Lower_Agriculture_Soilwater,0.0,0.0
2025-03-23T00:00:00,Lower_Agriculture_Soilwater,0.0,0.0
2025-03-24T00:00:00,Lower_Agriculture_Soilwater,0.0,0.0
2025-03-25T00:00:00,Lower_Agriculture_Soilwater,0.0,0.0
2025-03-26T00:00:00,Lower_Agriculture_Soilwater,0.0,0.0
2025-03-27T00:00:00,Lower_Agriculture_Soilwater,0.0,0.0
2025-03-28T00:00:00,Lower_Agriculture_Soilwater,0.0,0.0
2025-03-29T00:00:00,Lower_Agriculture_Soilwater,0.0,0.0
2025-03-30T00:00:00,Lower_Agriculture_Soilwater,0.0,0.0
2025-03-31T00:00:00,Lower_Agriculture_Soilwater,0.0,0.0
2025-04-01T00:00:00,Lower_Agriculture_Soilwater,0.0,0.0
2025-04-02T00:00:00,Lower_Agriculture_Soilwater,0.0,0.0
2025-04-03T00:00:00,Lower_Agriculture_Soilwater,0.0,0.0
2025-04-04T00:00:00,Lower_Agriculture_Soilwater,0.0,0.0
2025-04-05T00:00:00,Lower_Agriculture_Soilwater,0.0,0.0
2025-04-06T00:00:00,Lower_Agriculture_Soilwater,0.0,0.0
2025-04-07T00:00:00,Lower_Agriculture_Soilwater,0.0,0.0
2025-04-08T00:00:00,Lower_Agriculture_Soilwater,0.0,0.0
2025-04-09T00:00:00,Lower_Agriculture_Soilwater,0.0,0.0
2025-04-10T00:00:00,Lower_Agriculture_Soilwater,0.0,0.0
2025-04-11T00:00:00,Lower_Agriculture_Soilwater,0.0,0.0
2025-04-12T00:00:00,Lower_Agriculture_Soilwater,0.0,0.0
2025-04-13T00:00:00,Lower_Agriculture_Soilwater,0.0,0.0
2025-04-14T00:00:00,Lower_Agriculture_Soilwater,0.0,0.0
2025-04-15T00:00:00,Lower_Agriculture_Soilwater,0.0,0.0
2025-04-16T00:00:00,Lower_Agriculture_Soilwater,0.0,0.0
2025-04-17T00:00:00,Lower_Agriculture_Soilwater,0.0,0.0
2025-04-18T00:00:00,Lower_Agriculture_Soilwater,0.0,0.0
2025-04-19T00:00:00,Lower_Agriculture_Soilwater,0.0,0.0
2025-04-20T00:00:00,Lower_Agriculture_Soilwater,0.0,0.0
2025-04-21T00:00:00,Lower_Agriculture_Soilwater,0.0,0.0
2025-04-22T00:00:00,Lower_Agriculture_Soilwater,0.0,0.0
2025-04-23T00:00:00,Lower_Agriculture_Soilwater,0.0,0.0
2025-04-24T00:00:00,Lower_Agriculture_Soilwater,0.0,0.0
2025-04-25T00:00:00,Lower_Agriculture_Soilwater,0.0,0.0
2025-04-26T00:00:00,Lower_Agriculture_Soilwater,0.0,0.0
2025-04-27T00:00:00,Lower_Agriculture_Soilwater,0.0,0.0
2025-04-28T00:00:00,Lower_Agriculture_Soilwater,0.0,0.0
2025-04-29T00:00:00,Lower_Agriculture_Soilwater,0.0,0.0
2025-04-30T00:00:00,Lower_Agriculture_Soilwater,0.0,0.0
2025-05-01T00:00:00,Lower_Agriculture_Soilwater,0.0,0.0
2025-05-02T00:00:00,Lower_Agriculture_Soilwater,0.0,0.0
2025-05-03T00:00:00,Lower_Agriculture_Soilwater,0.0,0.0
2025-05-04T00:00:00,Lower_Agriculture_Soilwater,0.0,0.0
2025-05-05T00:00:00,Lower_Agriculture_Soilwater,0.0,0.0
2025-05-06T00:00:00,Lower_Agriculture_Soilwater,0.0,0.0
2025-05-07T00:00:00,Lower_Agriculture_Soilwater,0.0,0.0
2025-05-08T00:00:00,Lower_Agriculture_Soilwater,0.0,0.0
2025-05-09T00:00:00,Lower_Agriculture_Soilwater,0.0,0.0
2025-05-10T00:00:00,Lower_Agriculture_Soilwater,0.0,0.0
2025-05-11T00:00:00,Lower_Agriculture_Soilwater,0.0,0.0
2025-05-12T00:00:00,Lower_Agriculture_Soilwater,0.0,0.0
2025-05-13T00:00:00,Lower_Agriculture_Soilwater,0.0,0.0
2025-05-14T00:00:00,Lower_Agriculture_Soilwater,0.0,0.0
2025-05-15T00:00:00,Lower_Agriculture_Soilwater,0.0,0.0
2025-05-16T00:00:00,Lower_Agriculture_Soilwater,0.0,0.0
2025-05-17T00:00:00,Lower_Agriculture_Soilwater,0.0,0.0
2025-05-18T00:00:00,Lower_Agriculture_Soilwater,0.0,0.0
2025-05-19T00:00:00,Lower_Agriculture_Soilwater,0.0,0.0
2025-05-20T00:00:00,Lower_Agriculture_Soilwater,0.0,0.0
2025-05-21T00:00:00,Lower_Agriculture_Soilwater,0.0,0.0
2025-05-22T00:00:00,Lower_Agriculture_Soilwater,0.0,0.0
2025-05-23T00:00:00,Lower_Agriculture_Soilwater,0.0,0.0
2025-05-24T00:00:00,Lower_Agriculture_Soilwater,0.0,0.0
2025-05-25T00:00:00,Lower_Agriculture_Soilwater,0.0,0.0
2025-05-26T00:00:00,Lower_Agriculture_Soilwater,0.0,0.0
2025-05-27T00:00:00,Lower_Agriculture_Soilwater,0.0,0.0
2025-05-28T00:00:00,Lower_Agriculture_Soilwater,0.0,0.0
2025-05-29T00:00:00,Lower_Agriculture_Soilwater,0.0,0.0
2025-05-30T00:00:00,Lower_Agriculture_Soilwater,0.0,0.0
2025-05-31T00:00:00,Lower_Agriculture_Soilwater,0.0,0.0
2025-06-01T00:00:00,Lower_Agriculture_Soilwater,0.0,0.0
2025-06-02T00:00:00,Lower_Agriculture_Soilwater,0.0,0.0
2025-06-03T00:00:00,Lower_Agriculture_Soilwater,0.0,0.0
2025-06-04T00:00:00,Lower_Agriculture_Soilwater,0.0,0.0
2025-06-05T00:00:00,Lower_Agriculture_Soilwater,0.0,0.0
2025-06-06T00:00:00,Lower_Agriculture_Soilwater,0.0,0.0
2025-06-07T00:00:00,Lower_Agriculture_Soilwater,0.0,0.0
2025-06-08T00:00:00,Lower_Agriculture_Soilwater,0.0,0.0
2025-06-09T00:00:00,Lower_Agriculture_Soilwater,0.0,0.0
2025-06-10T00:00:00,Lower_Agriculture_Soilwater,0.0,0.0
2025-06-11T00:00:00,Lower_Agriculture_Soilwater,0.0,0.0
2025-06-12T00:00:00,Lower_Agriculture_Soilwater,0.0,0.0
2025-06-13T00:00:00,Lower_Agriculture_Soilwater,0.0,0.0
2025-06-14T00:00:00,Lower_Agriculture_Soilwater,0.0,0.0
2025-06-15T00:00:00,Lower_Agriculture_Soilwater,0.0,0.0
2025-06-16T00:00:00,Lower_Agriculture_Soilwater,0.0,0.0
2025-06-17T00:00:00,Lower_Agriculture_Soilwater,0.0,0.0
2025-06-18T00:00:00,Lower_Agriculture_Soilwater,0.0,0.0
2025-06-19T00:00:00,Lower_Agriculture_Soilwater,0.0,0.0
2025-06-20T00:00:00,Lower_Agriculture_Soilwater,0.0,0.0
2025-06-21T00:00:00,Lower_Agriculture_Soilwater,0.0,0.0
2025-06-22T00:00:00,Lower_Agriculture_Soilwater,0.0,0.0
2025-06-23T00:00:00,Lower_Agriculture_Soilwater,0.0,0.0
2025-06-24T00:00:00,Lower_Agriculture_Soilwater,0.0,0.0
2025-06-25T00:00:00,Lower_Agriculture_Soilwater,0.0,0.0
2025-06-26T00:00:00,Lower_Agriculture_Soilwater,0.0,0.0
2025-06-27T00:00:00,Lower_Agriculture_Soilwater,0.0,0.0
2025-06-28T00:00:00,Lower_Agriculture_Soilwater,0.0,0.0
2025-06-29T00:00:00,Lower_Agriculture_Soilwater,0.0,0.0
2025-06-30T00:00:00,Lower_Agriculture_Soilwater,0.0,0.0
2025-07-01T00:00:00,Lower_Agriculture_Soilwater,0.0,0.0
2025-07-02T00:00:00,Lower_Agriculture_Soilwater,0.0,0.0
2025-07-03T00:00:00,Lower_Agriculture_Soilwater,0.0,0.0
2025-07-04T00:00:00,Lower_Agriculture_Soilwater,0.0,0.0
2025-07-05T00:00:00,Lower_Agriculture_Soilwater,0.0,0.0
2025-07-06T00:00:00,Lower_Agriculture_Soilwater,0.0,0.0
2025-07-07T00:00:00,Lower_Agriculture_Soilwater,0.0,0.0
2025-07-08T00:00:00,Lower_Agriculture_Soilwater,0.0,0.0
2025-07-09T00:00:00,Lower_Agriculture_Soilwater,0.0,0.0
2025-07-10T00:00:00,Lower_Agriculture_Soilwater,0.0,0.0
2025-07-11T00:00:00,Lower_Agriculture_Soilwater,0.0,0.0
2025-07-12T00:00:00,Lower_Agriculture_Soilwater,0.0,0.0
2025-07-13T00:00:00,Lower_Agriculture_Soilwater,0.0,0.0
2025-07-14T00:00:00,Lower_Agriculture_Soilwater,0.0,0.0
2025-07-15T00:00:00,Lower_Agriculture_Soilwater,0.0,0.0
2025-07-16T00:00:00,Lower_Agriculture_Soilwater,0.0,0.0
2025-07-17T00:00:00,Lower_Agriculture_Soilwater,0.0,0.0
2025-07-18T00:00:00,Lower_Agriculture_Soilwater,0.0,0.0
2025-07-19T00:00:00,Lower_Agriculture_Soilwater,0.0,0.0
2025-07-20T00:00:00,Lower_Agriculture_Soilwater,0.0,0.0
2025-07-21T00:00:00,Lower_Agriculture_Soilwater,0.0,0.0
2025-07-22T00:00:00,Lower_Agriculture_Soilwater,0.0,0.0
2025-07-23T00:00:00,Lower_Agriculture_Soilwater,0.0,0.0
2025-07-24T00:00:00,Lower_Agriculture_Soilwater,0.0,0.0
2025-07-25T00:00:00,Lower_Agriculture_Soilwater,0.0,0.0
2025-07-26T00:00:00,Lower_Agriculture_Soilwater,0.0,0.0
2025-07-27T00:00:00,Lower_Agriculture_Soilwater,0.0,0.0
2025-07-28T00:00:00,Lower_Agriculture_Soilwater,0.0,0.0
2025-07-29T00:00:00,Lower_Agriculture_Soilwater,0.0,0.0
2025-07-30T00:00:00,Lower_Agriculture_Soilwater,0.0,0.0
2025-07-31T00:00:00,Lower_Agriculture_Soilwater,0.0,0.0
2025-08-01T00:00:00,Lower_Agriculture_Soilwater,0.0,0.0
2025-08-02T00:00:00,Lower_Agriculture_Soilwater,0.0,0.0
2025-08-03T00:00:00,Lower_Agriculture_Soilwater,0.0,0.0
2025-08-04T00:00:00,Lower_Agriculture_Soilwater,0.0,0.0
2025-08-05T00:00:00,Lower_Agriculture_Soilwater,0.0,0.0
2025-08-06T00:00:00,Lower_Agriculture_Soilwater,0.0,0.0
2025-08-07T00:00:00,Lower_Agriculture_Soilwater,0.0,0.0
2025-08-08T00:00:00,Lower_Agriculture_Soilwater,0.0,0.0
2025-08-09T00:00:00,Lower_Agriculture_Soilwater,0.0,0.0
2025-08-10T00:00:00,Lower_Agriculture_Soilwater,0.0,0.0
2025-08-11T00:00:00,Lower_Agriculture_Soilwater,0.0,0.0
2025-08-12T00:00:00,Lower_Agriculture_Soilwater,0.0,0.0
2025-08-13T00:00:00,Lower_Agriculture_Soilwater,0.0,0.0
2025-08-14T00:00:00,Lower_Agriculture_Soilwater,0.0,0.0
2025-08-15T00:00:00,Lower_Agriculture_Soilwater,0.0,0.0
2025-08-16T00:00:00,Lower_Agriculture_Soilwater,0.0,0.0
2025-08-17T00:00:00,Lower_Agriculture_Soilwater,0.0,0.0
2025-08-18T00:00:00,Lower_Agriculture_Soilwater,0.0,0.0
2025-08-19T00:00:00,Lower_Agriculture_Soilwater,0.0,0.0
2025-08-20T00:00:00,Lower_Agriculture_Soilwater,0.0,0.0
2025-08-21T00:00:00,Lower_Agriculture_Soilwater,0.0,0.0
2025-08-22T00:00:00,Lower_Agriculture_Soilwater,0.0,0.0
2025-08-23T00:00:00,Lower_Agriculture_Soilwater,0.0,0.0
2025-08-24T00:00:00,Lower_Agriculture_Soilwater,0.0,0.0
2025-08-25T00:00:00,Lower_Agriculture_Soilwater,0.0,0.0
2025-08-26T00:00:00,Lower_Agriculture_Soilwater,0.0,0.0
2025-08-27T00:00:00,Lower_Agriculture_Soilwater,0.0,0.0
2025-08-28T00:00:00,Lower_Agriculture_Soilwater,0.0,0.0
2025-08-29T00:00:00,Lower_Agriculture_Soilwater,0.0,0.0
2025-08-30T00:00:00,Lower_Agriculture_Soilwater,0.0,0.0
2025-08-31T00:00:00,Lower_Agriculture_Soilwater,0.0,0.0
2025-09-01T00:00:00,Lower_Agriculture_Soilwater,0.0,0.0
2025-09-02T00:00:00,Lower_Agriculture_Soilwater,0.0,0.0
2025-09-03T00:00:00,Lower_Agriculture_Soilwater,0.0,0.0
2025-09-04T00:00:00,Lower_Agriculture_Soilwater,0.0,0.0
2025-09-05T00:00:00,Lower_Agriculture_Soilwater,0.0,0.0
2025-09-06T00:00:00,Lower_Agriculture_Soilwater,0.0,0.0
2025-09-07T00:00:00,Lower_Agriculture_Soilwater,0.0,0.0
2025-09-08T00:00:00,Lower_Agriculture_Soilwater,0.0,0.0
2025-09-09T00:00:00,Lower_Agriculture_Soilwater,0.0,0.0
2025-09-10T00:00:00,Lower_Agriculture_Soilwater,0.0,0.0
2025-09-11T00:00:00,Lower_Agriculture_Soilwater,0.0,0.0
2025-09-12T00:00:00,Lower_Agriculture_Soilwater,0.0,0.0
2025-09-13T00:00:00,Lower_Agriculture_Soilwater,0.0,0.0
2025-09-14T00:00:00,Lower_Agriculture_Soilwater,0.0,0.0
2025-09-15T00:00:00,Lower_Agriculture_Soilwater,0.0,0.0
2025-09-16T00:00:00,Lower_Agriculture_Soilwater,0.0,0.0
2025-09-17T00:00:00,Lower_Agriculture_Soilwater,0.0,0.0
2025-09-18T00:00:00,Lower_Agriculture_Soilwater,0.0,0.0
2025-09-19T00:00:00,Lower_Agriculture_Soilwater,0.0,0.0
2025-09-20T00:00:00,Lower_Agriculture_Soilwater,0.0,0.0
2025-09-21T00:00:00,Lower_Agriculture_Soilwater,0.0,0.0
2025-09-22T00:00:00,Lower_Agriculture_Soilwater,0.0,0.0
2025-09-23T00:00:00,Lower_Agriculture_Soilwater,0.0,0.0
2025-09-24T00:00:00,Lower_Agriculture_Soilwater,0.0,0.0
2025-09-25T00:00:00,Lower_Agriculture_Soilwater,0.0,0.0
2025-09-26T00:00:00,Lower_Agriculture_Soilwater,0.0,0.0
2025-09-27T00:00:00,Lower_Agriculture_Soilwater,0.0,0.0
2025-09-28T00:00:00,Lower_Agriculture_Soilwater,0.0,0.0
2025-09-29T00:00:00,Lower_Agriculture_Soilwater,0.0,0.0
2025-09-30T00:00:00,Lower_Agriculture_Soilwater,0.0,0.0
2025-10-01T00:00:00,Lower_Agriculture_Soilwater,0.0,0.0
2025-10-02T00:00:00,Lower_Agriculture_Soilwater,0.0,0.0
2025-10-03T00:00:00,Lower_Agriculture_Soilwater,0.0,0.0
2025-10-04T00:00:00,Lower_Agriculture_Soilwater,0.0,0.0
2025-10-05T00:00:00,Lower_Agriculture_Soilwater,0.0,0.0
2025-10-06T00:00:00,Lower_Agriculture_Soilwater,0.0,0.0
2025-10-07T00:00:00,Lower_Agriculture_Soilwater,0.0,0.0
2025-10-08T00:00:00,Lower_Agriculture_Soilwater,0.0,0.0
2025-10-09T00:00:00,Lower_Agriculture_Soilwater,0.0,0.0
2025-10-10T00:00:00,Lower_Agriculture_Soilwater,0.0,0.0
2025-10-11T00:00:00,Lower_Agriculture_Soilwater,0.0,0.0
2025-10-12T00:00:00,Lower_Agriculture_Soilwater,0.0,0.0
2025-10-13T00:00:00,Lower_Agriculture_Soilwater,0.0,0.0
2025-10-14T00:00:00,Lower_Agriculture_Soilwater,0.0,0.0
2025-10-15T00:00:00,Lower_Agriculture_Soilwater,0.0,0.0
2025-10-16T00:00:00,Lower_Agriculture_Soilwater,0.0,0.0
2025-10-17T00:00:00,Lower_Agriculture_Soilwater,0.0,0.0
2025-10-18T00:00:00,Lower_Agriculture_Soilwater,0.0,0.0
2025-10-19T00:00:00,Lower_Agriculture_Soilwater,0.0,0.0
2025-10-20T00:00:00,Lower_Agriculture_Soilwater,0.0,0.0
2025-10-21T00:00:00,Lower_Agriculture_Soilwater,0.0,0.0
2025-10-22T00:00:00,Lower_Agriculture_Soilwater,0.0,0.0
2025-10-23T00:00:00,Lower_Agriculture_Soilwater,0.0,0.0
2025-10-24T00:00:00,Lower_Agriculture_Soilwater,0.0,0.0
2025-10-25T00:00:00,Lower_Agriculture_Soilwater,0.0,0.0
2025-10-26T00:00:00,Lower_Agriculture_Soilwater,0.0,0.0
2025-10-27T00:00:00,Lower_Agriculture_Soilwater,0.0,0.0
2025-10-28T00:00:00,Lower_Agriculture_Soilwater,0.0,0.0
2025-10-29T00:00:00,Lower_Agriculture_Soilwater,0.0,0.0
2025-10-30T00:00:00,Lower_Agriculture_Soilwater,0.0,0.0
2025-10-31T00:00:00,Lower_Agriculture_Soilwater,0.0,0.0
2025-11-01T00:00:00,Lower_Agriculture_Soilwater,0.0,0.0
2025-11-02T00:00:00,Lower_Agriculture_Soilwater,0.0,0.0
2025-11-03T00:00:00,Lower_Agriculture_Soilwater,0.0,0.0
2025-11-04T00:00:00,Lower_Agriculture_Soilwater,0.0,0.0
2025-11-05T00:00:00,Lower_Agriculture_Soilwater,0.0,0.0
2025-11-06T00:00:00,Lower_Agriculture_Soilwater,0.0,0.0
2025-11-07T00:00:00,Lower_Agriculture_Soilwater,0.0,0.0
2025-11-08T00:00:00,Lower_Agriculture_Soilwater,0.0,0.0
2025-11-09T00:00:00,Lower_Agriculture_Soilwater,0.0,0.0
2025-11-10T00:00:00,Lower_Agriculture_Soilwater,0.0,0.0
2025-11-11T00:00:00,Lower_Agriculture_Soilwater,0.0,0.0
2025-11-12T00:00:00,Lower_Agriculture_Soilwater,0.0,0.0
2025-11-13T00:00:00,Lower_Agriculture_Soilwater,0.0,0.0
2025-11-14T00:00:00,Lower_Agriculture_Soilwater,0.0,0.0
2025-11-15T00:00:00,Lower_Agriculture_Soilwater,0.0,0.0
2025-11-16T00:00:00,Lower_Agriculture_Soilwater,0.0,0.0
2025-11-17T00:00:00,Lower_Agriculture_Soilwater,0.0,0.0
2025-11-18T00:00:00,Lower_Agriculture_Soilwater,0.0,0.0
2025-11-19T00:00:00,Lower_Agriculture_Soilwater,0.0,0.0
2025-11-20T00:00:00,Lower_Agriculture_Soilwater,0.0,0.0
2025-11-21T00:00:00,Lower_Agriculture_Soilwater,0.0,0.0
2025-11-22T00:00:00,Lower_Agriculture_Soilwater,0.0,0.0
2025-11-23T00:00:00,Lower_Agriculture_Soilwater,0.0,0.0
2025-11-24T00:00:00,Lower_Agriculture_Soilwater,0.0,0.0
2025-11-25T00:00:00,Lower_Agriculture_Soilwater,0.0,0.0
2025-11-26T00:00:00,Lower_Agriculture_Soilwater,0.0,0.0
2025-11-27T00:00:00,Lower_Agriculture_Soilwater,0.0,0.0
2025-11-28T00:00:00,Lower_Agriculture_Soilwater,0.0,0.0
2025-11-29T00:00:00,Lower_Agriculture_Soilwater,0.0,0.0
2025-11-30T00:00:00,Lower_Agriculture_Soilwater,0.0,0.0
2025-12-01T00:00:00,Lower_Agriculture_Soilwater,0.0,0.0
2025-12-02T00:00:00,Lower_Agriculture_Soilwater,0.0,0.0
2025-12-03T00:00:00,Lower_Agriculture_Soilwater,0.0,0.0
2025-12-04T00:00:00,Lower_Agriculture_Soilwater,0.0,0.0
2025-12-05T00:00:00,Lower_Agriculture_Soilwater,0.0,0.0
2025-12-06T00:00:00,Lower_Agriculture_Soilwater,0.0,0.0
2025-12-07T00:00:00,Lower_Agriculture_Soilwater,0.0,0.0
2025-12-08T00:00:00,Lower_Agriculture_Soilwater,0.0,0.0
2025-12-09T00:00:00,Lower_Agriculture_Soilwater,0.0,0.0
2025-12-10T00:00:00,Lower_Agriculture_Soilwater,0.0,0.0
2025-12-11T00:00:00,Lower_Agriculture_Soilwater,0.0,0.0
2025-12-12T00:00:00,Lower_Agriculture_Soilwater,0.0,0.0
2025-12-13T00:00:00,Lower_Agriculture_Soilwater,0.0,0.0
2025-12-14T00:00:00,Lower_Agriculture_Soilwater,0.0,0.0
2025-12-15T00:00:00,Lower_Agriculture_Soilwater,0.0,0.0
2025-12-16T00:00:00,Lower_Agriculture_Soilwater,0.0,0.0
2025-12-17T00:00:00,Lower_Agriculture_Soilwater,0.0,0.0
2025-12-18T00:00:00,Lower_Agriculture_Soilwater,0.0,0.0
2025-12-19T00:00:00,Lower_Agriculture_Soilwater,0.0,0.0
2025-12-20T00:00:00,Lower_Agriculture_Soilwater,0.0,0.0
2025-12-21T00:00:00,Lower_Agriculture_Soilwater,0.0,0.0
2025-12-22T00:00:00,Lower_Agriculture_Soilwater,0.0,0.0
2025-12-23T00:00:00,Lower_Agriculture_Soilwater,0.0,0.0
2025-12-24T00:00:00,Lower_Agriculture_Soilwater,0.0,0.0
2025-12-25T00:00:00,Lower_Agriculture_Soilwater,0.0,0.0
2025-12-26T00:00:00,Lower_Agriculture_Soilwater,0.0,0.0
2025-12-27T00:00:00,Lower_Agriculture_Soilwater,0.0,0.0
2025-12-28T00:00:00,Lower_Agriculture_Soilwater,0.0,0.0
2025-12-29T00:00:00,Lower_Agriculture_Soilwater,0.0,0.0
2025-12-30T00:00:00,Lower_Agriculture_Soilwater,0.0,0.0
2025-12-31T00:00:00,Lower_Agriculture_Soilwater,0.0,0.0
2026-01-01T00:00:00,Lower_Agriculture_Soilwater,0.0,0.0
2026-01-02T00:00:00,Lower_Agriculture_Soilwater,0.0,0.0
2026-01-03T00:00:00,Lower_Agriculture_Soilwater,0.0,0.0
2026-01-04T00:00:00,Lower_Agriculture_Soilwater,0.0,0.0
2026-01-05T00:00:00,Lower_Agriculture_Soilwater,0.0,0.0
2026-01-06T00:00:00,Lower_Agriculture_Soilwater,0.0,0.0
2026-01-07T00:00:00,Lower_Agriculture_Soilwater,0.0,0.0
2026-01-08T00:00:00,Lower_Agriculture_Soilwater,0.0,0.0
2026-01-09T00:00:00,Lower_Agriculture_Soilwater,0.0,0.0
2026-01-10T00:00:00,Lower_Agriculture_Soilwater,0.0,0.0
2026-01-11T00:00:00,Lower_Agriculture_Soilwater,0.0,0.0
2026-01-12T00:00:00,Lower_Agriculture_Soilwater,0.0,0.0
2026-01-13T00:00:00,Lower_Agriculture_Soilwater,0.0,0.0
2026-01-14T00:00:00,Lower_Agriculture_Soilwater,0.0,0.0
2026-01-15T00:00:00,Lower_Agriculture_Soilwater,0.0,0.0
2026-01-16T00:00:00,Lower_Agriculture_Soilwater,0.0,0.0
2026-01-17T00:00:00,Lower_Agriculture_Soilwater,0.0,0.0
2026-01-18T00:00:00,Lower_Agriculture_Soilwater,0.0,0.0
2026-01-19T00:00:00,Lower_Agriculture_Soilwater,0.0,0.0
2026-01-20T00:00:00,Lower_Agriculture_Soilwater,0.0,0.0
2026-01-21T00:00:00,Lower_Agriculture_Soilwater,0.0,0.0
2026-01-22T00:00:00,Lower_Agriculture_Soilwater,0.0,0.0
2026-01-23T00:00:00,Lower_Agriculture_Soilwater,0.0,0.0
2026-01-24T00:00:00,Lower_Agriculture_Soilwater,0.0,0.0
2026-01-25T00:00:00,Lower_Agriculture_Soilwater,0.0,0.0
2026-01-26T00:00:00,Lower_Agriculture_Soilwater,0.0,0.0
2026-01-27T00:00:00,Lower_Agriculture_Soilwater,0.0,0.0
2026-01-28T00:00:00,Lower_Agriculture_Soilwater,0.0,0.0
2026-01-29T00:00:00,Lower_Agriculture_Soilwater,0.0,0.0
2026-01-30T00:00:00,Lower_Agriculture_Soilwater,0.0,0.0
2026-01-31T00:00:00,Lower_Agriculture_Soilwater,0.0,0.0
2026-02-01T00:00:00,Lower_Agriculture_Soilwater,0.0,0.0
2026-02-02T00:00:00,Lower_Agriculture_Soilwater,0.0,0.0
2026-02-03T00:00:00,Lower_Agriculture_Soilwater,0.0,0.0
2026-02-04T00:00:00,Lower_Agriculture_Soilwater,0.0,0.0
2026-02-05T00:00:00,Lower_Agriculture_Soilwater,0.0,0.0
2026-02-06T00:00:00,Lower_Agriculture_Soilwater,0.0,0.0
2026-02-07T00:00:00,Lower_Agriculture_Soilwater,0.0,0.0
2026-02-08T00:00:00,Lower_Agriculture_Soilwater,0.0,0.0
2026-02-09T00:00:00,Lower_Agriculture_Soilwater,0.0,0.0
2026-02-10T00:00:00,Lower_Agriculture_Soilwater,0.0,0.0
2026-02-11T00:00:00,Lower_Agriculture_Soilwater,0.0,0.0
2026-02-12T00:00:00,Lower_Agriculture_Soilwater,0.0,0.0
2026-02-13T00:00:00,Lower_Agriculture_Soilwater,0.0,0.0
2026-02-14T00:00:00,Lower_Agriculture_Soilwater,0.0,0.0
2026-02-15T00:00:00,Lower_Agriculture_Soilwater,0.0,0.0
2026-02-16T00:00:00,Lower_Agriculture_Soilwater,0.0,0.0
2026-02-17T00:00:00,Lower_Agriculture_Soilwater,0.0,0.0
2026-02-18T00:00:00,Lower_Agriculture_Soilwater,0.0,0.0
2026-02-19T00:00:00,Lower_Agriculture_Soilwater,0.0,0.0
2026-02-20T00:00:00,Lower_Agriculture_Soilwater,0.0,0.0
2026-02-21T00:00:00,Lower_Agriculture_Soilwater,0.0,0.0
2026-02-22T00:00:00,Lower_Agriculture_Soilwater,0.0,0.0
2026-02-23T00:00:00,Lower_Agriculture_Soilwater,0.0,0.0
2026-02-24T00:00:00,Lower_Agriculture_Soilwater,0.0,0.0
2026-02-25T00:00:00,Lower_Agriculture_Soilwater,0.0,0.0
2026-02-26T00:00:00,Lower_Agriculture_Soilwater,0.0,0.0
2026-02-27T00:00:00,Lower_Agriculture_Soilwater,0.0,0.0
2026-02-28T00:00:00,Lower_Agriculture_Soilwater,0.0,0.0
2026-03-01T00:00:00,Lower_Agriculture_Soilwater,0.0,0.0
2026-03-02T00:00:00,Lower_Agriculture_Soilwater,0.0,0.0
2026-03-03T00:00:00,Lower_Agriculture_Soilwater,0.0,0.0
2026-03-04T00:00:00,Lower_Agriculture_Soilwater,0.0,0.0
2026-03-05T00:00:00,Lower_Agriculture_Soilwater,0.0,0.0
2026-03-06T00:00:00,Lower_Agriculture_Soilwater,0.0,0.0
2026-03-07T00:00:00,Lower_Agriculture_Soilwater,0.0,0.0
2026-03-08T00:00:00,Lower_Agriculture_Soilwater,0.0,0.0
2026-03-09T00:00:00,Lower_Agriculture_Soilwater,0.0,0.0
2026-03-10T00:00:00,Lower_Agriculture_Soilwater,0.0,0.0
2026-03-11T00:00:00,Lower_Agriculture_Soilwater,0.0,0.0
2026-03-12T00:00:00,Lower_Agriculture_Soilwater,0.0,0.0
2026-03-13T00:00:00,Lower_Agriculture_Soilwater,0.0,0.0
2026-03-14T00:00:00,Lower_Agriculture_Soilwater,0.0,0.0
2026-03-15T00:00:00,Lower_Agriculture_Soilwater,0.0,0.0
2026-03-16T00:00:00,Lower_Agriculture_Soilwater,0.0,0.0
2026-03-17T00:00:00,Lower_Agriculture_Soilwater,0.0,0.0
2026-03-18T00:00:00,Lower_Agriculture_Soilwater,0.0,0.0
2026-03-19T00:00:00,Lower_Agriculture_Soilwater,0.0,0.0
2026-03-20T00:00:00,Lower_Agriculture_Soilwater,0.0,0.0
2026-03-21T00:00:00,Lower_Agriculture_Soilwater,0.0,0.0
2026-03-22T00:00:00,Lower_Agriculture_Soilwater,0.0,0.0
2026-03-23T00:00:00,Lower_Agriculture_Soilwater,0.0,0.0
2026-03-24T00:00:00,Lower_Agriculture_Soilwater,0.0,0.0
2026-03-25T00:00:00,Lower_Agriculture_Soilwater,0.0,0.0
2026-03-26T00:00:00,Lower_Agriculture_Soilwater,0.0,0.0
2026-03-27T00:00:00,Lower_Agriculture_Soilwater,0.0,0.0
2026-03-28T00:00:00,Lower_Agriculture_Soilwater,0.0,0.0
2026-03-29T00:00:00,Lower_Agriculture_Soilwater,0.0,0.0
2026-03-30T00:00:00,Lower_Agriculture_Soilwater,0.0,0.0
2026-03-31T00:00:00,Lower_Agriculture_Soilwater,0.0,0.0
2026-04-01T00:00:00,Lower_Agriculture_Soilwater,0.0,0.0
2026-04-02T00:00:00,Lower_Agriculture_Soilwater,0.0,0.0
2026-04-03T00:00:00,Lower_Agriculture_Soilwater,0.0,0.0
2026-04-04T00:00:00,Lower_Agriculture_Soilwater,0.0,0.0
2026-04-05T00:00:00,Lower_Agriculture_Soilwater,0.0,0.0
2026-04-06T00:00:00,Lower_Agriculture_Soilwater,0.0,0.0
2026-04-07T00:00:00,Lower_Agriculture_Soilwater,0.0,0.0
2026-04-08T00:00:00,Lower_Agriculture_Soilwater,0.0,0.0
2026-04-09T00:00:00,Lower_Agriculture_Soilwater,0.0,0.0
2026-04-10T00:00:00,Lower_Agriculture_Soilwater,0.0,0.0
2026-04-11T00:00:00,Lower_Agriculture_Soilwater,0.0,0.0
2026-04-12T00:00:00,Lower_Agriculture_Soilwater,0.0,0.0
2026-04-13T00:00:00,Lower_Agriculture_Soilwater,0.0,0.0
2026-04-14T00:00:00,Lower_Agriculture_Soilwater,0.0,0.0
2026-04-15T00:00:00,Lower_Agriculture_Soilwater,0.0,0.0
2026-04-16T00:00:00,Lower_Agriculture_Soilwater,0.0,0.0
2026-04-17T00:00:00,Lower_Agriculture_Soilwater,0.0,0.0
2026-04-18T00:00:00,Lower_Agriculture_Soilwater,0.0,0.0
2026-04-19T00:00:00,Lower_Agriculture_Soilwater,0.0,0.0
2026-04-20T00:00:00,Lower_Agriculture_Soilwater,0.0,0.0
2026-04-21T00:00:00,Lower_Agriculture_Soilwater,0.0,0.0
2026-04-22T00:00:00,Lower_Agriculture_Soilwater,0.0,0.0
2026-04-23T00:00:00,Lower_Agriculture_Soilwater,0.0,0.0
2026-04-24T00:00:00,Lower_Agriculture_Soilwater,0.0,0.0
2026-04-25T00:00:00,Lower_Agriculture_Soilwater,0.0,0.0
2026-04-26T00:00:00,Lower_Agriculture_Soilwater,0.0,0.0
2026-04-27T00:00:00,Lower_Agriculture_Soilwater,0.0,0.0
2026-04-28T00:00:00,Lower_Agriculture_Soilwater,0.0,0.0
2026-04-29T00:00:00,Lower_Agriculture_Soilwater,0.0,0.0
2026-04-30T00:00:00,Lower_Agriculture_Soilwater,0.0,0.0
2026-05-01T00:00:00,Lower_Agriculture_Soilwater,0.0,0.0
2026-05-02T00:00:00,Lower_Agriculture_Soilwater,0.0,0.0
2026-05-03T00:00:00,Lower_Agriculture_Soilwater,0.0,0.0
2026-05-04T00:00:00,Lower_Agriculture_Soilwater,0.0,0.0
2026-05-05T00:00:00,Lower_Agriculture_Soilwater,0.0,0.0
2026-05-06T00:00:00,Lower_Agriculture_Soilwater,0.0,0.0
2026-05-07T00:00:00,Lower_Agriculture_Soilwater,0.0,0.0
2026-05-08T00:00:00,Lower_Agriculture_Soilwater,0.0,0.0
2026-05-09T00:00:00,Lower_Agriculture_Soilwater,0.0,0.0
2026-05-10T00:00:00,Lower_Agriculture_Soilwater,0.0,0.0
2026-05-11T00:00:00,Lower_Agriculture_Soilwater,0.0,0.0
2026-05-12T00:00:00,Lower_Agriculture_Soilwater,0.0,0.0
2026-05-13T00:00:00,Lower_Agriculture_Soilwater,0.0,0.0
2026-05-14T00:00:00,Lower_Agriculture_Soilwater,0.0,0.0
2026-05-15T00:00:00,Lower_Agriculture_Soilwater,0.0,0.0
2026-05-16T00:00:00,Lower_Agriculture_Soilwater,0.0,0.0
2026-05-17T00:00:00,Lower_Agriculture_Soilwater,0.0,0.0
2026-05-18T00:00:00,Lower_Agriculture_Soilwater,0.0,0.0
2026-05-19T00:00:00,Lower_Agriculture_Soilwater,0.0,0.0
2026-05-20T00:00:00,Lower_Agriculture_Soilwater,0.0,0.0
2026-05-21T00:00:00,Lower_Agriculture_Soilwater,0.0,0.0
2026-05-22T00:00:00,Lower_Agriculture_Soilwater,0.0,0.0
2026-05-23T00:00:00,Lower_Agriculture_Soilwater,0.0,0.0
2026-05-24T00:00:00,Lower_Agriculture_Soilwater,0.0,0.0
2026-05-25T00:00:00,Lower_Agriculture_Soilwater,0.0,0.0
2026-05-26T00:00:00,Lower_Agriculture_Soilwater,0.0,0.0
2026-05-27T00:00:00,Lower_Agriculture_Soilwater,0.0,0.0
2026-05-28T00:00:00,Lower_Agriculture_Soilwater,0.0,0.0
2026-05-29T00:00:00,Lower_Agriculture_Soilwater,0.0,0.0
2026-05-30T00:00:00,Lower_Agriculture_Soilwater,0.0,0.0
2026-05-31T00:00:00,Lower_Agriculture_Soilwater,0.0,0.0
2026-06-01T00:00:00,Lower_Agriculture_Soilwater,0.0,0.0
2026-06-02T00:00:00,Lower_Agriculture_Soilwater,0.0,0.0
2026-06-03T00:00:00,Lower_Agriculture_Soilwater,0.0,0.0
2026-06-04T00:00:00,Lower_Agriculture_Soilwater,0.0,0.0
2026-06-05T00:00:00,Lower_Agriculture_Soilwater,0.0,0.0
2026-06-06T00:00:00,Lower_Agriculture_Soilwater,0.0,0.0
2026-06-07T00:00:00,Lower_Agriculture_Soilwater,0.0,0.0
2026-06-08T00:00:00,Lower_Agriculture_Soilwater,0.0,0.0
2026-06-09T00:00:00,Lower_Agriculture_Soilwater,0.0,0.0
2026-06-10T00:00:00,Lower_Agriculture_Soilwater,0.0,0.0
2026-06-11T00:00:00,Lower_Agriculture_Soilwater,0.0,0.0
2026-06-12T00:00:00,Lower_Agriculture_Soilwater,0.0,0.0
2026-06-13T00:00:00,Lower_Agriculture_Soilwater,0.0,0.0
2026-06-14T00:00:00,Lower_Agriculture_Soilwater,0.0,0.0
2026-06-15T00:00:00,Lower_Agriculture_Soilwater,0.0,0.0
2026-06-16T00:00:00,Lower_Agriculture_Soilwater,0.0,0.0
2026-06-17T00:00:00,Lower_Agriculture_Soilwater,0.0,0.0
2026-06-18T00:00:00,Lower_Agriculture_Soilwater,0.0,0.0
2026-06-19T00:00:00,Lower_Agriculture_Soilwater,0.0,0.0
2026-06-20T00:00:00,Lower_Agriculture_Soilwater,0.0,0.0
2026-06-21T00:00:00,Lower_Agriculture_Soilwater,0.0,0.0
2026-06-22T00:00:00,Lower_Agriculture_Soilwater,0.0,0.0
2026-06-23T00:00:00,Lower_Agriculture_Soilwater,0.0,0.0
2026-06-24T00:00:00,Lower_Agriculture_Soilwater,0.0,0.0
2026-06-25T00:00:00,Lower_Agriculture_Soilwater,0.0,0.0
2026-06-26T00:00:00,Lower_Agriculture_Soilwater,0.0,0.0
2026-06-27T00:00:00,Lower_Agriculture_Soilwater,0.0,0.0
2026-06-28T00:00:00,Lower_Agriculture_Soilwater,0.0,0.0
2026-06-29T00:00:00,Lower_Agriculture_Soilwater,0.0,0.0
2026-06-30T00:00:00,Lower_Agriculture_Soilwater,0.0,0.0
2026-07-01T00:00:00,Lower_Agriculture_Soilwater,0.0,0.0
2026-07-02T00:00:00,Lower_Agriculture_Soilwater,0.0,0.0
2026-07-03T00:00:00,Lower_Agriculture_Soilwater,0.0,0.0
2026-07-04T00:00:00,Lower_Agriculture_Soilwater,0.0,0.0
2026-07-05T00:00:00,Lower_Agriculture_Soilwater,0.0,0.0
2026-07-06T00:00:00,Lower_Agriculture_Soilwater,0.0,0.0
2026-07-07T00:00:00,Lower_Agriculture_Soilwater,0.0,0.0
2026-07-08T00:00:00,Lower_Agriculture_Soilwater,0.0,0.0
2026-07-09T00:00:00,Lower_Agriculture_Soilwater,0.0,0.0
2026-07-10T00:00:00,Lower_Agriculture_Soilwater,0.0,0.0
2026-07-11T00:00:00,Lower_Agriculture_Soilwater,0.0,0.0
2026-07-12T00:00:00,Lower_Agriculture_Soilwater,0.0,0.0
2026-07-13T00:00:00,Lower_Agriculture_Soilwater,0.0,0.0
2026-07-14T00:00:00,Lower_Agriculture_Soilwater,0.0,0.0
2026-07-15T00:00:00,Lower_Agriculture_Soilwater,0.0,0.0
2026-07-16T00:00:00,Lower_Agriculture_Soilwater,0.0,0.0
2026-07-17T00:00:00,Lower_Agriculture_Soilwater,0.0,0.0
2026-07-18T00:00:00,Lower_Agriculture_Soilwater,0.0,0.0
2026-07-19T00:00:00,Lower_Agriculture_Soilwater,0.0,0.0
2026-07-20T00:00:00,Lower_Agriculture_Soilwater,0.0,0.0
2026-07-21T00:00:00,Lower_Agriculture_Soilwater,0.0,0.0
2026-07-22T00:00:00,Lower_Agriculture_Soilwater,0.0,0.0
2026-07-23T00:00:00,Lower_Agriculture_Soilwater,0.0,0.0
2026-07-24T00:00:00,Lower_Agriculture_Soilwater,0.0,0.0
2026-07-25T00:00:00,Lower_Agriculture_Soilwater,0.0,0.0
2026-07-26T00:00:00,Lower_Agriculture_Soilwater,0.0,0.0
2026-07-27T00:00:00,Lower_Agriculture_Soilwater,0.0,0.0
2026-07-28T00:00:00,Lower_Agriculture_Soilwater,0.0,0.0
2026-07-29T00:00:00,Lower_Agriculture_Soilwater,0.0,0.0
2026-07-30T00:00:00,Lower_Agriculture_Soilwater,0.0,0.0
2026-07-31T00:00:00,Lower_Agriculture_Soilwater,0.0,0.0
2026-08-01T00:00:00,Lower_Agriculture_Soilwater,0.0,0.0
2026-08-02T00:00:00,Lower_Agriculture_Soilwater,0.0,0.0
2026-08-03T00:00:00,Lower_Agriculture_Soilwater,0.0,0.0
2026-08-04T00:00:00,Lower_Agriculture_Soilwater,0.0,0.0
2026-08-05T00:00:00,Lower_Agriculture_Soilwater,0.0,0.0
2026-08-06T00:00:00,Lower_Agriculture_Soilwater,0.0,0.0
2026-08-07T00:00:00,Lower_Agriculture_Soilwater,0.0,0.0
2026-08-08T00:00:00,Lower_Agriculture_Soilwater,0.0,0.0
2026-08-09T00:00:00,Lower_Agriculture_Soilwater,0.0,0.0
2026-08-10T00:00:00,Lower_Agriculture_Soilwater,0.0,0.0
2026-08-11T00:00:00,Lower_Agriculture_Soilwater,0.0,0.0
2026-08-12T00:00:00,Lower_Agriculture_Soilwater,0.0,0.0
2026-08-13T00:00:00,Lower_Agriculture_Soilwater,0.0,0.0
2026-08-14T00:00:00,Lower_Agriculture_Soilwater,0.0,0.0
2026-08-15T00:00:00,Lower_Agriculture_Soilwater,0.0,0.0
2026-08-16T00:00:00,Lower_Agriculture_Soilwater,0.0,0.0
2026-08-17T00:00:00,Lower_Agriculture_Soilwater,0.0,0.0
2026-08-18T00:00:00,Lower_Agriculture_Soilwater,0.0,0.0
2026-08-19T00:00:00,Lower_Agriculture_Soilwater,0.0,0.0
2026-08-20T00:00:00,Lower_Agriculture_Soilwater,0.0,0.0
2026-08-21T00:00:00,Lower_Agriculture_Soilwater,0.0,0.0
2026-08-22T00:00:00,Lower_Agriculture_Soilwater,0.0,0.0
2026-08-23T00:00:00,Lower_Agriculture_Soilwater,0.0,0.0
2026-08-24T00:00:00,Lower_Agriculture_Soilwater,0.0,0.0
2026-08-25T00:00:00,Lower_Agriculture_Soilwater,0.0,0.0
2026-08-26T00:00:00,Lower_Agriculture_Soilwater,0.0,0.0
2026-08-27T00:00:00,Lower_Agriculture_Soilwater,0.0,0.0
2026-08-28T00:00:00,Lower_Agriculture_Soilwater,0.0,0.0
2026-08-29T00:00:00,Lower_Agriculture_Soilwater,0.0,0.0
2026-08-30T00:00:00,Lower_Agriculture_Soilwater,0.0,0.0
2026-08-31T00:00:00,Lower_Agriculture_Soilwater,0.0,0.0
2026-09-01T00:00:00,Lower_Agriculture_Soilwater,0.0,0.0
2026-09-02T00:00:00,Lower_Agriculture_Soilwater,0.0,0.0
2026-09-03T00:00:00,Lower_Agriculture_Soilwater,0.0,0.0
2026-09-04T00:00:00,Lower_Agriculture_Soilwater,0.0,0.0
2026-09-05T00:00:00,Lower_Agriculture_Soilwater,0.0,0.0
2026-09-06T00:00:00,Lower_Agriculture_Soilwater,0.0,0.0
2026-09-07T00:00:00,Lower_Agriculture_Soilwater,0.0,0.0
2026-09-08T00:00:00,Lower_Agriculture_Soilwater,0.0,0.0
2026-09-09T00:00:00,Lower_Agriculture_Soilwater,0.0,0.0
2026-09-10T00:00:00,Lower_Agriculture_Soilwater,0.0,0.0
2026-09-11T00:00:00,Lower_Agriculture_Soilwater,0.0,0.0
2026-09-12T00:00:00,Lower_Agriculture_Soilwater,0.0,0.0
2026-09-13T00:00:00,Lower_Agriculture_Soilwater,0.0,0.0
2026-09-14T00:00:00,Lower_Agriculture_Soilwater,0.0,0.0
2026-09-15T00:00:00,Lower_Agriculture_Soilwater,0.0,0.0
2026-09-16T00:00:00,Lower_Agriculture_Soilwater,0.0,0.0
2026-09-17T00:00:00,Lower_Agriculture_Soilwater,0.0,0.0
2026-09-18T00:00:00,Lower_Agriculture_Soilwater,0.0,0.0
2026-09-19T00:00:00,Lower_Agriculture_Soilwater,0.0,0.0
2026-09-20T00:00:00,Lower_Agriculture_Soilwater,0.0,0.0
2026-09-21T00:00:00,Lower_Agriculture_Soilwater,0.0,0.0
2026-09-22T00:00:00,Lower_Agriculture_Soilwater,0.0,0.0
2026-09-23T00:00:00,Lower_Agriculture_Soilwater,0.0,0.0
2026-09-24T00:00:00,Lower_Agriculture_Soilwater,0.0,0.0
2026-09-25T00:00:00,Lower_Agriculture_Soilwater,0.0,0.0
2026-09-26T00:00:00,Lower_Agriculture_Soilwater,0.0,0.0
2026-09-27T00:00:00,Lower_Agriculture_Soilwater,0.0,0.0
2026-09-28T00:00:00,Lower_Agriculture_Soilwater,0.0,0.0
2026-09-29T00:00:00,Lower_Agriculture_Soilwater,0.0,0.0
2026-09-30T00:00:00,Lower_Agriculture_Soilwater,0.0,0.0
2026-10-01T00:00:00,Lower_Agriculture_Soilwater,0.0,0.0
2026-10-02T00:00:00,Lower_Agriculture_Soilwater,0.0,0.0
2026-10-03T00:00:00,Lower_Agriculture_Soilwater,0.0,0.0
2026-10-04T00:00:00,Lower_Agriculture_Soilwater,0.0,0.0
2026-10-05T00:00:00,Lower_Agriculture_Soilwater,0.0,0.0
2026-10-06T00:00:00,Lower_Agriculture_Soilwater,0.0,0.0
2026-10-07T00:00:00,Lower_Agriculture_Soilwater,0.0,0.0
2026-10-08T00:00:00,Lower_Agriculture_Soilwater,0.0,0.0
2026-10-09T00:00:00,Lower_Agriculture_Soilwater,0.0,0.0
2026-10-10T00:00:00,Lower_Agriculture_Soilwater,0.0,0.0
2026-10-11T00:00:00,Lower_Agriculture_Soilwater,0.0,0.0
2026-10-12T00:00:00,Lower_Agriculture_Soilwater,0.0,0.0
2026-10-13T00:00:00,Lower_Agriculture_Soilwater,0.0,0.0
2026-10-14T00:00:00,Lower_Agriculture_Soilwater,0.0,0.0
2026-10-15T00:00:00,Lower_Agriculture_Soilwater,0.0,0.0
2026-10-16T00:00:00,Lower_Agriculture_Soilwater,0.0,0.0
2026-10-17T00:00:00,Lower_Agriculture_Soilwater,0.0,0.0
2026-10-18T00:00:00,Lower_Agriculture_Soilwater,0.0,0.0
2026-10-19T00:00:00,Lower_Agriculture_Soilwater,0.0,0.0
2026-10-20T00:00:00,Lower_Agriculture_Soilwater,0.0,0.0
2026-10-21T00:00:00,Lower_Agriculture_Soilwater,0.0,0.0
2026-10-22T00:00:00,Lower_Agriculture_Soilwater,0.0,0.0
2026-10-23T00:00:00,Lower_Agriculture_Soilwater,0.0,0.0
2026-10-24T00:00:00,Lower_Agriculture_Soilwater,0.0,0.0
2026-10-25T00:00:00,Lower_Agriculture_Soilwater,0.0,0.0
2026-10-26T00:00:00,Lower_Agriculture_Soilwater,0.0,0.0
2026-10-27T00:00:00,Lower_Agriculture_Soilwater,0.0,0.0
2026-10-28T00:00:00,Lower_Agriculture_Soilwater,0.0,0.0
2026-10-29T00:00:00,Lower_Agriculture_Soilwater,0.0,0.0
2026-10-30T00:00:00,Lower_Agriculture_Soilwater,0.0,0.0
2026-10-31T00:00:00,Lower_Agriculture_Soilwater,0.0,0.0
2026-11-01T00:00:00,Lower_Agriculture_Soilwater,0.0,0.0
2026-11-02T00:00:00,Lower_Agriculture_Soilwater,0.0,0.0
2026-11-03T00:00:00,Lower_Agriculture_Soilwater,0.0,0.0
2026-11-04T00:00:00,Lower_Agriculture_Soilwater,0.0,0.0
2026-11-05T00:00:00,Lower_Agriculture_Soilwater,0.0,0.0
2026-11-06T00:00:00,Lower_Agriculture_Soilwater,0.0,0.0
2026-11-07T00:00:00,Lower_Agriculture_Soilwater,0.0,0.0
2026-11-08T00:00:00,Lower_Agriculture_Soilwater,0.0,0.0
2026-11-09T00:00:00,Lower_Agriculture_Soilwater,0.0,0.0
2026-11-10T00:00:00,Lower_Agriculture_Soilwater,0.0,0.0
2026-11-11T00:00:00,Lower_Agriculture_Soilwater,0.0,0.0
2026-11-12T00:00:00,Lower_Agriculture_Soilwater,0.0,0.0
2026-11-13T00:00:00,Lower_Agriculture_Soilwater,0.0,0.0
2026-11-14T00:00:00,Lower_Agriculture_Soilwater,0.0,0.0
2026-11-15T00:00:00,Lower_Agriculture_Soilwater,0.0,0.0
2026-11-16T00:00:00,Lower_Agriculture_Soilwater,0.0,0.0
2026-11-17T00:00:00,Lower_Agriculture_Soilwater,0.0,0.0
2026-11-18T00:00:00,Lower_Agriculture_Soilwater,0.0,0.0
2026-11-19T00:00:00,Lower_Agriculture_Soilwater,0.0,0.0
2026-11-20T00:00:00,Lower_Agriculture_Soilwater,0.0,0.0
2026-11-21T00:00:00,Lower_Agriculture_Soilwater,0.0,0.0
2026-11-22T00:00:00,Lower_Agriculture_Soilwater,0.0,0.0
2026-11-23T00:00:00,Lower_Agriculture_Soilwater,0.0,0.0
2026-11-24T00:00:00,Lower_Agriculture_Soilwater,0.0,0.0
2026-11-25T00:00:00,Lower_Agriculture_Soilwater,0.0,0.0
2026-11-26T00:00:00,Lower_Agriculture_Soilwater,0.0,0.0
2026-11-27T00:00:00,Lower_Agriculture_Soilwater,0.0,0.0
2026-11-28T00:00:00,Lower_Agriculture_Soilwater,0.0,0.0
2026-11-29T00:00:00,Lower_Agriculture_Soilwater,0.0,0.0
2026-11-30T00:00:00,Lower_Agriculture_Soilwater,0.0,0.0
2026-12-01T00:00:00,Lower_Agriculture_Soilwater,0.0,0.0
2026-12-02T00:00:00,Lower_Agriculture_Soilwater,0.0,0.0
2026-12-03T00:00:00,Lower_Agriculture_Soilwater,0.0,0.0
2026-12-04T00:00:00,Lower_Agriculture_Soilwater,0.0,0.0
2026-12-05T00:00:00,Lower_Agriculture_Soilwater,0.0,0.0
2026-12-06T00:00:00,Lower_Agriculture_Soilwater,0.0,0.0
2026-12-07T00:00:00,Lower_Agriculture_Soilwater,0.0,0.0
2026-12-08T00:00:00,Lower_Agriculture_Soilwater,0.0,0.0
2026-12-09T00:00:00,Lower_Agriculture_Soilwater,0.0,0.0
2026-12-10T00:00:00,Lower_Agriculture_Soilwater,0.0,0.0
2026-12-11T00:00:00,Lower_Agriculture_Soilwater,0.0,0.0
2026-12-12T00:00:00,Lower_Agriculture_Soilwater,0.0,0.0
2026-12-13T00:00:00,Lower_Agriculture_Soilwater,0.0,0.0
2026-12-14T00:00:00,Lower_Agriculture_Soilwater,0.0,0.0
2026-12-15T00:00:00,Lower_Agriculture_Soilwater,0.0,0.0
2026-12-16T00:00:00,Lower_Agriculture_Soilwater,0.0,0.0
2026-12-17T00:00:00,Lower_Agriculture_Soilwater,0.0,0.0
2026-12-18T00:00:00,Lower_Agriculture_Soilwater,0.0,0.0
2026-12-19T00:00:00,Lower_Agriculture_Soilwater,0.0,0.0
2026-12-20T00:00:00,Lower_Agriculture_Soilwater,0.0,0.0
2026-12-21T00:00:00,Lower_Agriculture_Soilwater,0.0,0.0
2026-12-22T00:00:00,Lower_Agriculture_Soilwater,0.0,0.0
2026-12-23T00:00:00,Lower_Agriculture_Soilwater,0.0,0.0
2026-12-24T00:00:00,Lower_Agriculture_Soilwater,0.0,0.0
2026-12-25T00:00:00,Lower_Agriculture_Soilwater,0.0,0.0
2026-12-26T00:00:00,Lower_Agriculture_Soilwater,0.0,0.0
2026-12-27T00:00:00,Lower_Agriculture_Soilwater,0.0,0.0
2026-12-28T00:00:00,Lower_Agriculture_Soilwater,0.0,0.0
2026-12-29T00:00:00,Lower_Agriculture_Soilwater,0.0,0.0
2026-12-30T00:00:00,Lower_Agriculture_Soilwater,0.0,0.0
2026-12-31T00:00:00,Lower_Agriculture_Soilwater,0.0,0.0
