88bc5a05-02fa-4632-9aad-a29becf95a49,location,actualEvapotranspiration
2023-01-01T00:00:00,Lower_Agriculture_Soilwater,1.0368000000000002
2023-01-02T00:00:00,Lower_Agriculture_Soilwater,1.12752
2023-01-03T00:00:00,Lower_Agriculture_Soilwater,1.0692000000000002
2023-01-04T00:00:00,Lower_Agriculture_Soilwater,1.19232
2023-01-05T00:00:00,Lower_Agriculture_Soilwater,1.04976
2023-01-06T00:00:00,Lower_Agriculture_Soilwater,1.15992
2023-01-07T00:00:00,Lower_Agriculture_Soilwater,0.8877600000000001
2023-01-08T00:00:00,Lower_Agriculture_Soilwater,0.6804000000000001
2023-01-09T00:00:00,Lower_Agriculture_Soilwater,0.59616
2023-01-10T00:00:00,Lower_Agriculture_Soilwater,0.7970400000000002
2023-01-11T00:00:00,Lower_Agriculture_Soilwater,0.6609600000000001
2023-01-12T00:00:00,Lower_Agriculture_Soilwater,0.62856
2023-01-13T00:00:00,Lower_Agriculture_Soilwater,0.56376
2023-01-14T00:00:00,Lower_Agriculture_Soilwater,0.4860000000000001
2023-01-15T00:00:00,Lower_Agriculture_Soilwater,0.6933600000000001
2023-01-16T00:00:00,Lower_Agriculture_Soilwater,0.7776000000000001
2023-01-17T00:00:00,Lower_Agriculture_Soilwater,1.0112561341360875
2023-01-18T00:00:00,Lower_Agriculture_Soilwater,0.7646400000000002
2023-01-19T00:00:00,Lower_Agriculture_Soilwater,0.7322400000000001
2023-01-20T00:00:00,Lower_Agriculture_Soilwater,0.6026400000000002
2023-01-21T00:00:00,Lower_Agriculture_Soilwater,0.5378400000000001
2023-01-22T00:00:00,Lower_Agriculture_Soilwater,1.0238400000000003
2023-01-23T00:00:00,Lower_Agriculture_Soilwater,0.8294400000000002
2023-01-24T00:00:00,Lower_Agriculture_Soilwater,0.56376
2023-01-25T00:00:00,Lower_Agriculture_Soilwater,0.68688
2023-01-26T00:00:00,Lower_Agriculture_Soilwater,0.7776000000000001
2023-01-27T00:00:00,Lower_Agriculture_Soilwater,0.8294400000000002
2023-01-28T00:00:00,Lower_Agriculture_Soilwater,0.8748000000000001
2023-01-29T00:00:00,Lower_Agriculture_Soilwater,0.6998400000000001
2023-01-30T00:00:00,Lower_Agriculture_Soilwater,1.2032343895241913
2023-01-31T00:00:00,Lower_Agriculture_Soilwater,0.7935608343048438
2023-02-01T00:00:00,Lower_Agriculture_Soilwater,0.9767682904475721
2023-02-02T00:00:00,Lower_Agriculture_Soilwater,0.933596225671934
2023-02-03T00:00:00,Lower_Agriculture_Soilwater,0.8400820274444597
2023-02-04T00:00:00,Lower_Agriculture_Soilwater,0.8174785462664911
2023-02-05T00:00:00,Lower_Agriculture_Soilwater,0.7698880734208177
2023-02-06T00:00:00,Lower_Agriculture_Soilwater,0.7919873684219823
2023-02-07T00:00:00,Lower_Agriculture_Soilwater,0.7011148242145393
2023-02-08T00:00:00,Lower_Agriculture_Soilwater,0.567588632072504
2023-02-09T00:00:00,Lower_Agriculture_Soilwater,0.5348209159017244
2023-02-10T00:00:00,Lower_Agriculture_Soilwater,0.5953458880275376
2023-02-11T00:00:00,Lower_Agriculture_Soilwater,0.46366728464626583
2023-02-12T00:00:00,Lower_Agriculture_Soilwater,0.2960259668408288
2023-02-13T00:00:00,Lower_Agriculture_Soilwater,0.41871791529439467
2023-02-14T00:00:00,Lower_Agriculture_Soilwater,0.5406763948078355
2023-02-15T00:00:00,Lower_Agriculture_Soilwater,0.447236837885458
2023-02-16T00:00:00,Lower_Agriculture_Soilwater,0.354498410032703
2023-02-17T00:00:00,Lower_Agriculture_Soilwater,0.40263668305115297
2023-02-18T00:00:00,Lower_Agriculture_Soilwater,0.4761942880714734
2023-02-19T00:00:00,Lower_Agriculture_Soilwater,0.5059243818683903
2023-02-20T00:00:00,Lower_Agriculture_Soilwater,0.5190418010814165
2023-02-21T00:00:00,Lower_Agriculture_Soilwater,0.5976681288494308
2023-02-22T00:00:00,Lower_Agriculture_Soilwater,0.39535095136159276
2023-02-23T00:00:00,Lower_Agriculture_Soilwater,0.5957710136659461
2023-02-24T00:00:00,Lower_Agriculture_Soilwater,0.6870201131646158
2023-02-25T00:00:00,Lower_Agriculture_Soilwater,0.7774619993281167
2023-02-26T00:00:00,Lower_Agriculture_Soilwater,0.5690933465729134
2023-02-27T00:00:00,Lower_Agriculture_Soilwater,0.8305203245926616
2023-02-28T00:00:00,Lower_Agriculture_Soilwater,0.46386842899144465
2023-03-01T00:00:00,Lower_Agriculture_Soilwater,0.6340249620043985
2023-03-02T00:00:00,Lower_Agriculture_Soilwater,0.6807899695178914
2023-03-03T00:00:00,Lower_Agriculture_Soilwater,0.5875582047951375
2023-03-04T00:00:00,Lower_Agriculture_Soilwater,0.42873750885548206
2023-03-05T00:00:00,Lower_Agriculture_Soilwater,0.3637080834125089
2023-03-06T00:00:00,Lower_Agriculture_Soilwater,0.5334908411846898
2023-03-07T00:00:00,Lower_Agriculture_Soilwater,0.3145603262904978
2023-03-08T00:00:00,Lower_Agriculture_Soilwater,0.1872530416295038
2023-03-09T00:00:00,Lower_Agriculture_Soilwater,0.30857077579827885
2023-03-10T00:00:00,Lower_Agriculture_Soilwater,0.17739050595930414
2023-03-11T00:00:00,Lower_Agriculture_Soilwater,0.41370364624574324
2023-03-12T00:00:00,Lower_Agriculture_Soilwater,0.33385223895085614
2023-03-13T00:00:00,Lower_Agriculture_Soilwater,0.21693641376287576
2023-03-14T00:00:00,Lower_Agriculture_Soilwater,0.4102939373529804
2023-03-15T00:00:00,Lower_Agriculture_Soilwater,0.4935006694756875
2023-03-16T00:00:00,Lower_Agriculture_Soilwater,0.49338465448737595
2023-03-17T00:00:00,Lower_Agriculture_Soilwater,0.4488645602134264
2023-03-18T00:00:00,Lower_Agriculture_Soilwater,0.41298603205533835
2023-03-19T00:00:00,Lower_Agriculture_Soilwater,0.3849251150934641
2023-03-20T00:00:00,Lower_Agriculture_Soilwater,0.33048000000000005
2023-03-21T00:00:00,Lower_Agriculture_Soilwater,0.2851200000000001
2023-03-22T00:00:00,Lower_Agriculture_Soilwater,0.3175200000000001
2023-03-23T00:00:00,Lower_Agriculture_Soilwater,0.25272000000000006
2023-03-24T00:00:00,Lower_Agriculture_Soilwater,0.25920000000000004
2023-03-25T00:00:00,Lower_Agriculture_Soilwater,0.5119200000000002
2023-03-26T00:00:00,Lower_Agriculture_Soilwater,0.40176000000000006
2023-03-27T00:00:00,Lower_Agriculture_Soilwater,1.033460713402894
2023-03-28T00:00:00,Lower_Agriculture_Soilwater,0.8078644724053209
2023-03-29T00:00:00,Lower_Agriculture_Soilwater,0.7917349187302011
2023-03-30T00:00:00,Lower_Agriculture_Soilwater,0.3910868483579313
2023-03-31T00:00:00,Lower_Agriculture_Soilwater,0.5911822893485723
2023-04-01T00:00:00,Lower_Agriculture_Soilwater,0.27588121007037597
2023-04-02T00:00:00,Lower_Agriculture_Soilwater,0.0
2023-04-03T00:00:00,Lower_Agriculture_Soilwater,0.1807619815451576
2023-04-04T00:00:00,Lower_Agriculture_Soilwater,0.5443200000000001
2023-04-05T00:00:00,Lower_Agriculture_Soilwater,0.4665600000000001
2023-04-06T00:00:00,Lower_Agriculture_Soilwater,0.45360000000000006
2023-04-07T00:00:00,Lower_Agriculture_Soilwater,0.23976000000000006
2023-04-08T00:00:00,Lower_Agriculture_Soilwater,0.11664000000000001
2023-04-09T00:00:00,Lower_Agriculture_Soilwater,0.0
2023-04-10T00:00:00,Lower_Agriculture_Soilwater,0.0
2023-04-11T00:00:00,Lower_Agriculture_Soilwater,0.0
2023-04-12T00:00:00,Lower_Agriculture_Soilwater,0.11016000000000004
2023-04-13T00:00:00,Lower_Agriculture_Soilwater,0.45360000000000006
2023-04-14T00:00:00,Lower_Agriculture_Soilwater,0.40824000000000005
2023-04-15T00:00:00,Lower_Agriculture_Soilwater,0.23976000000000006
2023-04-16T00:00:00,Lower_Agriculture_Soilwater,0.16848000000000005
2023-04-17T00:00:00,Lower_Agriculture_Soilwater,0.06480000000000001
2023-04-18T00:00:00,Lower_Agriculture_Soilwater,0.25920000000000004
2023-04-19T00:00:00,Lower_Agriculture_Soilwater,0.33048000000000005
2023-04-20T00:00:00,Lower_Agriculture_Soilwater,0.31104000000000004
2023-04-21T00:00:00,Lower_Agriculture_Soilwater,0.27864000000000005
2023-04-22T00:00:00,Lower_Agriculture_Soilwater,0.0
2023-04-23T00:00:00,Lower_Agriculture_Soilwater,0.0
2023-04-24T00:00:00,Lower_Agriculture_Soilwater,0.25272000000000006
2023-04-25T00:00:00,Lower_Agriculture_Soilwater,0.006480000000000007
2023-04-26T00:00:00,Lower_Agriculture_Soilwater,0.07776000000000002
2023-04-27T00:00:00,Lower_Agriculture_Soilwater,0.006480000000000007
2023-04-28T00:00:00,Lower_Agriculture_Soilwater,0.15552000000000002
2023-04-29T00:00:00,Lower_Agriculture_Soilwater,0.14904
2023-04-30T00:00:00,Lower_Agriculture_Soilwater,0.12960000000000002
2023-05-01T00:00:00,Lower_Agriculture_Soilwater,0.0
2023-05-02T00:00:00,Lower_Agriculture_Soilwater,0.0
2023-05-03T00:00:00,Lower_Agriculture_Soilwater,0.0
2023-05-04T00:00:00,Lower_Agriculture_Soilwater,0.0
2023-05-05T00:00:00,Lower_Agriculture_Soilwater,0.0
2023-05-06T00:00:00,Lower_Agriculture_Soilwater,0.0
2023-05-07T00:00:00,Lower_Agriculture_Soilwater,0.0
2023-05-08T00:00:00,Lower_Agriculture_Soilwater,0.0
2023-05-09T00:00:00,Lower_Agriculture_Soilwater,0.0
2023-05-10T00:00:00,Lower_Agriculture_Soilwater,0.0
2023-05-11T00:00:00,Lower_Agriculture_Soilwater,0.0
2023-05-12T00:00:00,Lower_Agriculture_Soilwater,0.0
2023-05-13T00:00:00,Lower_Agriculture_Soilwater,0.0
2023-05-14T00:00:00,Lower_Agriculture_Soilwater,0.05184
2023-05-15T00:00:00,Lower_Agriculture_Soilwater,0.08424
2023-05-16T00:00:00,Lower_Agriculture_Soilwater,0.0
2023-05-17T00:00:00,Lower_Agriculture_Soilwater,0.18144000000000002
2023-05-18T00:00:00,Lower_Agriculture_Soilwater,0.12312000000000001
2023-05-19T00:00:00,Lower_Agriculture_Soilwater,0.0
2023-05-20T00:00:00,Lower_Agriculture_Soilwater,0.06480000000000001
2023-05-21T00:00:00,Lower_Agriculture_Soilwater,0.10368000000000002
2023-05-22T00:00:00,Lower_Agriculture_Soilwater,0.38880000000000003
2023-05-23T00:00:00,Lower_Agriculture_Soilwater,0.18144000000000002
2023-05-24T00:00:00,Lower_Agriculture_Soilwater,0.42768000000000006
2023-05-25T00:00:00,Lower_Agriculture_Soilwater,0.39528
2023-05-26T00:00:00,Lower_Agriculture_Soilwater,0.49248000000000003
2023-05-27T00:00:00,Lower_Agriculture_Soilwater,0.5184000000000001
2023-05-28T00:00:00,Lower_Agriculture_Soilwater,0.38880000000000003
2023-05-29T00:00:00,Lower_Agriculture_Soilwater,0.15552000000000002
2023-05-30T00:00:00,Lower_Agriculture_Soilwater,0.06480000000000001
2023-05-31T00:00:00,Lower_Agriculture_Soilwater,0.5378400000000001
2023-06-01T00:00:00,Lower_Agriculture_Soilwater,0.5054400000000001
2023-06-02T00:00:00,Lower_Agriculture_Soilwater,0.5508000000000001
2023-06-03T00:00:00,Lower_Agriculture_Soilwater,0.5443200000000001
2023-06-04T00:00:00,Lower_Agriculture_Soilwater,0.29808
2023-06-05T00:00:00,Lower_Agriculture_Soilwater,0.03888000000000001
2023-06-06T00:00:00,Lower_Agriculture_Soilwater,0.0
2023-06-07T00:00:00,Lower_Agriculture_Soilwater,0.0
2023-06-08T00:00:00,Lower_Agriculture_Soilwater,0.15552000000000002
2023-06-09T00:00:00,Lower_Agriculture_Soilwater,0.2851200000000001
2023-06-10T00:00:00,Lower_Agriculture_Soilwater,0.5119200000000002
2023-06-11T00:00:00,Lower_Agriculture_Soilwater,1.1904882641697512
2023-06-12T00:00:00,Lower_Agriculture_Soilwater,0.5361623647797216
2023-06-13T00:00:00,Lower_Agriculture_Soilwater,0.6893384986195616
2023-06-14T00:00:00,Lower_Agriculture_Soilwater,0.7126290254426788
2023-06-15T00:00:00,Lower_Agriculture_Soilwater,0.3518345671923626
2023-06-16T00:00:00,Lower_Agriculture_Soilwater,0.46614826644980745
2023-06-17T00:00:00,Lower_Agriculture_Soilwater,0.5542325854003458
2023-06-18T00:00:00,Lower_Agriculture_Soilwater,0.5717279116463997
2023-06-19T00:00:00,Lower_Agriculture_Soilwater,0.5320567028532365
2023-06-20T00:00:00,Lower_Agriculture_Soilwater,0.3979564929982966
2023-06-21T00:00:00,Lower_Agriculture_Soilwater,0.37875889438558696
2023-06-22T00:00:00,Lower_Agriculture_Soilwater,0.8068224706025089
2023-06-23T00:00:00,Lower_Agriculture_Soilwater,0.841269983273652
2023-06-24T00:00:00,Lower_Agriculture_Soilwater,0.7563954366852802
2023-06-25T00:00:00,Lower_Agriculture_Soilwater,0.7285359561395885
2023-06-26T00:00:00,Lower_Agriculture_Soilwater,0.5955105195791223
2023-06-27T00:00:00,Lower_Agriculture_Soilwater,0.6802347278592978
2023-06-28T00:00:00,Lower_Agriculture_Soilwater,0.8934778892196117
2023-06-29T00:00:00,Lower_Agriculture_Soilwater,0.7563083451579603
2023-06-30T00:00:00,Lower_Agriculture_Soilwater,0.5770311095071929
2023-07-01T00:00:00,Lower_Agriculture_Soilwater,0.4608770783765761
2023-07-02T00:00:00,Lower_Agriculture_Soilwater,0.26776870383231194
2023-07-03T00:00:00,Lower_Agriculture_Soilwater,0.24892737744240423
2023-07-04T00:00:00,Lower_Agriculture_Soilwater,0.2735338987372378
2023-07-05T00:00:00,Lower_Agriculture_Soilwater,0.273166833617823
2023-07-06T00:00:00,Lower_Agriculture_Soilwater,0.38437891330497564
2023-07-07T00:00:00,Lower_Agriculture_Soilwater,0.49942573641122984
2023-07-08T00:00:00,Lower_Agriculture_Soilwater,0.29393570520553686
2023-07-09T00:00:00,Lower_Agriculture_Soilwater,0.23763418859588115
2023-07-10T00:00:00,Lower_Agriculture_Soilwater,0.3249410565177775
2023-07-11T00:00:00,Lower_Agriculture_Soilwater,0.45639753261458144
2023-07-12T00:00:00,Lower_Agriculture_Soilwater,0.5143847688368708
2023-07-13T00:00:00,Lower_Agriculture_Soilwater,0.6518965450076722
2023-07-14T00:00:00,Lower_Agriculture_Soilwater,0.7438793440859756
2023-07-15T00:00:00,Lower_Agriculture_Soilwater,0.46220881155132626
2023-07-16T00:00:00,Lower_Agriculture_Soilwater,0.471600236115375
2023-07-17T00:00:00,Lower_Agriculture_Soilwater,0.5483765094953658
2023-07-18T00:00:00,Lower_Agriculture_Soilwater,0.5664816076101712
2023-07-19T00:00:00,Lower_Agriculture_Soilwater,0.43244026485836595
2023-07-20T00:00:00,Lower_Agriculture_Soilwater,0.4889248868557744
2023-07-21T00:00:00,Lower_Agriculture_Soilwater,0.6409437250415377
2023-07-22T00:00:00,Lower_Agriculture_Soilwater,0.42480742663975996
2023-07-23T00:00:00,Lower_Agriculture_Soilwater,0.5878418747412458
2023-07-24T00:00:00,Lower_Agriculture_Soilwater,0.6324055200476298
2023-07-25T00:00:00,Lower_Agriculture_Soilwater,0.7273525859573846
2023-07-26T00:00:00,Lower_Agriculture_Soilwater,0.7633321603970694
2023-07-27T00:00:00,Lower_Agriculture_Soilwater,0.7938453078935392
2023-07-28T00:00:00,Lower_Agriculture_Soilwater,0.8283408022067051
2023-07-29T00:00:00,Lower_Agriculture_Soilwater,0.9678200889361827
2023-07-30T00:00:00,Lower_Agriculture_Soilwater,1.0149043060806262
2023-07-31T00:00:00,Lower_Agriculture_Soilwater,0.8956079317986556
2023-08-01T00:00:00,Lower_Agriculture_Soilwater,0.815714346117492
2023-08-02T00:00:00,Lower_Agriculture_Soilwater,0.8249231154312514
2023-08-03T00:00:00,Lower_Agriculture_Soilwater,1.0346254417435403
2023-08-04T00:00:00,Lower_Agriculture_Soilwater,0.7920934030336233
2023-08-05T00:00:00,Lower_Agriculture_Soilwater,0.7267219783373133
2023-08-06T00:00:00,Lower_Agriculture_Soilwater,0.8044082089834789
2023-08-07T00:00:00,Lower_Agriculture_Soilwater,0.7209181265876157
2023-08-08T00:00:00,Lower_Agriculture_Soilwater,0.7181852998670473
2023-08-09T00:00:00,Lower_Agriculture_Soilwater,0.7521532136003075
2023-08-10T00:00:00,Lower_Agriculture_Soilwater,0.8204335144976562
2023-08-11T00:00:00,Lower_Agriculture_Soilwater,1.0942543333526147
2023-08-12T00:00:00,Lower_Agriculture_Soilwater,1.18186641191008
2023-08-13T00:00:00,Lower_Agriculture_Soilwater,0.8122620446008787
2023-08-14T00:00:00,Lower_Agriculture_Soilwater,0.861238495193613
2023-08-15T00:00:00,Lower_Agriculture_Soilwater,0.9333185871800753
2023-08-16T00:00:00,Lower_Agriculture_Soilwater,1.0350822503181547
2023-08-17T00:00:00,Lower_Agriculture_Soilwater,0.9019058562396399
2023-08-18T00:00:00,Lower_Agriculture_Soilwater,0.9729079475686494
2023-08-19T00:00:00,Lower_Agriculture_Soilwater,0.955940714321228
2023-08-20T00:00:00,Lower_Agriculture_Soilwater,0.9696553041419735
2023-08-21T00:00:00,Lower_Agriculture_Soilwater,1.1845380094478912
2023-08-22T00:00:00,Lower_Agriculture_Soilwater,1.207444769191704
2023-08-23T00:00:00,Lower_Agriculture_Soilwater,1.1815792046001263
2023-08-24T00:00:00,Lower_Agriculture_Soilwater,1.1740773298970288
2023-08-25T00:00:00,Lower_Agriculture_Soilwater,1.2618564610728027
2023-08-26T00:00:00,Lower_Agriculture_Soilwater,1.2990507513476652
2023-08-27T00:00:00,Lower_Agriculture_Soilwater,1.161605093043063
2023-08-28T00:00:00,Lower_Agriculture_Soilwater,1.1898055230356512
2023-08-29T00:00:00,Lower_Agriculture_Soilwater,0.9724943374795683
2023-08-30T00:00:00,Lower_Agriculture_Soilwater,0.8224729858948808
2023-08-31T00:00:00,Lower_Agriculture_Soilwater,0.7668114193133164
2023-09-01T00:00:00,Lower_Agriculture_Soilwater,0.847662805446487
2023-09-02T00:00:00,Lower_Agriculture_Soilwater,0.6547247162562924
2023-09-03T00:00:00,Lower_Agriculture_Soilwater,0.6015610860198062
2023-09-04T00:00:00,Lower_Agriculture_Soilwater,0.7752167598468069
2023-09-05T00:00:00,Lower_Agriculture_Soilwater,0.8525354189130059
2023-09-06T00:00:00,Lower_Agriculture_Soilwater,0.970509613041821
2023-09-07T00:00:00,Lower_Agriculture_Soilwater,1.0041808041147569
2023-09-08T00:00:00,Lower_Agriculture_Soilwater,1.0607623000349513
2023-09-09T00:00:00,Lower_Agriculture_Soilwater,1.088459117489601
2023-09-10T00:00:00,Lower_Agriculture_Soilwater,1.035874868195645
2023-09-11T00:00:00,Lower_Agriculture_Soilwater,1.079262567297758
2023-09-12T00:00:00,Lower_Agriculture_Soilwater,1.0748839940238595
2023-09-13T00:00:00,Lower_Agriculture_Soilwater,1.1175580906277731
2023-09-14T00:00:00,Lower_Agriculture_Soilwater,1.1799340880272458
2023-09-15T00:00:00,Lower_Agriculture_Soilwater,1.1188295797346528
2023-09-16T00:00:00,Lower_Agriculture_Soilwater,1.1123590575338393
2023-09-17T00:00:00,Lower_Agriculture_Soilwater,1.008222794103827
2023-09-18T00:00:00,Lower_Agriculture_Soilwater,1.14012628125429
2023-09-19T00:00:00,Lower_Agriculture_Soilwater,1.2273981061608246
2023-09-20T00:00:00,Lower_Agriculture_Soilwater,1.2702322763129814
2023-09-21T00:00:00,Lower_Agriculture_Soilwater,1.2328960165221496
2023-09-22T00:00:00,Lower_Agriculture_Soilwater,1.2382085858097864
2023-09-23T00:00:00,Lower_Agriculture_Soilwater,1.1686406339615518
2023-09-24T00:00:00,Lower_Agriculture_Soilwater,1.1134548101129706
2023-09-25T00:00:00,Lower_Agriculture_Soilwater,1.1935073233858815
2023-09-26T00:00:00,Lower_Agriculture_Soilwater,1.046186639418194
2023-09-27T00:00:00,Lower_Agriculture_Soilwater,1.1697493529687182
2023-09-28T00:00:00,Lower_Agriculture_Soilwater,1.1161493689734245
2023-09-29T00:00:00,Lower_Agriculture_Soilwater,1.1545506785501727
2023-09-30T00:00:00,Lower_Agriculture_Soilwater,1.2789346039464284
2023-10-01T00:00:00,Lower_Agriculture_Soilwater,1.3784055524584973
2023-10-02T00:00:00,Lower_Agriculture_Soilwater,1.4248763110657197
2023-10-03T00:00:00,Lower_Agriculture_Soilwater,1.2614280369677968
2023-10-04T00:00:00,Lower_Agriculture_Soilwater,1.3565095767540334
2023-10-05T00:00:00,Lower_Agriculture_Soilwater,1.3407017199578994
2023-10-06T00:00:00,Lower_Agriculture_Soilwater,1.2890984235691185
2023-10-07T00:00:00,Lower_Agriculture_Soilwater,1.3575247617083617
2023-10-08T00:00:00,Lower_Agriculture_Soilwater,1.4834294650880058
2023-10-09T00:00:00,Lower_Agriculture_Soilwater,1.377852066687274
2023-10-10T00:00:00,Lower_Agriculture_Soilwater,1.4231495567146604
2023-10-11T00:00:00,Lower_Agriculture_Soilwater,1.2144103625464833
2023-10-12T00:00:00,Lower_Agriculture_Soilwater,1.224978205651772
2023-10-13T00:00:00,Lower_Agriculture_Soilwater,1.268068728387888
2023-10-14T00:00:00,Lower_Agriculture_Soilwater,1.170840441956719
2023-10-15T00:00:00,Lower_Agriculture_Soilwater,1.2015134333903943
2023-10-16T00:00:00,Lower_Agriculture_Soilwater,1.2309339613394485
2023-10-17T00:00:00,Lower_Agriculture_Soilwater,1.2594035910139176
2023-10-18T00:00:00,Lower_Agriculture_Soilwater,1.177245340525284
2023-10-19T00:00:00,Lower_Agriculture_Soilwater,1.1114080964522088
2023-10-20T00:00:00,Lower_Agriculture_Soilwater,1.1705089565058397
2023-10-21T00:00:00,Lower_Agriculture_Soilwater,1.1672228799098627
2023-10-22T00:00:00,Lower_Agriculture_Soilwater,1.1335006860096057
2023-10-23T00:00:00,Lower_Agriculture_Soilwater,1.168903377942953
2023-10-24T00:00:00,Lower_Agriculture_Soilwater,1.2263255508986608
2023-10-25T00:00:00,Lower_Agriculture_Soilwater,1.4687792014383103
2023-10-26T00:00:00,Lower_Agriculture_Soilwater,1.4857458542397286
2023-10-27T00:00:00,Lower_Agriculture_Soilwater,1.2842020163633456
2023-10-28T00:00:00,Lower_Agriculture_Soilwater,1.1838237021874771
2023-10-29T00:00:00,Lower_Agriculture_Soilwater,1.3737062315724125
2023-10-30T00:00:00,Lower_Agriculture_Soilwater,1.2962565853795738
2023-10-31T00:00:00,Lower_Agriculture_Soilwater,1.2494684549084658
2023-11-01T00:00:00,Lower_Agriculture_Soilwater,1.1222015057229449
2023-11-02T00:00:00,Lower_Agriculture_Soilwater,1.1162719591052008
2023-11-03T00:00:00,Lower_Agriculture_Soilwater,1.1922575739454206
2023-11-04T00:00:00,Lower_Agriculture_Soilwater,1.3145868208046716
2023-11-05T00:00:00,Lower_Agriculture_Soilwater,1.2349087015785585
2023-11-06T00:00:00,Lower_Agriculture_Soilwater,1.226350384029151
2023-11-07T00:00:00,Lower_Agriculture_Soilwater,1.2040816119478215
2023-11-08T00:00:00,Lower_Agriculture_Soilwater,1.2052583498042084
2023-11-09T00:00:00,Lower_Agriculture_Soilwater,1.1474666300848453
2023-11-10T00:00:00,Lower_Agriculture_Soilwater,1.0965762083043835
2023-11-11T00:00:00,Lower_Agriculture_Soilwater,1.118368701327715
2023-11-12T00:00:00,Lower_Agriculture_Soilwater,1.1072789820205509
2023-11-13T00:00:00,Lower_Agriculture_Soilwater,1.2350365547974937
2023-11-14T00:00:00,Lower_Agriculture_Soilwater,1.2267583406236948
2023-11-15T00:00:00,Lower_Agriculture_Soilwater,1.172422947417907
2023-11-16T00:00:00,Lower_Agriculture_Soilwater,1.2845907567673034
2023-11-17T00:00:00,Lower_Agriculture_Soilwater,1.201553953271916
2023-11-18T00:00:00,Lower_Agriculture_Soilwater,1.2721062952404474
2023-11-19T00:00:00,Lower_Agriculture_Soilwater,1.1965897710758857
2023-11-20T00:00:00,Lower_Agriculture_Soilwater,1.3357939608176228
2023-11-21T00:00:00,Lower_Agriculture_Soilwater,1.1653265585212251
2023-11-22T00:00:00,Lower_Agriculture_Soilwater,1.1466076450580858
2023-11-23T00:00:00,Lower_Agriculture_Soilwater,1.118745747870163
2023-11-24T00:00:00,Lower_Agriculture_Soilwater,1.106222316748739
2023-11-25T00:00:00,Lower_Agriculture_Soilwater,1.105074239804797
2023-11-26T00:00:00,Lower_Agriculture_Soilwater,1.105015816604662
2023-11-27T00:00:00,Lower_Agriculture_Soilwater,1.0983782258697516
2023-11-28T00:00:00,Lower_Agriculture_Soilwater,0.9239576099979285
2023-11-29T00:00:00,Lower_Agriculture_Soilwater,0.8824785589603115
2023-11-30T00:00:00,Lower_Agriculture_Soilwater,1.1998292706175455
2023-12-01T00:00:00,Lower_Agriculture_Soilwater,1.2266308021146177
2023-12-02T00:00:00,Lower_Agriculture_Soilwater,1.2022001994245772
2023-12-03T00:00:00,Lower_Agriculture_Soilwater,1.1461888052037974
2023-12-04T00:00:00,Lower_Agriculture_Soilwater,1.1807554871974077
2023-12-05T00:00:00,Lower_Agriculture_Soilwater,1.307782995379688
2023-12-06T00:00:00,Lower_Agriculture_Soilwater,1.201112764762176
2023-12-07T00:00:00,Lower_Agriculture_Soilwater,1.187805477624778
2023-12-08T00:00:00,Lower_Agriculture_Soilwater,0.9685835003609701
2023-12-09T00:00:00,Lower_Agriculture_Soilwater,0.9704833884713421
2023-12-10T00:00:00,Lower_Agriculture_Soilwater,0.965736968764657
2023-12-11T00:00:00,Lower_Agriculture_Soilwater,0.8581142631218425
2023-12-12T00:00:00,Lower_Agriculture_Soilwater,1.2271481634819854
2023-12-13T00:00:00,Lower_Agriculture_Soilwater,1.3048343206562334
2023-12-14T00:00:00,Lower_Agriculture_Soilwater,1.0227929358085335
2023-12-15T00:00:00,Lower_Agriculture_Soilwater,0.9403930371355297
2023-12-16T00:00:00,Lower_Agriculture_Soilwater,0.9324071848511037
2023-12-17T00:00:00,Lower_Agriculture_Soilwater,1.025371819160838
2023-12-18T00:00:00,Lower_Agriculture_Soilwater,1.0678796993738962
2023-12-19T00:00:00,Lower_Agriculture_Soilwater,1.1412862454221084
2023-12-20T00:00:00,Lower_Agriculture_Soilwater,0.9400476334372271
2023-12-21T00:00:00,Lower_Agriculture_Soilwater,0.9053836567786074
2023-12-22T00:00:00,Lower_Agriculture_Soilwater,0.8201169555219037
2023-12-23T00:00:00,Lower_Agriculture_Soilwater,0.775929188580432
2023-12-24T00:00:00,Lower_Agriculture_Soilwater,0.849676080913359
2023-12-25T00:00:00,Lower_Agriculture_Soilwater,0.8737946925636829
2023-12-26T00:00:00,Lower_Agriculture_Soilwater,0.7076767070362541
2023-12-27T00:00:00,Lower_Agriculture_Soilwater,0.8002687012314345
2023-12-28T00:00:00,Lower_Agriculture_Soilwater,0.975618365659933
2023-12-29T00:00:00,Lower_Agriculture_Soilwater,1.0424087327031422
2023-12-30T00:00:00,Lower_Agriculture_Soilwater,0.894394831877848
2023-12-31T00:00:00,Lower_Agriculture_Soilwater,0.8888752236954631
2024-01-01T00:00:00,Lower_Agriculture_Soilwater,0.8962163385738149
2024-01-02T00:00:00,Lower_Agriculture_Soilwater,1.040457504132094
2024-01-03T00:00:00,Lower_Agriculture_Soilwater,1.0368093792467898
2024-01-04T00:00:00,Lower_Agriculture_Soilwater,0.9704314038816669
2024-01-05T00:00:00,Lower_Agriculture_Soilwater,0.8786912544128754
2024-01-06T00:00:00,Lower_Agriculture_Soilwater,0.7523267981569094
2024-01-07T00:00:00,Lower_Agriculture_Soilwater,0.7375539849840202
2024-01-08T00:00:00,Lower_Agriculture_Soilwater,0.8213565238726735
2024-01-09T00:00:00,Lower_Agriculture_Soilwater,0.7932889440361179
2024-01-10T00:00:00,Lower_Agriculture_Soilwater,0.6675159308352163
2024-01-11T00:00:00,Lower_Agriculture_Soilwater,0.5553211535750054
2024-01-12T00:00:00,Lower_Agriculture_Soilwater,0.571938988419492
2024-01-13T00:00:00,Lower_Agriculture_Soilwater,0.4306812423156056
2024-01-14T00:00:00,Lower_Agriculture_Soilwater,0.5325743351662118
2024-01-15T00:00:00,Lower_Agriculture_Soilwater,0.6247894297905532
2024-01-16T00:00:00,Lower_Agriculture_Soilwater,0.7518906188881944
2024-01-17T00:00:00,Lower_Agriculture_Soilwater,0.7057652617528173
2024-01-18T00:00:00,Lower_Agriculture_Soilwater,0.8759993918515423
2024-01-19T00:00:00,Lower_Agriculture_Soilwater,0.8931654462067937
2024-01-20T00:00:00,Lower_Agriculture_Soilwater,1.054192477696276
2024-01-21T00:00:00,Lower_Agriculture_Soilwater,0.8183083848270754
2024-01-22T00:00:00,Lower_Agriculture_Soilwater,0.7886223794027036
2024-01-23T00:00:00,Lower_Agriculture_Soilwater,0.5440872972855724
2024-01-24T00:00:00,Lower_Agriculture_Soilwater,0.5366258835607112
2024-01-25T00:00:00,Lower_Agriculture_Soilwater,0.5990323858812919
2024-01-26T00:00:00,Lower_Agriculture_Soilwater,0.33675311684194575
2024-01-27T00:00:00,Lower_Agriculture_Soilwater,0.34887088249087433
2024-01-28T00:00:00,Lower_Agriculture_Soilwater,0.22794715170577728
2024-01-29T00:00:00,Lower_Agriculture_Soilwater,0.08221850563207356
2024-01-30T00:00:00,Lower_Agriculture_Soilwater,0.4324702568864028
2024-01-31T00:00:00,Lower_Agriculture_Soilwater,0.4972568617392336
2024-02-01T00:00:00,Lower_Agriculture_Soilwater,0.4139670997476655
2024-02-02T00:00:00,Lower_Agriculture_Soilwater,0.7337005441500711
2024-02-03T00:00:00,Lower_Agriculture_Soilwater,0.7764645737016067
2024-02-04T00:00:00,Lower_Agriculture_Soilwater,0.5834685903335425
2024-02-05T00:00:00,Lower_Agriculture_Soilwater,0.4426842038747595
2024-02-06T00:00:00,Lower_Agriculture_Soilwater,0.46063160123541647
2024-02-07T00:00:00,Lower_Agriculture_Soilwater,0.35882634794263496
2024-02-08T00:00:00,Lower_Agriculture_Soilwater,0.4335688819645365
2024-02-09T00:00:00,Lower_Agriculture_Soilwater,0.3260176734811815
2024-02-10T00:00:00,Lower_Agriculture_Soilwater,0.17525232017435793
2024-02-11T00:00:00,Lower_Agriculture_Soilwater,0.6640932768990151
2024-02-12T00:00:00,Lower_Agriculture_Soilwater,0.7764922172576567
2024-02-13T00:00:00,Lower_Agriculture_Soilwater,0.5806035478575421
2024-02-14T00:00:00,Lower_Agriculture_Soilwater,0.36112511540600606
2024-02-15T00:00:00,Lower_Agriculture_Soilwater,0.8355904001640649
2024-02-16T00:00:00,Lower_Agriculture_Soilwater,0.677514315429012
2024-02-17T00:00:00,Lower_Agriculture_Soilwater,0.6753778117713293
2024-02-18T00:00:00,Lower_Agriculture_Soilwater,0.6483779375508087
2024-02-19T00:00:00,Lower_Agriculture_Soilwater,0.5723481980618854
2024-02-20T00:00:00,Lower_Agriculture_Soilwater,0.5338167466383282
2024-02-21T00:00:00,Lower_Agriculture_Soilwater,0.6240929190691422
2024-02-22T00:00:00,Lower_Agriculture_Soilwater,0.6708181801644512
2024-02-23T00:00:00,Lower_Agriculture_Soilwater,0.6501978914200705
2024-02-24T00:00:00,Lower_Agriculture_Soilwater,0.6479439003700371
2024-02-25T00:00:00,Lower_Agriculture_Soilwater,0.5931060005698668
2024-02-26T00:00:00,Lower_Agriculture_Soilwater,0.36232402389787516
2024-02-27T00:00:00,Lower_Agriculture_Soilwater,0.43408395886054335
2024-02-28T00:00:00,Lower_Agriculture_Soilwater,0.442732555156661
2024-02-29T00:00:00,Lower_Agriculture_Soilwater,0.3305585585921298
2024-03-01T00:00:00,Lower_Agriculture_Soilwater,0.21989591189567675
2024-03-02T00:00:00,Lower_Agriculture_Soilwater,0.08199254673335907
2024-03-03T00:00:00,Lower_Agriculture_Soilwater,0.0
2024-03-04T00:00:00,Lower_Agriculture_Soilwater,0.0
2024-03-05T00:00:00,Lower_Agriculture_Soilwater,0.0
2024-03-06T00:00:00,Lower_Agriculture_Soilwater,0.0
2024-03-07T00:00:00,Lower_Agriculture_Soilwater,0.03873964339810011
2024-03-08T00:00:00,Lower_Agriculture_Soilwater,0.24561744803763527
2024-03-09T00:00:00,Lower_Agriculture_Soilwater,0.0
2024-03-10T00:00:00,Lower_Agriculture_Soilwater,0.0
2024-03-11T00:00:00,Lower_Agriculture_Soilwater,0.0
2024-03-12T00:00:00,Lower_Agriculture_Soilwater,0.0
2024-03-13T00:00:00,Lower_Agriculture_Soilwater,0.05184
2024-03-14T00:00:00,Lower_Agriculture_Soilwater,0.0
2024-03-15T00:00:00,Lower_Agriculture_Soilwater,0.0
2024-03-16T00:00:00,Lower_Agriculture_Soilwater,0.0
2024-03-17T00:00:00,Lower_Agriculture_Soilwater,0.25272000000000006
2024-03-18T00:00:00,Lower_Agriculture_Soilwater,0.3175200000000001
2024-03-19T00:00:00,Lower_Agriculture_Soilwater,0.2916
2024-03-20T00:00:00,Lower_Agriculture_Soilwater,0.17496000000000003
2024-03-21T00:00:00,Lower_Agriculture_Soilwater,0.11664000000000001
2024-03-22T00:00:00,Lower_Agriculture_Soilwater,0.07776000000000002
2024-03-23T00:00:00,Lower_Agriculture_Soilwater,0.012960000000000013
2024-03-24T00:00:00,Lower_Agriculture_Soilwater,0.032400000000000005
2024-03-25T00:00:00,Lower_Agriculture_Soilwater,0.03888000000000001
2024-03-26T00:00:00,Lower_Agriculture_Soilwater,0.07128000000000002
2024-03-27T00:00:00,Lower_Agriculture_Soilwater,0.11016000000000004
2024-03-28T00:00:00,Lower_Agriculture_Soilwater,0.2851200000000001
2024-03-29T00:00:00,Lower_Agriculture_Soilwater,0.26568
2024-03-30T00:00:00,Lower_Agriculture_Soilwater,0.006480000000000007
2024-03-31T00:00:00,Lower_Agriculture_Soilwater,0.29808
2024-04-01T00:00:00,Lower_Agriculture_Soilwater,0.4860000000000001
2024-04-02T00:00:00,Lower_Agriculture_Soilwater,0.4665600000000001
2024-04-03T00:00:00,Lower_Agriculture_Soilwater,0.56376
2024-04-04T00:00:00,Lower_Agriculture_Soilwater,0.36288000000000004
2024-04-05T00:00:00,Lower_Agriculture_Soilwater,0.27864000000000005
2024-04-06T00:00:00,Lower_Agriculture_Soilwater,0.44064000000000003
2024-04-07T00:00:00,Lower_Agriculture_Soilwater,0.09720000000000001
2024-04-08T00:00:00,Lower_Agriculture_Soilwater,0.11664000000000001
2024-04-09T00:00:00,Lower_Agriculture_Soilwater,0.22680000000000003
2024-04-10T00:00:00,Lower_Agriculture_Soilwater,0.2916
2024-04-11T00:00:00,Lower_Agriculture_Soilwater,0.22680000000000003
2024-04-12T00:00:00,Lower_Agriculture_Soilwater,0.14904
2024-04-13T00:00:00,Lower_Agriculture_Soilwater,0.10368000000000002
2024-04-14T00:00:00,Lower_Agriculture_Soilwater,0.0
2024-04-15T00:00:00,Lower_Agriculture_Soilwater,0.0
2024-04-16T00:00:00,Lower_Agriculture_Soilwater,0.0
2024-04-17T00:00:00,Lower_Agriculture_Soilwater,0.0
2024-04-18T00:00:00,Lower_Agriculture_Soilwater,0.02592
2024-04-19T00:00:00,Lower_Agriculture_Soilwater,0.0
2024-04-20T00:00:00,Lower_Agriculture_Soilwater,0.0
2024-04-21T00:00:00,Lower_Agriculture_Soilwater,0.0
2024-04-22T00:00:00,Lower_Agriculture_Soilwater,0.0
2024-04-23T00:00:00,Lower_Agriculture_Soilwater,0.0
2024-04-24T00:00:00,Lower_Agriculture_Soilwater,0.0
2024-04-25T00:00:00,Lower_Agriculture_Soilwater,0.0
2024-04-26T00:00:00,Lower_Agriculture_Soilwater,0.0
2024-04-27T00:00:00,Lower_Agriculture_Soilwater,0.0
2024-04-28T00:00:00,Lower_Agriculture_Soilwater,0.0
2024-04-29T00:00:00,Lower_Agriculture_Soilwater,0.07776000000000002
2024-04-30T00:00:00,Lower_Agriculture_Soilwater,0.40824000000000005
2024-05-01T00:00:00,Lower_Agriculture_Soilwater,0.40176000000000006
2024-05-02T00:00:00,Lower_Agriculture_Soilwater,0.4795200000000001
2024-05-03T00:00:00,Lower_Agriculture_Soilwater,0.37584000000000006
2024-05-04T00:00:00,Lower_Agriculture_Soilwater,0.032400000000000005
2024-05-05T00:00:00,Lower_Agriculture_Soilwater,0.0
2024-05-06T00:00:00,Lower_Agriculture_Soilwater,0.0
2024-05-07T00:00:00,Lower_Agriculture_Soilwater,0.20088000000000003
2024-05-08T00:00:00,Lower_Agriculture_Soilwater,0.32400000000000007
2024-05-09T00:00:00,Lower_Agriculture_Soilwater,0.18792000000000003
2024-05-10T00:00:00,Lower_Agriculture_Soilwater,0.22680000000000003
2024-05-11T00:00:00,Lower_Agriculture_Soilwater,0.16200000000000003
2024-05-12T00:00:00,Lower_Agriculture_Soilwater,0.03888000000000001
2024-05-13T00:00:00,Lower_Agriculture_Soilwater,0.0
2024-05-14T00:00:00,Lower_Agriculture_Soilwater,0.0
2024-05-15T00:00:00,Lower_Agriculture_Soilwater,0.15552000000000002
2024-05-16T00:00:00,Lower_Agriculture_Soilwater,0.06480000000000001
2024-05-17T00:00:00,Lower_Agriculture_Soilwater,0.27864000000000005
2024-05-18T00:00:00,Lower_Agriculture_Soilwater,0.2916
2024-05-19T00:00:00,Lower_Agriculture_Soilwater,0.33048000000000005
2024-05-20T00:00:00,Lower_Agriculture_Soilwater,0.29808
2024-05-21T00:00:00,Lower_Agriculture_Soilwater,0.20736000000000004
2024-05-22T00:00:00,Lower_Agriculture_Soilwater,0.20088000000000003
2024-05-23T00:00:00,Lower_Agriculture_Soilwater,0.12960000000000002
2024-05-24T00:00:00,Lower_Agriculture_Soilwater,0.0
2024-05-25T00:00:00,Lower_Agriculture_Soilwater,0.0
2024-05-26T00:00:00,Lower_Agriculture_Soilwater,0.0
2024-05-27T00:00:00,Lower_Agriculture_Soilwater,0.0
2024-05-28T00:00:00,Lower_Agriculture_Soilwater,0.0
2024-05-29T00:00:00,Lower_Agriculture_Soilwater,0.019439999999999992
2024-05-30T00:00:00,Lower_Agriculture_Soilwater,0.3823200000000001
2024-05-31T00:00:00,Lower_Agriculture_Soilwater,0.32400000000000007
2024-06-01T00:00:00,Lower_Agriculture_Soilwater,0.7056867498937769
2024-06-02T00:00:00,Lower_Agriculture_Soilwater,0.2263951384284943
2024-06-03T00:00:00,Lower_Agriculture_Soilwater,0.2002940172246729
2024-06-04T00:00:00,Lower_Agriculture_Soilwater,0.30982117466872106
2024-06-05T00:00:00,Lower_Agriculture_Soilwater,0.4382307328123656
2024-06-06T00:00:00,Lower_Agriculture_Soilwater,0.4244044810270967
2024-06-07T00:00:00,Lower_Agriculture_Soilwater,0.025666480878156473
2024-06-08T00:00:00,Lower_Agriculture_Soilwater,0.0
2024-06-09T00:00:00,Lower_Agriculture_Soilwater,0.0
2024-06-10T00:00:00,Lower_Agriculture_Soilwater,0.0
2024-06-11T00:00:00,Lower_Agriculture_Soilwater,0.0
2024-06-12T00:00:00,Lower_Agriculture_Soilwater,0.019247365876782684
2024-06-13T00:00:00,Lower_Agriculture_Soilwater,0.0
2024-06-14T00:00:00,Lower_Agriculture_Soilwater,0.0
2024-06-15T00:00:00,Lower_Agriculture_Soilwater,0.0
2024-06-16T00:00:00,Lower_Agriculture_Soilwater,0.0
2024-06-17T00:00:00,Lower_Agriculture_Soilwater,0.09622747516409956
2024-06-18T00:00:00,Lower_Agriculture_Soilwater,0.0
2024-06-19T00:00:00,Lower_Agriculture_Soilwater,0.0
2024-06-20T00:00:00,Lower_Agriculture_Soilwater,0.0
2024-06-21T00:00:00,Lower_Agriculture_Soilwater,0.0
2024-06-22T00:00:00,Lower_Agriculture_Soilwater,0.0
2024-06-23T00:00:00,Lower_Agriculture_Soilwater,0.0
2024-06-24T00:00:00,Lower_Agriculture_Soilwater,0.0
2024-06-25T00:00:00,Lower_Agriculture_Soilwater,0.09618070861116981
2024-06-26T00:00:00,Lower_Agriculture_Soilwater,0.17304113661621268
2024-06-27T00:00:00,Lower_Agriculture_Soilwater,0.18569640913581936
2024-06-28T00:00:00,Lower_Agriculture_Soilwater,0.2303030840149184
2024-06-29T00:00:00,Lower_Agriculture_Soilwater,0.13418676745700533
2024-06-30T00:00:00,Lower_Agriculture_Soilwater,0.22349244463404597
2024-07-01T00:00:00,Lower_Agriculture_Soilwater,0.1658346888356459
2024-07-02T00:00:00,Lower_Agriculture_Soilwater,0.1593221054747795
2024-07-03T00:00:00,Lower_Agriculture_Soilwater,0.23560572076263056
2024-07-04T00:00:00,Lower_Agriculture_Soilwater,0.3498048706581599
2024-07-05T00:00:00,Lower_Agriculture_Soilwater,0.36187902813787065
2024-07-06T00:00:00,Lower_Agriculture_Soilwater,0.31685149995500494
2024-07-07T00:00:00,Lower_Agriculture_Soilwater,0.2657240884410654
2024-07-08T00:00:00,Lower_Agriculture_Soilwater,0.3159077275018033
2024-07-09T00:00:00,Lower_Agriculture_Soilwater,0.18923757418995021
2024-07-10T00:00:00,Lower_Agriculture_Soilwater,0.22056257447914382
2024-07-11T00:00:00,Lower_Agriculture_Soilwater,0.25178566459392515
2024-07-12T00:00:00,Lower_Agriculture_Soilwater,0.37718902555891715
2024-07-13T00:00:00,Lower_Agriculture_Soilwater,0.41568316626766655
2024-07-14T00:00:00,Lower_Agriculture_Soilwater,0.4134997184192067
2024-07-15T00:00:00,Lower_Agriculture_Soilwater,0.5632345991198289
2024-07-16T00:00:00,Lower_Agriculture_Soilwater,1.147467093270302
2024-07-17T00:00:00,Lower_Agriculture_Soilwater,0.6156000000000001
2024-07-18T00:00:00,Lower_Agriculture_Soilwater,0.8683200000000002
2024-07-19T00:00:00,Lower_Agriculture_Soilwater,0.8164800000000001
2024-07-20T00:00:00,Lower_Agriculture_Soilwater,0.7452000000000001
2024-07-21T00:00:00,Lower_Agriculture_Soilwater,0.6804000000000001
2024-07-22T00:00:00,Lower_Agriculture_Soilwater,0.7257600000000001
2024-07-23T00:00:00,Lower_Agriculture_Soilwater,0.6415200000000001
2024-07-24T00:00:00,Lower_Agriculture_Soilwater,0.8100000000000002
2024-07-25T00:00:00,Lower_Agriculture_Soilwater,1.4830231578327455
2024-07-26T00:00:00,Lower_Agriculture_Soilwater,0.8457075026229647
2024-07-27T00:00:00,Lower_Agriculture_Soilwater,0.75215399844883
2024-07-28T00:00:00,Lower_Agriculture_Soilwater,0.6916743253908093
2024-07-29T00:00:00,Lower_Agriculture_Soilwater,0.6701113999572985
2024-07-30T00:00:00,Lower_Agriculture_Soilwater,0.7823184108502735
2024-07-31T00:00:00,Lower_Agriculture_Soilwater,0.7982060545300609
2024-08-01T00:00:00,Lower_Agriculture_Soilwater,0.7192383101631458
2024-08-02T00:00:00,Lower_Agriculture_Soilwater,0.7605824115025954
2024-08-03T00:00:00,Lower_Agriculture_Soilwater,0.7450783153630578
2024-08-04T00:00:00,Lower_Agriculture_Soilwater,0.985449447562109
2024-08-05T00:00:00,Lower_Agriculture_Soilwater,0.992814923583618
2024-08-06T00:00:00,Lower_Agriculture_Soilwater,1.037051580381924
2024-08-07T00:00:00,Lower_Agriculture_Soilwater,1.1848898415926568
2024-08-08T00:00:00,Lower_Agriculture_Soilwater,1.1016772512796653
2024-08-09T00:00:00,Lower_Agriculture_Soilwater,1.1139262372444183
2024-08-10T00:00:00,Lower_Agriculture_Soilwater,1.1786543429503324
2024-08-11T00:00:00,Lower_Agriculture_Soilwater,1.0269071756297634
2024-08-12T00:00:00,Lower_Agriculture_Soilwater,0.9975268040887617
2024-08-13T00:00:00,Lower_Agriculture_Soilwater,0.9742899426163862
2024-08-14T00:00:00,Lower_Agriculture_Soilwater,0.8043138139099005
2024-08-15T00:00:00,Lower_Agriculture_Soilwater,0.8256365118386544
2024-08-16T00:00:00,Lower_Agriculture_Soilwater,1.0546225869320107
2024-08-17T00:00:00,Lower_Agriculture_Soilwater,1.250150160662504
2024-08-18T00:00:00,Lower_Agriculture_Soilwater,1.2240012781085952
2024-08-19T00:00:00,Lower_Agriculture_Soilwater,1.1897100134087546
2024-08-20T00:00:00,Lower_Agriculture_Soilwater,1.165463875953716
2024-08-21T00:00:00,Lower_Agriculture_Soilwater,1.0978716656013376
2024-08-22T00:00:00,Lower_Agriculture_Soilwater,0.9652103280812174
2024-08-23T00:00:00,Lower_Agriculture_Soilwater,0.9718467840453623
2024-08-24T00:00:00,Lower_Agriculture_Soilwater,1.046723246920246
2024-08-25T00:00:00,Lower_Agriculture_Soilwater,1.074677329122889
2024-08-26T00:00:00,Lower_Agriculture_Soilwater,1.0613653915815286
2024-08-27T00:00:00,Lower_Agriculture_Soilwater,1.030872019351181
2024-08-28T00:00:00,Lower_Agriculture_Soilwater,1.1727708802585695
2024-08-29T00:00:00,Lower_Agriculture_Soilwater,1.1066424179402694
2024-08-30T00:00:00,Lower_Agriculture_Soilwater,1.2068645331428538
2024-08-31T00:00:00,Lower_Agriculture_Soilwater,1.1766294669630686
2024-09-01T00:00:00,Lower_Agriculture_Soilwater,1.1222187167725546
2024-09-02T00:00:00,Lower_Agriculture_Soilwater,1.2838150706242843
2024-09-03T00:00:00,Lower_Agriculture_Soilwater,1.159851347786834
2024-09-04T00:00:00,Lower_Agriculture_Soilwater,0.840987618425854
2024-09-05T00:00:00,Lower_Agriculture_Soilwater,0.9509933774302342
2024-09-06T00:00:00,Lower_Agriculture_Soilwater,1.1023374168515232
2024-09-07T00:00:00,Lower_Agriculture_Soilwater,1.148743174028837
2024-09-08T00:00:00,Lower_Agriculture_Soilwater,1.0928056726183926
2024-09-09T00:00:00,Lower_Agriculture_Soilwater,0.9292497275313534
2024-09-10T00:00:00,Lower_Agriculture_Soilwater,0.880288029976249
2024-09-11T00:00:00,Lower_Agriculture_Soilwater,1.0383183319270923
2024-09-12T00:00:00,Lower_Agriculture_Soilwater,1.125876723889772
2024-09-13T00:00:00,Lower_Agriculture_Soilwater,1.0571106057336235
2024-09-14T00:00:00,Lower_Agriculture_Soilwater,1.042941719585689
2024-09-15T00:00:00,Lower_Agriculture_Soilwater,1.1081146732432126
2024-09-16T00:00:00,Lower_Agriculture_Soilwater,1.0063891978975699
2024-09-17T00:00:00,Lower_Agriculture_Soilwater,1.0995797093119457
2024-09-18T00:00:00,Lower_Agriculture_Soilwater,1.065775055144333
2024-09-19T00:00:00,Lower_Agriculture_Soilwater,1.1123210458486112
2024-09-20T00:00:00,Lower_Agriculture_Soilwater,1.235472197897197
2024-09-21T00:00:00,Lower_Agriculture_Soilwater,1.2215476455586076
2024-09-22T00:00:00,Lower_Agriculture_Soilwater,1.186210920134085
2024-09-23T00:00:00,Lower_Agriculture_Soilwater,1.1986983801500288
2024-09-24T00:00:00,Lower_Agriculture_Soilwater,1.236834382919473
2024-09-25T00:00:00,Lower_Agriculture_Soilwater,1.189276047731103
2024-09-26T00:00:00,Lower_Agriculture_Soilwater,1.1120141731725122
2024-09-27T00:00:00,Lower_Agriculture_Soilwater,1.152493649392521
2024-09-28T00:00:00,Lower_Agriculture_Soilwater,1.1395448340732433
2024-09-29T00:00:00,Lower_Agriculture_Soilwater,1.0496280212344775
2024-09-30T00:00:00,Lower_Agriculture_Soilwater,1.037621023488473
2024-10-01T00:00:00,Lower_Agriculture_Soilwater,1.050991050022237
2024-10-02T00:00:00,Lower_Agriculture_Soilwater,1.0388951446376662
2024-10-03T00:00:00,Lower_Agriculture_Soilwater,1.0418997226142184
2024-10-04T00:00:00,Lower_Agriculture_Soilwater,1.1091162113498312
2024-10-05T00:00:00,Lower_Agriculture_Soilwater,1.1108978735370116
2024-10-06T00:00:00,Lower_Agriculture_Soilwater,1.1320404194875457
2024-10-07T00:00:00,Lower_Agriculture_Soilwater,1.1816448033093285
2024-10-08T00:00:00,Lower_Agriculture_Soilwater,1.0714082537439664
2024-10-09T00:00:00,Lower_Agriculture_Soilwater,1.133678480082507
2024-10-10T00:00:00,Lower_Agriculture_Soilwater,0.9484428090877395
2024-10-11T00:00:00,Lower_Agriculture_Soilwater,0.967804315661444
2024-10-12T00:00:00,Lower_Agriculture_Soilwater,1.0213984292169753
2024-10-13T00:00:00,Lower_Agriculture_Soilwater,1.1252367000160641
2024-10-14T00:00:00,Lower_Agriculture_Soilwater,0.9268199388222764
2024-10-15T00:00:00,Lower_Agriculture_Soilwater,0.9777176177518
2024-10-16T00:00:00,Lower_Agriculture_Soilwater,1.036870570340387
2024-10-17T00:00:00,Lower_Agriculture_Soilwater,1.0760371827302118
2024-10-18T00:00:00,Lower_Agriculture_Soilwater,1.1373367399598806
2024-10-19T00:00:00,Lower_Agriculture_Soilwater,0.9539868121984065
2024-10-20T00:00:00,Lower_Agriculture_Soilwater,0.92933575950597
2024-10-21T00:00:00,Lower_Agriculture_Soilwater,0.9910751904910231
2024-10-22T00:00:00,Lower_Agriculture_Soilwater,0.8717092846863166
2024-10-23T00:00:00,Lower_Agriculture_Soilwater,0.8528347695182684
2024-10-24T00:00:00,Lower_Agriculture_Soilwater,1.0428058443512804
2024-10-25T00:00:00,Lower_Agriculture_Soilwater,1.0480769764890656
2024-10-26T00:00:00,Lower_Agriculture_Soilwater,1.1186501333169712
2024-10-27T00:00:00,Lower_Agriculture_Soilwater,1.1180385674734294
2024-10-28T00:00:00,Lower_Agriculture_Soilwater,1.0767513425791213
2024-10-29T00:00:00,Lower_Agriculture_Soilwater,1.0987694801123518
2024-10-30T00:00:00,Lower_Agriculture_Soilwater,0.964258616781468
2024-10-31T00:00:00,Lower_Agriculture_Soilwater,0.9360950722345927
2024-11-01T00:00:00,Lower_Agriculture_Soilwater,0.9608578281830908
2024-11-02T00:00:00,Lower_Agriculture_Soilwater,1.1040340468572976
2024-11-03T00:00:00,Lower_Agriculture_Soilwater,1.1410835908885362
2024-11-04T00:00:00,Lower_Agriculture_Soilwater,1.1065035180135312
2024-11-05T00:00:00,Lower_Agriculture_Soilwater,1.080387752473583
2024-11-06T00:00:00,Lower_Agriculture_Soilwater,1.0898213316995653
2024-11-07T00:00:00,Lower_Agriculture_Soilwater,1.0987778157992014
2024-11-08T00:00:00,Lower_Agriculture_Soilwater,0.9655485850091805
2024-11-09T00:00:00,Lower_Agriculture_Soilwater,0.9985674094695434
2024-11-10T00:00:00,Lower_Agriculture_Soilwater,0.9593329670778526
2024-11-11T00:00:00,Lower_Agriculture_Soilwater,0.9622724711047681
2024-11-12T00:00:00,Lower_Agriculture_Soilwater,0.9416960490602845
2024-11-13T00:00:00,Lower_Agriculture_Soilwater,0.9338749444985477
2024-11-14T00:00:00,Lower_Agriculture_Soilwater,0.8489986458859542
2024-11-15T00:00:00,Lower_Agriculture_Soilwater,0.9516470985501616
2024-11-16T00:00:00,Lower_Agriculture_Soilwater,0.962254693883088
2024-11-17T00:00:00,Lower_Agriculture_Soilwater,1.0208950315941006
2024-11-18T00:00:00,Lower_Agriculture_Soilwater,1.0286777343129676
2024-11-19T00:00:00,Lower_Agriculture_Soilwater,0.980275944947507
2024-11-20T00:00:00,Lower_Agriculture_Soilwater,0.9476514945979685
2024-11-21T00:00:00,Lower_Agriculture_Soilwater,0.9600163038504217
2024-11-22T00:00:00,Lower_Agriculture_Soilwater,0.9219932993318123
2024-11-23T00:00:00,Lower_Agriculture_Soilwater,0.7812568949026822
2024-11-24T00:00:00,Lower_Agriculture_Soilwater,0.7902629940320608
2024-11-25T00:00:00,Lower_Agriculture_Soilwater,0.825689198537747
2024-11-26T00:00:00,Lower_Agriculture_Soilwater,0.8957267958480654
2024-11-27T00:00:00,Lower_Agriculture_Soilwater,0.9161366976987276
2024-11-28T00:00:00,Lower_Agriculture_Soilwater,0.918640722032258
2024-11-29T00:00:00,Lower_Agriculture_Soilwater,0.8388528808915876
2024-11-30T00:00:00,Lower_Agriculture_Soilwater,0.8131134451379902
2024-12-01T00:00:00,Lower_Agriculture_Soilwater,0.8594894164063526
2024-12-02T00:00:00,Lower_Agriculture_Soilwater,0.8053337621712714
2024-12-03T00:00:00,Lower_Agriculture_Soilwater,0.7354237001888407
2024-12-04T00:00:00,Lower_Agriculture_Soilwater,0.7681810276051445
2024-12-05T00:00:00,Lower_Agriculture_Soilwater,0.8779579023262026
2024-12-06T00:00:00,Lower_Agriculture_Soilwater,0.9202032947074807
2024-12-07T00:00:00,Lower_Agriculture_Soilwater,0.9139587563933906
2024-12-08T00:00:00,Lower_Agriculture_Soilwater,0.9077063411796746
2024-12-09T00:00:00,Lower_Agriculture_Soilwater,0.8887231576902653
2024-12-10T00:00:00,Lower_Agriculture_Soilwater,0.8109086565946494
2024-12-11T00:00:00,Lower_Agriculture_Soilwater,0.9233869877625371
2024-12-12T00:00:00,Lower_Agriculture_Soilwater,0.8584632480427694
2024-12-13T00:00:00,Lower_Agriculture_Soilwater,0.7823624011773452
2024-12-14T00:00:00,Lower_Agriculture_Soilwater,0.7775715578209696
2024-12-15T00:00:00,Lower_Agriculture_Soilwater,0.8259662764942804
2024-12-16T00:00:00,Lower_Agriculture_Soilwater,0.8144587693257339
2024-12-17T00:00:00,Lower_Agriculture_Soilwater,0.7772157684030038
2024-12-18T00:00:00,Lower_Agriculture_Soilwater,0.6379316290235172
2024-12-19T00:00:00,Lower_Agriculture_Soilwater,0.6642229686641666
2024-12-20T00:00:00,Lower_Agriculture_Soilwater,0.6040229043451047
2024-12-21T00:00:00,Lower_Agriculture_Soilwater,0.6420185898434229
2024-12-22T00:00:00,Lower_Agriculture_Soilwater,0.6823366122079823
2024-12-23T00:00:00,Lower_Agriculture_Soilwater,0.6812643763474338
2024-12-24T00:00:00,Lower_Agriculture_Soilwater,0.6129446395795451
2024-12-25T00:00:00,Lower_Agriculture_Soilwater,0.5304513492906567
2024-12-26T00:00:00,Lower_Agriculture_Soilwater,0.3932716641771572
2024-12-27T00:00:00,Lower_Agriculture_Soilwater,0.35420728310305244
2024-12-28T00:00:00,Lower_Agriculture_Soilwater,0.4651818366544091
2024-12-29T00:00:00,Lower_Agriculture_Soilwater,0.5066084168897886
2024-12-30T00:00:00,Lower_Agriculture_Soilwater,0.47129043715705216
2024-12-31T00:00:00,Lower_Agriculture_Soilwater,0.5158074372753677
2025-01-01T00:00:00,Lower_Agriculture_Soilwater,0.3299937597460776
2025-01-02T00:00:00,Lower_Agriculture_Soilwater,0.37915529664671455
2025-01-03T00:00:00,Lower_Agriculture_Soilwater,0.4278918215637058
2025-01-04T00:00:00,Lower_Agriculture_Soilwater,0.5341163275980957
2025-01-05T00:00:00,Lower_Agriculture_Soilwater,0.6201775991540742
2025-01-06T00:00:00,Lower_Agriculture_Soilwater,0.5869800623037422
2025-01-07T00:00:00,Lower_Agriculture_Soilwater,0.760972881253267
2025-01-08T00:00:00,Lower_Agriculture_Soilwater,0.8143512617466613
2025-01-09T00:00:00,Lower_Agriculture_Soilwater,0.7248124295124933
2025-01-10T00:00:00,Lower_Agriculture_Soilwater,0.5834571164350795
2025-01-11T00:00:00,Lower_Agriculture_Soilwater,0.40973404684567716
2025-01-12T00:00:00,Lower_Agriculture_Soilwater,0.43351995426890005
2025-01-13T00:00:00,Lower_Agriculture_Soilwater,0.46532348713498556
2025-01-14T00:00:00,Lower_Agriculture_Soilwater,0.5464382648531839
2025-01-15T00:00:00,Lower_Agriculture_Soilwater,0.4822749355298205
2025-01-16T00:00:00,Lower_Agriculture_Soilwater,0.32440495839696804
2025-01-17T00:00:00,Lower_Agriculture_Soilwater,0.4476984257856263
2025-01-18T00:00:00,Lower_Agriculture_Soilwater,0.2848590486092518
2025-01-19T00:00:00,Lower_Agriculture_Soilwater,0.2511385629792072
2025-01-20T00:00:00,Lower_Agriculture_Soilwater,0.19989937268180363
2025-01-21T00:00:00,Lower_Agriculture_Soilwater,0.21666216823984255
2025-01-22T00:00:00,Lower_Agriculture_Soilwater,0.5242756414163048
2025-01-23T00:00:00,Lower_Agriculture_Soilwater,0.7422864935488117
2025-01-24T00:00:00,Lower_Agriculture_Soilwater,0.688531816249754
2025-01-25T00:00:00,Lower_Agriculture_Soilwater,0.51723310590223
2025-01-26T00:00:00,Lower_Agriculture_Soilwater,0.6756135496933962
2025-01-27T00:00:00,Lower_Agriculture_Soilwater,0.7234207176954247
2025-01-28T00:00:00,Lower_Agriculture_Soilwater,0.6732499200985792
2025-01-29T00:00:00,Lower_Agriculture_Soilwater,0.6328005828831919
2025-01-30T00:00:00,Lower_Agriculture_Soilwater,0.5298037802946267
2025-01-31T00:00:00,Lower_Agriculture_Soilwater,0.489944821979508
2025-02-01T00:00:00,Lower_Agriculture_Soilwater,0.5353318177190658
2025-02-02T00:00:00,Lower_Agriculture_Soilwater,0.4718480483393948
2025-02-03T00:00:00,Lower_Agriculture_Soilwater,0.4432986249334648
2025-02-04T00:00:00,Lower_Agriculture_Soilwater,0.4810968237861499
2025-02-05T00:00:00,Lower_Agriculture_Soilwater,0.4261010784177693
2025-02-06T00:00:00,Lower_Agriculture_Soilwater,0.40474164654658557
2025-02-07T00:00:00,Lower_Agriculture_Soilwater,0.4023079187970365
2025-02-08T00:00:00,Lower_Agriculture_Soilwater,0.5064612609959122
2025-02-09T00:00:00,Lower_Agriculture_Soilwater,0.4482363704172509
2025-02-10T00:00:00,Lower_Agriculture_Soilwater,0.4175393806066936
2025-02-11T00:00:00,Lower_Agriculture_Soilwater,0.2574851020765888
2025-02-12T00:00:00,Lower_Agriculture_Soilwater,0.5030186430984451
2025-02-13T00:00:00,Lower_Agriculture_Soilwater,0.4488356226976708
2025-02-14T00:00:00,Lower_Agriculture_Soilwater,0.3167911873994056
2025-02-15T00:00:00,Lower_Agriculture_Soilwater,0.5136589849811453
2025-02-16T00:00:00,Lower_Agriculture_Soilwater,0.6692261459856162
2025-02-17T00:00:00,Lower_Agriculture_Soilwater,0.43310523764714176
2025-02-18T00:00:00,Lower_Agriculture_Soilwater,0.4379441987331288
2025-02-19T00:00:00,Lower_Agriculture_Soilwater,0.500212635363973
2025-02-20T00:00:00,Lower_Agriculture_Soilwater,0.23324622853575006
2025-02-21T00:00:00,Lower_Agriculture_Soilwater,0.3505548675416722
2025-02-22T00:00:00,Lower_Agriculture_Soilwater,0.23343131577333076
2025-02-23T00:00:00,Lower_Agriculture_Soilwater,0.2283018811172743
2025-02-24T00:00:00,Lower_Agriculture_Soilwater,0.17947672817065216
2025-02-25T00:00:00,Lower_Agriculture_Soilwater,0.1550437817882664
2025-02-26T00:00:00,Lower_Agriculture_Soilwater,0.16499642888405025
2025-02-27T00:00:00,Lower_Agriculture_Soilwater,0.5142841629638142
2025-02-28T00:00:00,Lower_Agriculture_Soilwater,0.46913955799457285
2025-03-01T00:00:00,Lower_Agriculture_Soilwater,0.17840519658762288
2025-03-02T00:00:00,Lower_Agriculture_Soilwater,0.07705822468111934
2025-03-03T00:00:00,Lower_Agriculture_Soilwater,0.41397775191920283
2025-03-04T00:00:00,Lower_Agriculture_Soilwater,0.2784173645321465
2025-03-05T00:00:00,Lower_Agriculture_Soilwater,0.4897279709755916
2025-03-06T00:00:00,Lower_Agriculture_Soilwater,0.276569451911241
2025-03-07T00:00:00,Lower_Agriculture_Soilwater,0.34226414912570585
2025-03-08T00:00:00,Lower_Agriculture_Soilwater,0.2407538315978863
2025-03-09T00:00:00,Lower_Agriculture_Soilwater,0.0
2025-03-10T00:00:00,Lower_Agriculture_Soilwater,0.0
2025-03-11T00:00:00,Lower_Agriculture_Soilwater,0.0
2025-03-12T00:00:00,Lower_Agriculture_Soilwater,0.26660315569148196
2025-03-13T00:00:00,Lower_Agriculture_Soilwater,0.48311967873696054
2025-03-14T00:00:00,Lower_Agriculture_Soilwater,0.5700918133832831
2025-03-15T00:00:00,Lower_Agriculture_Soilwater,0.25460562236519213
2025-03-16T00:00:00,Lower_Agriculture_Soilwater,0.25559839732914097
2025-03-17T00:00:00,Lower_Agriculture_Soilwater,0.42889537438787856
2025-03-18T00:00:00,Lower_Agriculture_Soilwater,0.5169698282334312
2025-03-19T00:00:00,Lower_Agriculture_Soilwater,0.456565009985425
2025-03-20T00:00:00,Lower_Agriculture_Soilwater,0.26924432810675336
2025-03-21T00:00:00,Lower_Agriculture_Soilwater,0.4374505914793505
2025-03-22T00:00:00,Lower_Agriculture_Soilwater,0.39775192126004816
2025-03-23T00:00:00,Lower_Agriculture_Soilwater,0.4771741956183159
2025-03-24T00:00:00,Lower_Agriculture_Soilwater,0.5156646145442582
2025-03-25T00:00:00,Lower_Agriculture_Soilwater,0.43331954768503844
2025-03-26T00:00:00,Lower_Agriculture_Soilwater,0.5031270252213447
2025-03-27T00:00:00,Lower_Agriculture_Soilwater,0.5411607879990573
2025-03-28T00:00:00,Lower_Agriculture_Soilwater,0.34422307561471593
2025-03-29T00:00:00,Lower_Agriculture_Soilwater,0.33412978412509
2025-03-30T00:00:00,Lower_Agriculture_Soilwater,0.4927672793102879
2025-03-31T00:00:00,Lower_Agriculture_Soilwater,0.41603127811648416
2025-04-01T00:00:00,Lower_Agriculture_Soilwater,0.33417254340337477
2025-04-02T00:00:00,Lower_Agriculture_Soilwater,0.39416850429908296
2025-04-03T00:00:00,Lower_Agriculture_Soilwater,0.3478304514938172
2025-04-04T00:00:00,Lower_Agriculture_Soilwater,0.40293526457105194
2025-04-05T00:00:00,Lower_Agriculture_Soilwater,0.4130069862294793
2025-04-06T00:00:00,Lower_Agriculture_Soilwater,0.4607078194345596
2025-04-07T00:00:00,Lower_Agriculture_Soilwater,0.3344724223387651
2025-04-08T00:00:00,Lower_Agriculture_Soilwater,0.4062562752727409
2025-04-09T00:00:00,Lower_Agriculture_Soilwater,0.5398157655484869
2025-04-10T00:00:00,Lower_Agriculture_Soilwater,0.5293752539265139
2025-04-11T00:00:00,Lower_Agriculture_Soilwater,0.5140126062662329
2025-04-12T00:00:00,Lower_Agriculture_Soilwater,0.16239254491371294
2025-04-13T00:00:00,Lower_Agriculture_Soilwater,0.026329648146992332
2025-04-14T00:00:00,Lower_Agriculture_Soilwater,0.0
2025-04-15T00:00:00,Lower_Agriculture_Soilwater,0.0
2025-04-16T00:00:00,Lower_Agriculture_Soilwater,0.0
2025-04-17T00:00:00,Lower_Agriculture_Soilwater,0.0
2025-04-18T00:00:00,Lower_Agriculture_Soilwater,0.0
2025-04-19T00:00:00,Lower_Agriculture_Soilwater,0.0
2025-04-20T00:00:00,Lower_Agriculture_Soilwater,0.0
2025-04-21T00:00:00,Lower_Agriculture_Soilwater,0.01588361800101418
2025-04-22T00:00:00,Lower_Agriculture_Soilwater,0.0741168745365414
2025-04-23T00:00:00,Lower_Agriculture_Soilwater,0.047625063008790415
2025-04-24T00:00:00,Lower_Agriculture_Soilwater,0.0
2025-04-25T00:00:00,Lower_Agriculture_Soilwater,0.0
2025-04-26T00:00:00,Lower_Agriculture_Soilwater,0.0
2025-04-27T00:00:00,Lower_Agriculture_Soilwater,0.010580273663285325
2025-04-28T00:00:00,Lower_Agriculture_Soilwater,0.03173876449545785
2025-04-29T00:00:00,Lower_Agriculture_Soilwater,0.15362860385232963
2025-04-30T00:00:00,Lower_Agriculture_Soilwater,0.1906374457031117
2025-05-01T00:00:00,Lower_Agriculture_Soilwater,0.07406395712158752
2025-05-02T00:00:00,Lower_Agriculture_Soilwater,0.0581702866796781
2025-05-03T00:00:00,Lower_Agriculture_Soilwater,0.016008423488686446
2025-05-04T00:00:00,Lower_Agriculture_Soilwater,0.20873691111177484
2025-05-05T00:00:00,Lower_Agriculture_Soilwater,0.3217033468489504
2025-05-06T00:00:00,Lower_Agriculture_Soilwater,0.3321165327501437
2025-05-07T00:00:00,Lower_Agriculture_Soilwater,0.25669267351402425
2025-05-08T00:00:00,Lower_Agriculture_Soilwater,0.24564226785827614
2025-05-09T00:00:00,Lower_Agriculture_Soilwater,0.2506176862074778
2025-05-10T00:00:00,Lower_Agriculture_Soilwater,0.33012962613879254
2025-05-11T00:00:00,Lower_Agriculture_Soilwater,0.3916998133065277
2025-05-12T00:00:00,Lower_Agriculture_Soilwater,0.381659876104326
2025-05-13T00:00:00,Lower_Agriculture_Soilwater,0.3936704718377031
2025-05-14T00:00:00,Lower_Agriculture_Soilwater,0.3010633969665102
2025-05-15T00:00:00,Lower_Agriculture_Soilwater,0.29540458616930343
2025-05-16T00:00:00,Lower_Agriculture_Soilwater,0.3072376679151098
2025-05-17T00:00:00,Lower_Agriculture_Soilwater,0.3345809336599095
2025-05-18T00:00:00,Lower_Agriculture_Soilwater,0.3573940469965957
2025-05-19T00:00:00,Lower_Agriculture_Soilwater,0.45121978726146267
2025-05-20T00:00:00,Lower_Agriculture_Soilwater,0.4174951669558085
2025-05-21T00:00:00,Lower_Agriculture_Soilwater,0.25763501980516007
2025-05-22T00:00:00,Lower_Agriculture_Soilwater,0.13226102179046717
2025-05-23T00:00:00,Lower_Agriculture_Soilwater,0.1995309296280114
2025-05-24T00:00:00,Lower_Agriculture_Soilwater,0.3224607312614148
2025-05-25T00:00:00,Lower_Agriculture_Soilwater,0.4379097554230397
2025-05-26T00:00:00,Lower_Agriculture_Soilwater,0.568641193704559
2025-05-27T00:00:00,Lower_Agriculture_Soilwater,0.6296447035182178
2025-05-28T00:00:00,Lower_Agriculture_Soilwater,0.41836417502547785
2025-05-29T00:00:00,Lower_Agriculture_Soilwater,0.3440713217760991
2025-05-30T00:00:00,Lower_Agriculture_Soilwater,0.3673767396211204
2025-05-31T00:00:00,Lower_Agriculture_Soilwater,0.3727399451884847
2025-06-01T00:00:00,Lower_Agriculture_Soilwater,0.3382804510351897
2025-06-02T00:00:00,Lower_Agriculture_Soilwater,0.3456197161113903
2025-06-03T00:00:00,Lower_Agriculture_Soilwater,0.36839717361817215
2025-06-04T00:00:00,Lower_Agriculture_Soilwater,0.44148229287951146
2025-06-05T00:00:00,Lower_Agriculture_Soilwater,0.3896543332092226
2025-06-06T00:00:00,Lower_Agriculture_Soilwater,0.4169914115955416
2025-06-07T00:00:00,Lower_Agriculture_Soilwater,0.6352485325237659
2025-06-08T00:00:00,Lower_Agriculture_Soilwater,0.5937208048933086
2025-06-09T00:00:00,Lower_Agriculture_Soilwater,0.7535593186210564
2025-06-10T00:00:00,Lower_Agriculture_Soilwater,0.6190476080654645
2025-06-11T00:00:00,Lower_Agriculture_Soilwater,0.5062737961497539
2025-06-12T00:00:00,Lower_Agriculture_Soilwater,0.6104132865893384
2025-06-13T00:00:00,Lower_Agriculture_Soilwater,0.5640759655591006
2025-06-14T00:00:00,Lower_Agriculture_Soilwater,0.6019522597788907
2025-06-15T00:00:00,Lower_Agriculture_Soilwater,0.38861522619242195
2025-06-16T00:00:00,Lower_Agriculture_Soilwater,0.20703961484935224
2025-06-17T00:00:00,Lower_Agriculture_Soilwater,0.2995536047529294
2025-06-18T00:00:00,Lower_Agriculture_Soilwater,0.17269076041651693
2025-06-19T00:00:00,Lower_Agriculture_Soilwater,0.1230759850028459
2025-06-20T00:00:00,Lower_Agriculture_Soilwater,0.4015492361406071
2025-06-21T00:00:00,Lower_Agriculture_Soilwater,0.7621637850813414
2025-06-22T00:00:00,Lower_Agriculture_Soilwater,0.594781513666602
2025-06-23T00:00:00,Lower_Agriculture_Soilwater,0.5577873845374526
2025-06-24T00:00:00,Lower_Agriculture_Soilwater,0.403923992594083
2025-06-25T00:00:00,Lower_Agriculture_Soilwater,0.43917774686988875
2025-06-26T00:00:00,Lower_Agriculture_Soilwater,0.46186668808274045
2025-06-27T00:00:00,Lower_Agriculture_Soilwater,0.5599772069796929
2025-06-28T00:00:00,Lower_Agriculture_Soilwater,0.5641036470238726
2025-06-29T00:00:00,Lower_Agriculture_Soilwater,0.608727789033597
2025-06-30T00:00:00,Lower_Agriculture_Soilwater,0.606663300592378
2025-07-01T00:00:00,Lower_Agriculture_Soilwater,0.408825821186075
2025-07-02T00:00:00,Lower_Agriculture_Soilwater,0.28149867787943395
2025-07-03T00:00:00,Lower_Agriculture_Soilwater,0.38429542947270817
2025-07-04T00:00:00,Lower_Agriculture_Soilwater,0.33195153106213193
2025-07-05T00:00:00,Lower_Agriculture_Soilwater,0.3827406678307131
2025-07-06T00:00:00,Lower_Agriculture_Soilwater,0.5016128979025418
2025-07-07T00:00:00,Lower_Agriculture_Soilwater,0.6466857040886659
2025-07-08T00:00:00,Lower_Agriculture_Soilwater,0.5739797477255042
2025-07-09T00:00:00,Lower_Agriculture_Soilwater,0.49138433467227877
2025-07-10T00:00:00,Lower_Agriculture_Soilwater,0.4165987446188436
2025-07-11T00:00:00,Lower_Agriculture_Soilwater,0.4703337894693561
2025-07-12T00:00:00,Lower_Agriculture_Soilwater,0.6597373727714279
2025-07-13T00:00:00,Lower_Agriculture_Soilwater,0.683271488379206
2025-07-14T00:00:00,Lower_Agriculture_Soilwater,0.7703516764891734
2025-07-15T00:00:00,Lower_Agriculture_Soilwater,0.6729380904585581
2025-07-16T00:00:00,Lower_Agriculture_Soilwater,0.6411245751310191
2025-07-17T00:00:00,Lower_Agriculture_Soilwater,0.6154409633368106
2025-07-18T00:00:00,Lower_Agriculture_Soilwater,0.8076040540389524
2025-07-19T00:00:00,Lower_Agriculture_Soilwater,0.6995564730295698
2025-07-20T00:00:00,Lower_Agriculture_Soilwater,0.6911724399564881
2025-07-21T00:00:00,Lower_Agriculture_Soilwater,0.8389957834493845
2025-07-22T00:00:00,Lower_Agriculture_Soilwater,0.8926647935068358
2025-07-23T00:00:00,Lower_Agriculture_Soilwater,0.8136954729603125
2025-07-24T00:00:00,Lower_Agriculture_Soilwater,0.6331329990716602
2025-07-25T00:00:00,Lower_Agriculture_Soilwater,0.5797060168570697
2025-07-26T00:00:00,Lower_Agriculture_Soilwater,0.6740887677188234
2025-07-27T00:00:00,Lower_Agriculture_Soilwater,0.823844648652436
2025-07-28T00:00:00,Lower_Agriculture_Soilwater,0.95473346101026
2025-07-29T00:00:00,Lower_Agriculture_Soilwater,1.0667628629365427
2025-07-30T00:00:00,Lower_Agriculture_Soilwater,0.7160251789829913
2025-07-31T00:00:00,Lower_Agriculture_Soilwater,0.5751269361265334
2025-08-01T00:00:00,Lower_Agriculture_Soilwater,0.4412385013387478
2025-08-02T00:00:00,Lower_Agriculture_Soilwater,0.531565670042905
2025-08-03T00:00:00,Lower_Agriculture_Soilwater,0.5529009676984812
2025-08-04T00:00:00,Lower_Agriculture_Soilwater,0.49502678877505774
2025-08-05T00:00:00,Lower_Agriculture_Soilwater,0.5217042219472052
2025-08-06T00:00:00,Lower_Agriculture_Soilwater,0.5217780458531648
2025-08-07T00:00:00,Lower_Agriculture_Soilwater,0.5660916120801903
2025-08-08T00:00:00,Lower_Agriculture_Soilwater,0.5668186776490266
2025-08-09T00:00:00,Lower_Agriculture_Soilwater,0.7029627810352932
2025-08-10T00:00:00,Lower_Agriculture_Soilwater,0.6353641685750052
2025-08-11T00:00:00,Lower_Agriculture_Soilwater,0.7478088364381266
2025-08-12T00:00:00,Lower_Agriculture_Soilwater,0.746468466597185
2025-08-13T00:00:00,Lower_Agriculture_Soilwater,0.8073806341437184
2025-08-14T00:00:00,Lower_Agriculture_Soilwater,0.7063131105837334
2025-08-15T00:00:00,Lower_Agriculture_Soilwater,0.7092813648309261
2025-08-16T00:00:00,Lower_Agriculture_Soilwater,1.0482850091497047
2025-08-17T00:00:00,Lower_Agriculture_Soilwater,1.0986789683174651
2025-08-18T00:00:00,Lower_Agriculture_Soilwater,1.091776794479022
2025-08-19T00:00:00,Lower_Agriculture_Soilwater,0.9780517049473768
2025-08-20T00:00:00,Lower_Agriculture_Soilwater,1.1350133786407601
2025-08-21T00:00:00,Lower_Agriculture_Soilwater,1.230759152088319
2025-08-22T00:00:00,Lower_Agriculture_Soilwater,1.3681562867171015
2025-08-23T00:00:00,Lower_Agriculture_Soilwater,1.4212606747288616
2025-08-24T00:00:00,Lower_Agriculture_Soilwater,1.4270964481837944
2025-08-25T00:00:00,Lower_Agriculture_Soilwater,1.3253230870901445
2025-08-26T00:00:00,Lower_Agriculture_Soilwater,1.0298151342320518
2025-08-27T00:00:00,Lower_Agriculture_Soilwater,0.7009991206149209
2025-08-28T00:00:00,Lower_Agriculture_Soilwater,0.64827156619333
2025-08-29T00:00:00,Lower_Agriculture_Soilwater,0.8390068517982793
2025-08-30T00:00:00,Lower_Agriculture_Soilwater,0.8206944837343376
2025-08-31T00:00:00,Lower_Agriculture_Soilwater,0.907482591792538
2025-09-01T00:00:00,Lower_Agriculture_Soilwater,0.9553259346101696
2025-09-02T00:00:00,Lower_Agriculture_Soilwater,0.9454047982216883
2025-09-03T00:00:00,Lower_Agriculture_Soilwater,0.9054932539002318
2025-09-04T00:00:00,Lower_Agriculture_Soilwater,1.0064472627725007
2025-09-05T00:00:00,Lower_Agriculture_Soilwater,1.121285647256954
2025-09-06T00:00:00,Lower_Agriculture_Soilwater,1.0433697564603226
2025-09-07T00:00:00,Lower_Agriculture_Soilwater,1.036934269230057
2025-09-08T00:00:00,Lower_Agriculture_Soilwater,1.1485804407084206
2025-09-09T00:00:00,Lower_Agriculture_Soilwater,1.2685438569367027
2025-09-10T00:00:00,Lower_Agriculture_Soilwater,1.2005862053885734
2025-09-11T00:00:00,Lower_Agriculture_Soilwater,1.128756571539151
2025-09-12T00:00:00,Lower_Agriculture_Soilwater,1.0846145415055906
2025-09-13T00:00:00,Lower_Agriculture_Soilwater,0.9340011934642745
2025-09-14T00:00:00,Lower_Agriculture_Soilwater,0.8721869101464141
2025-09-15T00:00:00,Lower_Agriculture_Soilwater,1.01328446632109
2025-09-16T00:00:00,Lower_Agriculture_Soilwater,0.9347089709515474
2025-09-17T00:00:00,Lower_Agriculture_Soilwater,0.7957802275430946
2025-09-18T00:00:00,Lower_Agriculture_Soilwater,1.0037208351945182
2025-09-19T00:00:00,Lower_Agriculture_Soilwater,0.8288759097323538
2025-09-20T00:00:00,Lower_Agriculture_Soilwater,0.7620885176385852
2025-09-21T00:00:00,Lower_Agriculture_Soilwater,0.713432798383528
2025-09-22T00:00:00,Lower_Agriculture_Soilwater,0.7490249299942682
2025-09-23T00:00:00,Lower_Agriculture_Soilwater,0.7068447870973649
2025-09-24T00:00:00,Lower_Agriculture_Soilwater,0.9153755568770715
2025-09-25T00:00:00,Lower_Agriculture_Soilwater,0.8388443379702301
2025-09-26T00:00:00,Lower_Agriculture_Soilwater,0.8395849654152324
2025-09-27T00:00:00,Lower_Agriculture_Soilwater,0.8407818622763635
2025-09-28T00:00:00,Lower_Agriculture_Soilwater,0.8878570685588442
2025-09-29T00:00:00,Lower_Agriculture_Soilwater,0.9632386204405404
2025-09-30T00:00:00,Lower_Agriculture_Soilwater,0.923492847620491
2025-10-01T00:00:00,Lower_Agriculture_Soilwater,0.9190045193503612
2025-10-02T00:00:00,Lower_Agriculture_Soilwater,0.9811336487571516
2025-10-03T00:00:00,Lower_Agriculture_Soilwater,1.0063649546747748
2025-10-04T00:00:00,Lower_Agriculture_Soilwater,1.1405984400430056
2025-10-05T00:00:00,Lower_Agriculture_Soilwater,1.1943529555439274
2025-10-06T00:00:00,Lower_Agriculture_Soilwater,1.2007465414530065
2025-10-07T00:00:00,Lower_Agriculture_Soilwater,1.3223356332627103
2025-10-08T00:00:00,Lower_Agriculture_Soilwater,1.3360247227631705
2025-10-09T00:00:00,Lower_Agriculture_Soilwater,1.3293762498893062
2025-10-10T00:00:00,Lower_Agriculture_Soilwater,1.2492094302052064
2025-10-11T00:00:00,Lower_Agriculture_Soilwater,1.0639875218173969
2025-10-12T00:00:00,Lower_Agriculture_Soilwater,1.0274946994396725
2025-10-13T00:00:00,Lower_Agriculture_Soilwater,1.1497508245750345
2025-10-14T00:00:00,Lower_Agriculture_Soilwater,1.098030011102511
2025-10-15T00:00:00,Lower_Agriculture_Soilwater,1.0945297283474669
2025-10-16T00:00:00,Lower_Agriculture_Soilwater,1.1378080873611935
2025-10-17T00:00:00,Lower_Agriculture_Soilwater,1.1288498981896187
2025-10-18T00:00:00,Lower_Agriculture_Soilwater,1.1153533395611113
2025-10-19T00:00:00,Lower_Agriculture_Soilwater,1.031502836210986
2025-10-20T00:00:00,Lower_Agriculture_Soilwater,1.0977393731156384
2025-10-21T00:00:00,Lower_Agriculture_Soilwater,1.0928534224048767
2025-10-22T00:00:00,Lower_Agriculture_Soilwater,1.1634631421268056
2025-10-23T00:00:00,Lower_Agriculture_Soilwater,1.2150950114509427
2025-10-24T00:00:00,Lower_Agriculture_Soilwater,1.2549564962359536
2025-10-25T00:00:00,Lower_Agriculture_Soilwater,1.266273846346281
2025-10-26T00:00:00,Lower_Agriculture_Soilwater,1.2281450866160957
2025-10-27T00:00:00,Lower_Agriculture_Soilwater,1.1556336404854215
2025-10-28T00:00:00,Lower_Agriculture_Soilwater,1.1762914119990475
2025-10-29T00:00:00,Lower_Agriculture_Soilwater,1.204871002863458
2025-10-30T00:00:00,Lower_Agriculture_Soilwater,1.1285809125948445
2025-10-31T00:00:00,Lower_Agriculture_Soilwater,1.1346191637673098
2025-11-01T00:00:00,Lower_Agriculture_Soilwater,1.1393510349833618
2025-11-02T00:00:00,Lower_Agriculture_Soilwater,1.146941000222639
2025-11-03T00:00:00,Lower_Agriculture_Soilwater,1.2412970472328841
2025-11-04T00:00:00,Lower_Agriculture_Soilwater,1.359429640833024
2025-11-05T00:00:00,Lower_Agriculture_Soilwater,1.1773875710644814
2025-11-06T00:00:00,Lower_Agriculture_Soilwater,1.1601949294363236
2025-11-07T00:00:00,Lower_Agriculture_Soilwater,1.1502552108600637
2025-11-08T00:00:00,Lower_Agriculture_Soilwater,1.183254601040583
2025-11-09T00:00:00,Lower_Agriculture_Soilwater,1.2132925282492817
2025-11-10T00:00:00,Lower_Agriculture_Soilwater,1.1432859344696849
2025-11-11T00:00:00,Lower_Agriculture_Soilwater,1.093714205316826
2025-11-12T00:00:00,Lower_Agriculture_Soilwater,1.0310915656093544
2025-11-13T00:00:00,Lower_Agriculture_Soilwater,0.9977028651528828
2025-11-14T00:00:00,Lower_Agriculture_Soilwater,1.0049773492852316
2025-11-15T00:00:00,Lower_Agriculture_Soilwater,1.020915198658883
2025-11-16T00:00:00,Lower_Agriculture_Soilwater,1.0379366000817214
2025-11-17T00:00:00,Lower_Agriculture_Soilwater,0.9652560439302679
2025-11-18T00:00:00,Lower_Agriculture_Soilwater,0.9721548078530833
2025-11-19T00:00:00,Lower_Agriculture_Soilwater,0.9250887834575552
2025-11-20T00:00:00,Lower_Agriculture_Soilwater,0.935947812430921
2025-11-21T00:00:00,Lower_Agriculture_Soilwater,0.9490928894550843
2025-11-22T00:00:00,Lower_Agriculture_Soilwater,0.9793465793988999
2025-11-23T00:00:00,Lower_Agriculture_Soilwater,0.8786855922307151
2025-11-24T00:00:00,Lower_Agriculture_Soilwater,0.8588668899297659
2025-11-25T00:00:00,Lower_Agriculture_Soilwater,0.850286454559783
2025-11-26T00:00:00,Lower_Agriculture_Soilwater,0.8230068142877173
2025-11-27T00:00:00,Lower_Agriculture_Soilwater,0.9862611234610953
2025-11-28T00:00:00,Lower_Agriculture_Soilwater,0.9162018213300055
2025-11-29T00:00:00,Lower_Agriculture_Soilwater,0.9159923068278297
2025-11-30T00:00:00,Lower_Agriculture_Soilwater,0.8072370733031141
2025-12-01T00:00:00,Lower_Agriculture_Soilwater,0.8372510005953949
2025-12-02T00:00:00,Lower_Agriculture_Soilwater,0.8667066313466742
2025-12-03T00:00:00,Lower_Agriculture_Soilwater,0.9149636084032323
2025-12-04T00:00:00,Lower_Agriculture_Soilwater,0.9430420849196989
2025-12-05T00:00:00,Lower_Agriculture_Soilwater,1.0278906815087536
2025-12-06T00:00:00,Lower_Agriculture_Soilwater,0.9542643802137183
2025-12-07T00:00:00,Lower_Agriculture_Soilwater,0.8867332201721747
2025-12-08T00:00:00,Lower_Agriculture_Soilwater,0.9422751343074363
2025-12-09T00:00:00,Lower_Agriculture_Soilwater,0.968862744219729
2025-12-10T00:00:00,Lower_Agriculture_Soilwater,0.8952354050041414
2025-12-11T00:00:00,Lower_Agriculture_Soilwater,0.8580252740514903
2025-12-12T00:00:00,Lower_Agriculture_Soilwater,0.802214410853406
2025-12-13T00:00:00,Lower_Agriculture_Soilwater,0.8347088924460824
2025-12-14T00:00:00,Lower_Agriculture_Soilwater,0.8115087669852843
2025-12-15T00:00:00,Lower_Agriculture_Soilwater,0.7293704400688985
2025-12-16T00:00:00,Lower_Agriculture_Soilwater,0.7573374173814729
2025-12-17T00:00:00,Lower_Agriculture_Soilwater,0.7803033251995722
2025-12-18T00:00:00,Lower_Agriculture_Soilwater,0.7265933838550105
2025-12-19T00:00:00,Lower_Agriculture_Soilwater,0.7317029731733083
2025-12-20T00:00:00,Lower_Agriculture_Soilwater,0.7411287283978126
2025-12-21T00:00:00,Lower_Agriculture_Soilwater,0.7282908752845545
2025-12-22T00:00:00,Lower_Agriculture_Soilwater,0.7610656510063569
2025-12-23T00:00:00,Lower_Agriculture_Soilwater,0.618206315693148
2025-12-24T00:00:00,Lower_Agriculture_Soilwater,0.39439608583684926
2025-12-25T00:00:00,Lower_Agriculture_Soilwater,0.45805994419626045
2025-12-26T00:00:00,Lower_Agriculture_Soilwater,0.5683760138683294
2025-12-27T00:00:00,Lower_Agriculture_Soilwater,0.7171201812058782
2025-12-28T00:00:00,Lower_Agriculture_Soilwater,0.8196171009325846
2025-12-29T00:00:00,Lower_Agriculture_Soilwater,0.8629001906377531
2025-12-30T00:00:00,Lower_Agriculture_Soilwater,0.7589703869620904
2025-12-31T00:00:00,Lower_Agriculture_Soilwater,0.5018080056288352
2026-01-01T00:00:00,Lower_Agriculture_Soilwater,0.5234465936199517
2026-01-02T00:00:00,Lower_Agriculture_Soilwater,0.7481913773901746
2026-01-03T00:00:00,Lower_Agriculture_Soilwater,0.7313787225217894
2026-01-04T00:00:00,Lower_Agriculture_Soilwater,0.7743683166321709
2026-01-05T00:00:00,Lower_Agriculture_Soilwater,0.7933619815433649
2026-01-06T00:00:00,Lower_Agriculture_Soilwater,0.5929940095513235
2026-01-07T00:00:00,Lower_Agriculture_Soilwater,0.6281978104324331
2026-01-08T00:00:00,Lower_Agriculture_Soilwater,0.7707198150457374
2026-01-09T00:00:00,Lower_Agriculture_Soilwater,0.7725322041685088
2026-01-10T00:00:00,Lower_Agriculture_Soilwater,0.8315639270081058
2026-01-11T00:00:00,Lower_Agriculture_Soilwater,0.7001174453923563
2026-01-12T00:00:00,Lower_Agriculture_Soilwater,0.6558825057698963
2026-01-13T00:00:00,Lower_Agriculture_Soilwater,0.6524038829411488
2026-01-14T00:00:00,Lower_Agriculture_Soilwater,0.6510861881098079
2026-01-15T00:00:00,Lower_Agriculture_Soilwater,0.5589838640845344
2026-01-16T00:00:00,Lower_Agriculture_Soilwater,0.4874557925785671
2026-01-17T00:00:00,Lower_Agriculture_Soilwater,0.46115469227694306
2026-01-18T00:00:00,Lower_Agriculture_Soilwater,0.5935974077405816
2026-01-19T00:00:00,Lower_Agriculture_Soilwater,0.8641141934196278
2026-01-20T00:00:00,Lower_Agriculture_Soilwater,0.7072762928553887
2026-01-21T00:00:00,Lower_Agriculture_Soilwater,0.5627200487238306
2026-01-22T00:00:00,Lower_Agriculture_Soilwater,0.44386170578454615
2026-01-23T00:00:00,Lower_Agriculture_Soilwater,0.4536983738793562
2026-01-24T00:00:00,Lower_Agriculture_Soilwater,0.6533117824865634
2026-01-25T00:00:00,Lower_Agriculture_Soilwater,0.7263528708414315
2026-01-26T00:00:00,Lower_Agriculture_Soilwater,0.7857702032223588
2026-01-27T00:00:00,Lower_Agriculture_Soilwater,0.8890940085481807
2026-01-28T00:00:00,Lower_Agriculture_Soilwater,0.9448975276935082
2026-01-29T00:00:00,Lower_Agriculture_Soilwater,0.617793626708894
2026-01-30T00:00:00,Lower_Agriculture_Soilwater,0.34519519715602454
2026-01-31T00:00:00,Lower_Agriculture_Soilwater,0.2346093815153517
2026-02-01T00:00:00,Lower_Agriculture_Soilwater,0.5277739487578587
2026-02-02T00:00:00,Lower_Agriculture_Soilwater,0.8140592414335204
2026-02-03T00:00:00,Lower_Agriculture_Soilwater,0.7932933968036128
2026-02-04T00:00:00,Lower_Agriculture_Soilwater,0.7651800913531002
2026-02-05T00:00:00,Lower_Agriculture_Soilwater,0.4389377479835056
2026-02-06T00:00:00,Lower_Agriculture_Soilwater,0.28993059018586537
2026-02-07T00:00:00,Lower_Agriculture_Soilwater,0.3159268938734806
2026-02-08T00:00:00,Lower_Agriculture_Soilwater,0.417504758209323
2026-02-09T00:00:00,Lower_Agriculture_Soilwater,0.5396216331686096
2026-02-10T00:00:00,Lower_Agriculture_Soilwater,0.6457884672444889
2026-02-11T00:00:00,Lower_Agriculture_Soilwater,0.6453368947213047
2026-02-12T00:00:00,Lower_Agriculture_Soilwater,0.5464053814959641
2026-02-13T00:00:00,Lower_Agriculture_Soilwater,0.5599896986694569
2026-02-14T00:00:00,Lower_Agriculture_Soilwater,0.558064538350684
2026-02-15T00:00:00,Lower_Agriculture_Soilwater,0.5510436972282027
2026-02-16T00:00:00,Lower_Agriculture_Soilwater,0.5289547519519104
2026-02-17T00:00:00,Lower_Agriculture_Soilwater,0.4568700459824899
2026-02-18T00:00:00,Lower_Agriculture_Soilwater,0.46052948712761016
2026-02-19T00:00:00,Lower_Agriculture_Soilwater,0.3892852690207209
2026-02-20T00:00:00,Lower_Agriculture_Soilwater,0.40893376388473185
2026-02-21T00:00:00,Lower_Agriculture_Soilwater,0.37383522451829454
2026-02-22T00:00:00,Lower_Agriculture_Soilwater,0.3234355407953992
2026-02-23T00:00:00,Lower_Agriculture_Soilwater,0.43706462078031383
2026-02-24T00:00:00,Lower_Agriculture_Soilwater,0.5396480425930346
2026-02-25T00:00:00,Lower_Agriculture_Soilwater,0.3695566962536147
2026-02-26T00:00:00,Lower_Agriculture_Soilwater,0.18950422902157724
2026-02-27T00:00:00,Lower_Agriculture_Soilwater,0.2839998019673912
2026-02-28T00:00:00,Lower_Agriculture_Soilwater,0.3083754434570832
2026-03-01T00:00:00,Lower_Agriculture_Soilwater,0.25812738873726326
2026-03-02T00:00:00,Lower_Agriculture_Soilwater,0.2428285958186804
2026-03-03T00:00:00,Lower_Agriculture_Soilwater,0.23254839632033497
2026-03-04T00:00:00,Lower_Agriculture_Soilwater,0.29147831343786623
2026-03-05T00:00:00,Lower_Agriculture_Soilwater,0.24161256867488143
2026-03-06T00:00:00,Lower_Agriculture_Soilwater,0.32984376380127933
2026-03-07T00:00:00,Lower_Agriculture_Soilwater,0.27607435310892386
2026-03-08T00:00:00,Lower_Agriculture_Soilwater,0.2763921964663446
2026-03-09T00:00:00,Lower_Agriculture_Soilwater,0.3519353245820477
2026-03-10T00:00:00,Lower_Agriculture_Soilwater,0.37166285716729097
2026-03-11T00:00:00,Lower_Agriculture_Soilwater,0.30670285170205275
2026-03-12T00:00:00,Lower_Agriculture_Soilwater,0.3766956277205601
2026-03-13T00:00:00,Lower_Agriculture_Soilwater,0.38616728379166837
2026-03-14T00:00:00,Lower_Agriculture_Soilwater,0.2996484802366518
2026-03-15T00:00:00,Lower_Agriculture_Soilwater,0.27016359703402093
2026-03-16T00:00:00,Lower_Agriculture_Soilwater,0.26502518684844667
2026-03-17T00:00:00,Lower_Agriculture_Soilwater,0.4113425715652812
2026-03-18T00:00:00,Lower_Agriculture_Soilwater,0.2956612010113873
2026-03-19T00:00:00,Lower_Agriculture_Soilwater,0.16113722446748013
2026-03-20T00:00:00,Lower_Agriculture_Soilwater,0.27015048428509925
2026-03-21T00:00:00,Lower_Agriculture_Soilwater,0.43441062623564375
2026-03-22T00:00:00,Lower_Agriculture_Soilwater,0.25520337022282813
2026-03-23T00:00:00,Lower_Agriculture_Soilwater,0.1534453520469952
2026-03-24T00:00:00,Lower_Agriculture_Soilwater,0.24046244292142072
2026-03-25T00:00:00,Lower_Agriculture_Soilwater,0.15842697116690735
2026-03-26T00:00:00,Lower_Agriculture_Soilwater,0.0714856777587111
2026-03-27T00:00:00,Lower_Agriculture_Soilwater,0.0
2026-03-28T00:00:00,Lower_Agriculture_Soilwater,0.0
2026-03-29T00:00:00,Lower_Agriculture_Soilwater,0.0
2026-03-30T00:00:00,Lower_Agriculture_Soilwater,0.0
2026-03-31T00:00:00,Lower_Agriculture_Soilwater,0.0
2026-04-01T00:00:00,Lower_Agriculture_Soilwater,0.20027850681196696
2026-04-02T00:00:00,Lower_Agriculture_Soilwater,0.3386761506111212
2026-04-03T00:00:00,Lower_Agriculture_Soilwater,0.47737333637406215
2026-04-04T00:00:00,Lower_Agriculture_Soilwater,0.5130539667418453
2026-04-05T00:00:00,Lower_Agriculture_Soilwater,0.3429218587331016
2026-04-06T00:00:00,Lower_Agriculture_Soilwater,0.20945120690843758
2026-04-07T00:00:00,Lower_Agriculture_Soilwater,0.025511299003384218
2026-04-08T00:00:00,Lower_Agriculture_Soilwater,0.0970599065421434
2026-04-09T00:00:00,Lower_Agriculture_Soilwater,0.22537765913935154
2026-04-10T00:00:00,Lower_Agriculture_Soilwater,0.38058087278967223
2026-04-11T00:00:00,Lower_Agriculture_Soilwater,0.18504035182966344
2026-04-12T00:00:00,Lower_Agriculture_Soilwater,0.12028378020841976
2026-04-13T00:00:00,Lower_Agriculture_Soilwater,0.11607764775224423
2026-04-14T00:00:00,Lower_Agriculture_Soilwater,0.09087922070900092
2026-04-15T00:00:00,Lower_Agriculture_Soilwater,0.3971830807879295
2026-04-16T00:00:00,Lower_Agriculture_Soilwater,0.3539328649399548
2026-04-17T00:00:00,Lower_Agriculture_Soilwater,0.3147077600889221
2026-04-18T00:00:00,Lower_Agriculture_Soilwater,0.47878576882971824
2026-04-19T00:00:00,Lower_Agriculture_Soilwater,0.3749150002171522
2026-04-20T00:00:00,Lower_Agriculture_Soilwater,0.3695730086698338
2026-04-21T00:00:00,Lower_Agriculture_Soilwater,0.20657534244947554
2026-04-22T00:00:00,Lower_Agriculture_Soilwater,0.22279086685232682
2026-04-23T00:00:00,Lower_Agriculture_Soilwater,0.2349624715540586
2026-04-24T00:00:00,Lower_Agriculture_Soilwater,0.16521470488138854
2026-04-25T00:00:00,Lower_Agriculture_Soilwater,0.0
2026-04-26T00:00:00,Lower_Agriculture_Soilwater,0.10520168923697867
2026-04-27T00:00:00,Lower_Agriculture_Soilwater,0.15510929040232851
2026-04-28T00:00:00,Lower_Agriculture_Soilwater,0.19548755282824964
2026-04-29T00:00:00,Lower_Agriculture_Soilwater,0.22943383035445697
2026-04-30T00:00:00,Lower_Agriculture_Soilwater,0.31540137819735203
2026-05-01T00:00:00,Lower_Agriculture_Soilwater,0.321780510299756
2026-05-02T00:00:00,Lower_Agriculture_Soilwater,0.2726704450132919
2026-05-03T00:00:00,Lower_Agriculture_Soilwater,0.2724685628580922
2026-05-04T00:00:00,Lower_Agriculture_Soilwater,0.21192153560713853
2026-05-05T00:00:00,Lower_Agriculture_Soilwater,0.0
2026-05-06T00:00:00,Lower_Agriculture_Soilwater,0.006004447093018547
2026-05-07T00:00:00,Lower_Agriculture_Soilwater,0.10836433337331665
2026-05-08T00:00:00,Lower_Agriculture_Soilwater,0.012044118273141028
2026-05-09T00:00:00,Lower_Agriculture_Soilwater,0.2349143695525269
2026-05-10T00:00:00,Lower_Agriculture_Soilwater,0.24667347841900786
2026-05-11T00:00:00,Lower_Agriculture_Soilwater,0.14483876081551986
2026-05-12T00:00:00,Lower_Agriculture_Soilwater,0.47708840123350504
2026-05-13T00:00:00,Lower_Agriculture_Soilwater,0.3254354309148741
2026-05-14T00:00:00,Lower_Agriculture_Soilwater,0.3670382173512087
2026-05-15T00:00:00,Lower_Agriculture_Soilwater,0.3783436810768591
2026-05-16T00:00:00,Lower_Agriculture_Soilwater,0.2816853835136707
2026-05-17T00:00:00,Lower_Agriculture_Soilwater,0.3470845161994004
2026-05-18T00:00:00,Lower_Agriculture_Soilwater,0.2269733305085399
2026-05-19T00:00:00,Lower_Agriculture_Soilwater,0.2087971370481823
2026-05-20T00:00:00,Lower_Agriculture_Soilwater,0.2919845715388743
2026-05-21T00:00:00,Lower_Agriculture_Soilwater,0.5175985791563129
2026-05-22T00:00:00,Lower_Agriculture_Soilwater,0.5991965300644229
2026-05-23T00:00:00,Lower_Agriculture_Soilwater,0.49671089948307723
2026-05-24T00:00:00,Lower_Agriculture_Soilwater,0.39896080478133367
2026-05-25T00:00:00,Lower_Agriculture_Soilwater,0.35169201751531226
2026-05-26T00:00:00,Lower_Agriculture_Soilwater,0.34645842573036945
2026-05-27T00:00:00,Lower_Agriculture_Soilwater,0.38806130875879324
2026-05-28T00:00:00,Lower_Agriculture_Soilwater,0.49470159339393477
2026-05-29T00:00:00,Lower_Agriculture_Soilwater,0.32103638741001994
2026-05-30T00:00:00,Lower_Agriculture_Soilwater,0.3798407802641058
2026-05-31T00:00:00,Lower_Agriculture_Soilwater,0.36721383841575655
2026-06-01T00:00:00,Lower_Agriculture_Soilwater,0.3736172757706538
2026-06-02T00:00:00,Lower_Agriculture_Soilwater,0.4680620987392708
2026-06-03T00:00:00,Lower_Agriculture_Soilwater,0.3443566330743753
2026-06-04T00:00:00,Lower_Agriculture_Soilwater,0.28488944591738113
2026-06-05T00:00:00,Lower_Agriculture_Soilwater,0.3347544616580577
2026-06-06T00:00:00,Lower_Agriculture_Soilwater,0.44355031359344854
2026-06-07T00:00:00,Lower_Agriculture_Soilwater,0.5389700201056632
2026-06-08T00:00:00,Lower_Agriculture_Soilwater,0.9020882495350412
2026-06-09T00:00:00,Lower_Agriculture_Soilwater,0.5648573758607714
2026-06-10T00:00:00,Lower_Agriculture_Soilwater,0.6757805092508766
2026-06-11T00:00:00,Lower_Agriculture_Soilwater,0.5492687016642258
2026-06-12T00:00:00,Lower_Agriculture_Soilwater,0.2767527234362283
2026-06-13T00:00:00,Lower_Agriculture_Soilwater,0.2763318648713732
2026-06-14T00:00:00,Lower_Agriculture_Soilwater,0.35809759302771005
2026-06-15T00:00:00,Lower_Agriculture_Soilwater,0.4628492570450999
2026-06-16T00:00:00,Lower_Agriculture_Soilwater,0.4850400062099927
2026-06-17T00:00:00,Lower_Agriculture_Soilwater,0.47790750892815487
2026-06-18T00:00:00,Lower_Agriculture_Soilwater,0.5696403076312606
2026-06-19T00:00:00,Lower_Agriculture_Soilwater,0.5736257872580756
2026-06-20T00:00:00,Lower_Agriculture_Soilwater,0.3970499532975018
2026-06-21T00:00:00,Lower_Agriculture_Soilwater,0.1695694955600541
2026-06-22T00:00:00,Lower_Agriculture_Soilwater,0.2164044690506291
2026-06-23T00:00:00,Lower_Agriculture_Soilwater,0.4631472746078037
2026-06-24T00:00:00,Lower_Agriculture_Soilwater,0.5854573024251798
2026-06-25T00:00:00,Lower_Agriculture_Soilwater,0.2685444409753394
2026-06-26T00:00:00,Lower_Agriculture_Soilwater,0.4061031223224104
2026-06-27T00:00:00,Lower_Agriculture_Soilwater,0.5322230782861238
2026-06-28T00:00:00,Lower_Agriculture_Soilwater,0.4609860370821274
2026-06-29T00:00:00,Lower_Agriculture_Soilwater,0.4427821726304315
2026-06-30T00:00:00,Lower_Agriculture_Soilwater,0.4970855884895081
2026-07-01T00:00:00,Lower_Agriculture_Soilwater,0.46791781028559026
2026-07-02T00:00:00,Lower_Agriculture_Soilwater,0.3825364894305903
2026-07-03T00:00:00,Lower_Agriculture_Soilwater,0.388035293572375
2026-07-04T00:00:00,Lower_Agriculture_Soilwater,0.47202675601266175
2026-07-05T00:00:00,Lower_Agriculture_Soilwater,0.4225699377456803
2026-07-06T00:00:00,Lower_Agriculture_Soilwater,0.3734352664647781
2026-07-07T00:00:00,Lower_Agriculture_Soilwater,0.46285413015259413
2026-07-08T00:00:00,Lower_Agriculture_Soilwater,0.7375215636040372
2026-07-09T00:00:00,Lower_Agriculture_Soilwater,0.6868052183984729
2026-07-10T00:00:00,Lower_Agriculture_Soilwater,0.7615959517830356
2026-07-11T00:00:00,Lower_Agriculture_Soilwater,0.7584375281220763
2026-07-12T00:00:00,Lower_Agriculture_Soilwater,0.7331396320133877
2026-07-13T00:00:00,Lower_Agriculture_Soilwater,0.7316445310471807
2026-07-14T00:00:00,Lower_Agriculture_Soilwater,0.6703830030062101
2026-07-15T00:00:00,Lower_Agriculture_Soilwater,0.4981112076852661
2026-07-16T00:00:00,Lower_Agriculture_Soilwater,0.6253536091938465
2026-07-17T00:00:00,Lower_Agriculture_Soilwater,0.5961673455887574
2026-07-18T00:00:00,Lower_Agriculture_Soilwater,0.4549219825413777
2026-07-19T00:00:00,Lower_Agriculture_Soilwater,0.5819883981794811
2026-07-20T00:00:00,Lower_Agriculture_Soilwater,0.8296561138392049
2026-07-21T00:00:00,Lower_Agriculture_Soilwater,0.8489492006842494
2026-07-22T00:00:00,Lower_Agriculture_Soilwater,0.7472066555171272
2026-07-23T00:00:00,Lower_Agriculture_Soilwater,0.7841280329350534
2026-07-24T00:00:00,Lower_Agriculture_Soilwater,0.8547248941824725
2026-07-25T00:00:00,Lower_Agriculture_Soilwater,0.6577752179032127
2026-07-26T00:00:00,Lower_Agriculture_Soilwater,0.71351417927172
2026-07-27T00:00:00,Lower_Agriculture_Soilwater,0.8522805474778602
2026-07-28T00:00:00,Lower_Agriculture_Soilwater,0.702268057862562
2026-07-29T00:00:00,Lower_Agriculture_Soilwater,0.6771034664101651
2026-07-30T00:00:00,Lower_Agriculture_Soilwater,0.6033741671408731
2026-07-31T00:00:00,Lower_Agriculture_Soilwater,0.6671874921088753
2026-08-01T00:00:00,Lower_Agriculture_Soilwater,0.6282998541072515
2026-08-02T00:00:00,Lower_Agriculture_Soilwater,0.6157509985736512
2026-08-03T00:00:00,Lower_Agriculture_Soilwater,0.6640847040656493
2026-08-04T00:00:00,Lower_Agriculture_Soilwater,0.6004742355009178
2026-08-05T00:00:00,Lower_Agriculture_Soilwater,0.7578765232699913
2026-08-06T00:00:00,Lower_Agriculture_Soilwater,0.9487346691824492
2026-08-07T00:00:00,Lower_Agriculture_Soilwater,0.853719301672581
2026-08-08T00:00:00,Lower_Agriculture_Soilwater,0.7896112935852676
2026-08-09T00:00:00,Lower_Agriculture_Soilwater,0.7872276962632264
2026-08-10T00:00:00,Lower_Agriculture_Soilwater,0.6693103342385996
2026-08-11T00:00:00,Lower_Agriculture_Soilwater,0.8080905888251285
2026-08-12T00:00:00,Lower_Agriculture_Soilwater,0.9560697417629798
2026-08-13T00:00:00,Lower_Agriculture_Soilwater,0.7286263419151504
2026-08-14T00:00:00,Lower_Agriculture_Soilwater,0.7656113449870414
2026-08-15T00:00:00,Lower_Agriculture_Soilwater,0.6309931924343885
2026-08-16T00:00:00,Lower_Agriculture_Soilwater,0.6771342010409783
2026-08-17T00:00:00,Lower_Agriculture_Soilwater,0.5689063907941105
2026-08-18T00:00:00,Lower_Agriculture_Soilwater,0.711273750363514
2026-08-19T00:00:00,Lower_Agriculture_Soilwater,0.6723344896499476
2026-08-20T00:00:00,Lower_Agriculture_Soilwater,0.9200165107680827
2026-08-21T00:00:00,Lower_Agriculture_Soilwater,0.9163700693110136
2026-08-22T00:00:00,Lower_Agriculture_Soilwater,0.9361559472597437
2026-08-23T00:00:00,Lower_Agriculture_Soilwater,0.9733243028299579
2026-08-24T00:00:00,Lower_Agriculture_Soilwater,0.9622791162191004
2026-08-25T00:00:00,Lower_Agriculture_Soilwater,0.9336043890185628
2026-08-26T00:00:00,Lower_Agriculture_Soilwater,0.9582221833477178
2026-08-27T00:00:00,Lower_Agriculture_Soilwater,0.973941801252984
2026-08-28T00:00:00,Lower_Agriculture_Soilwater,0.9172040842547046
2026-08-29T00:00:00,Lower_Agriculture_Soilwater,0.9303221928747335
2026-08-30T00:00:00,Lower_Agriculture_Soilwater,0.8116938540378517
2026-08-31T00:00:00,Lower_Agriculture_Soilwater,0.9382258416889873
2026-09-01T00:00:00,Lower_Agriculture_Soilwater,1.0059588963895836
2026-09-02T00:00:00,Lower_Agriculture_Soilwater,0.9174153251439134
2026-09-03T00:00:00,Lower_Agriculture_Soilwater,1.0376294751479653
2026-09-04T00:00:00,Lower_Agriculture_Soilwater,1.1118821167164554
2026-09-05T00:00:00,Lower_Agriculture_Soilwater,1.1298088521804912
2026-09-06T00:00:00,Lower_Agriculture_Soilwater,1.0990603794759795
2026-09-07T00:00:00,Lower_Agriculture_Soilwater,1.0121271512149783
2026-09-08T00:00:00,Lower_Agriculture_Soilwater,0.9420543858420107
2026-09-09T00:00:00,Lower_Agriculture_Soilwater,0.9909660484474708
2026-09-10T00:00:00,Lower_Agriculture_Soilwater,1.1568929312986003
2026-09-11T00:00:00,Lower_Agriculture_Soilwater,1.214109419999898
2026-09-12T00:00:00,Lower_Agriculture_Soilwater,1.363284665647781
2026-09-13T00:00:00,Lower_Agriculture_Soilwater,1.2790344859698486
2026-09-14T00:00:00,Lower_Agriculture_Soilwater,1.056129907915972
2026-09-15T00:00:00,Lower_Agriculture_Soilwater,0.9707338279970793
2026-09-16T00:00:00,Lower_Agriculture_Soilwater,0.9892920607973824
2026-09-17T00:00:00,Lower_Agriculture_Soilwater,0.9260410309363074
2026-09-18T00:00:00,Lower_Agriculture_Soilwater,0.9205644231321374
2026-09-19T00:00:00,Lower_Agriculture_Soilwater,0.946368660381733
2026-09-20T00:00:00,Lower_Agriculture_Soilwater,1.0223304420301658
2026-09-21T00:00:00,Lower_Agriculture_Soilwater,0.9880877130240641
2026-09-22T00:00:00,Lower_Agriculture_Soilwater,1.0507759878414715
2026-09-23T00:00:00,Lower_Agriculture_Soilwater,1.0628385193319436
2026-09-24T00:00:00,Lower_Agriculture_Soilwater,1.0492667089223229
2026-09-25T00:00:00,Lower_Agriculture_Soilwater,1.0702286780076926
2026-09-26T00:00:00,Lower_Agriculture_Soilwater,0.9972310473350869
2026-09-27T00:00:00,Lower_Agriculture_Soilwater,1.1498378945476515
2026-09-28T00:00:00,Lower_Agriculture_Soilwater,1.204021615807839
2026-09-29T00:00:00,Lower_Agriculture_Soilwater,1.2068213214188257
2026-09-30T00:00:00,Lower_Agriculture_Soilwater,1.1817908209344328
2026-10-01T00:00:00,Lower_Agriculture_Soilwater,1.2723181924723763
2026-10-02T00:00:00,Lower_Agriculture_Soilwater,1.475030799720308
2026-10-03T00:00:00,Lower_Agriculture_Soilwater,1.4782658297315743
2026-10-04T00:00:00,Lower_Agriculture_Soilwater,1.438406532499543
2026-10-05T00:00:00,Lower_Agriculture_Soilwater,1.3145567900361779
2026-10-06T00:00:00,Lower_Agriculture_Soilwater,1.1522048597043315
2026-10-07T00:00:00,Lower_Agriculture_Soilwater,1.1520708205440764
2026-10-08T00:00:00,Lower_Agriculture_Soilwater,1.0751791926931173
2026-10-09T00:00:00,Lower_Agriculture_Soilwater,1.0749099507681146
2026-10-10T00:00:00,Lower_Agriculture_Soilwater,0.9848568736647793
2026-10-11T00:00:00,Lower_Agriculture_Soilwater,1.1602968399850973
2026-10-12T00:00:00,Lower_Agriculture_Soilwater,1.087545294375668
2026-10-13T00:00:00,Lower_Agriculture_Soilwater,1.0810284807101755
2026-10-14T00:00:00,Lower_Agriculture_Soilwater,1.1015358203986612
2026-10-15T00:00:00,Lower_Agriculture_Soilwater,1.1294984825325547
2026-10-16T00:00:00,Lower_Agriculture_Soilwater,1.1195510540284028
2026-10-17T00:00:00,Lower_Agriculture_Soilwater,1.043715730241469
2026-10-18T00:00:00,Lower_Agriculture_Soilwater,1.120633480949332
2026-10-19T00:00:00,Lower_Agriculture_Soilwater,1.1649994623351574
2026-10-20T00:00:00,Lower_Agriculture_Soilwater,1.1320062786669942
2026-10-21T00:00:00,Lower_Agriculture_Soilwater,1.0173905311522782
2026-10-22T00:00:00,Lower_Agriculture_Soilwater,1.1683313114576992
2026-10-23T00:00:00,Lower_Agriculture_Soilwater,1.1642354316678838
2026-10-24T00:00:00,Lower_Agriculture_Soilwater,1.1357077164339404
2026-10-25T00:00:00,Lower_Agriculture_Soilwater,1.034504774672996
2026-10-26T00:00:00,Lower_Agriculture_Soilwater,1.1385503893512368
2026-10-27T00:00:00,Lower_Agriculture_Soilwater,1.093227229909525
2026-10-28T00:00:00,Lower_Agriculture_Soilwater,1.0997314003207959
2026-10-29T00:00:00,Lower_Agriculture_Soilwater,1.145014577569337
2026-10-30T00:00:00,Lower_Agriculture_Soilwater,1.1207201111544305
2026-10-31T00:00:00,Lower_Agriculture_Soilwater,1.1115903917851557
2026-11-01T00:00:00,Lower_Agriculture_Soilwater,1.1662055878805246
2026-11-02T00:00:00,Lower_Agriculture_Soilwater,1.1847377014708786
2026-11-03T00:00:00,Lower_Agriculture_Soilwater,1.200974779423096
2026-11-04T00:00:00,Lower_Agriculture_Soilwater,1.1932115406098531
2026-11-05T00:00:00,Lower_Agriculture_Soilwater,1.2365525299175897
2026-11-06T00:00:00,Lower_Agriculture_Soilwater,1.3038492183738162
2026-11-07T00:00:00,Lower_Agriculture_Soilwater,1.3457478952033397
2026-11-08T00:00:00,Lower_Agriculture_Soilwater,1.329995414549331
2026-11-09T00:00:00,Lower_Agriculture_Soilwater,1.230756642834287
2026-11-10T00:00:00,Lower_Agriculture_Soilwater,1.271731765694368
2026-11-11T00:00:00,Lower_Agriculture_Soilwater,1.1744536703983284
2026-11-12T00:00:00,Lower_Agriculture_Soilwater,1.2262637790092168
2026-11-13T00:00:00,Lower_Agriculture_Soilwater,1.0874772114668387
2026-11-14T00:00:00,Lower_Agriculture_Soilwater,1.1180211094397277
2026-11-15T00:00:00,Lower_Agriculture_Soilwater,1.115825514203567
2026-11-16T00:00:00,Lower_Agriculture_Soilwater,1.1347832491415883
2026-11-17T00:00:00,Lower_Agriculture_Soilwater,1.0479257487679552
2026-11-18T00:00:00,Lower_Agriculture_Soilwater,1.103953215170314
2026-11-19T00:00:00,Lower_Agriculture_Soilwater,1.065228724511192
2026-11-20T00:00:00,Lower_Agriculture_Soilwater,1.0323448543478413
2026-11-21T00:00:00,Lower_Agriculture_Soilwater,1.0512966413118083
2026-11-22T00:00:00,Lower_Agriculture_Soilwater,1.0290312861984976
2026-11-23T00:00:00,Lower_Agriculture_Soilwater,1.047600850623122
2026-11-24T00:00:00,Lower_Agriculture_Soilwater,1.1360864979753884
2026-11-25T00:00:00,Lower_Agriculture_Soilwater,1.2884733561421189
2026-11-26T00:00:00,Lower_Agriculture_Soilwater,1.0755862706248427
2026-11-27T00:00:00,Lower_Agriculture_Soilwater,1.1358371083117091
2026-11-28T00:00:00,Lower_Agriculture_Soilwater,1.0595794152997082
2026-11-29T00:00:00,Lower_Agriculture_Soilwater,1.0476675329155751
2026-11-30T00:00:00,Lower_Agriculture_Soilwater,0.9821772907867153
2026-12-01T00:00:00,Lower_Agriculture_Soilwater,0.9301009140050999
2026-12-02T00:00:00,Lower_Agriculture_Soilwater,0.9561340782018659
2026-12-03T00:00:00,Lower_Agriculture_Soilwater,0.9537374706860592
2026-12-04T00:00:00,Lower_Agriculture_Soilwater,1.0204464769078478
2026-12-05T00:00:00,Lower_Agriculture_Soilwater,0.8973967532802284
2026-12-06T00:00:00,Lower_Agriculture_Soilwater,0.990394858922851
2026-12-07T00:00:00,Lower_Agriculture_Soilwater,0.9082487284884179
2026-12-08T00:00:00,Lower_Agriculture_Soilwater,0.9122778228975449
2026-12-09T00:00:00,Lower_Agriculture_Soilwater,0.8936459521870906
2026-12-10T00:00:00,Lower_Agriculture_Soilwater,0.8176653402445284
2026-12-11T00:00:00,Lower_Agriculture_Soilwater,0.9580501761738255
2026-12-12T00:00:00,Lower_Agriculture_Soilwater,0.9252583080509518
2026-12-13T00:00:00,Lower_Agriculture_Soilwater,1.068158204336744
2026-12-14T00:00:00,Lower_Agriculture_Soilwater,1.0287648622251562
2026-12-15T00:00:00,Lower_Agriculture_Soilwater,1.0765687280232012
2026-12-16T00:00:00,Lower_Agriculture_Soilwater,1.0688638715065188
2026-12-17T00:00:00,Lower_Agriculture_Soilwater,1.0586010208325576
2026-12-18T00:00:00,Lower_Agriculture_Soilwater,1.1389913115884926
2026-12-19T00:00:00,Lower_Agriculture_Soilwater,1.0982463226791301
2026-12-20T00:00:00,Lower_Agriculture_Soilwater,1.015751966104552
2026-12-21T00:00:00,Lower_Agriculture_Soilwater,0.8494799741524824
2026-12-22T00:00:00,Lower_Agriculture_Soilwater,0.8124860015318254
2026-12-23T00:00:00,Lower_Agriculture_Soilwater,0.8922910748506708
2026-12-24T00:00:00,Lower_Agriculture_Soilwater,0.9954208204317486
2026-12-25T00:00:00,Lower_Agriculture_Soilwater,0.9623315373315949
2026-12-26T00:00:00,Lower_Agriculture_Soilwater,1.0005197321623465
2026-12-27T00:00:00,Lower_Agriculture_Soilwater,0.8273047638556781
2026-12-28T00:00:00,Lower_Agriculture_Soilwater,0.7733079879740422
2026-12-29T00:00:00,Lower_Agriculture_Soilwater,0.8034451134420698
2026-12-30T00:00:00,Lower_Agriculture_Soilwater,0.7553076906902338
2026-12-31T00:00:00,Lower_Agriculture_Soilwater,0.9068143751880691
