3a29898f-7f78-4e20-85fe-d2e19bd70066,location,waterOutputs,runoffToReach
2023-01-01T00:00:00,Lower_Forest_Groundwater,0.0,0.0
2023-01-02T00:00:00,Lower_Forest_Groundwater,0.0,0.0
2023-01-03T00:00:00,Lower_Forest_Groundwater,0.0,0.0
2023-01-04T00:00:00,Lower_Forest_Groundwater,0.0,0.0
2023-01-05T00:00:00,Lower_Forest_Groundwater,0.0,0.0
2023-01-06T00:00:00,Lower_Forest_Groundwater,0.0,0.0
2023-01-07T00:00:00,Lower_Forest_Groundwater,0.0,0.0
2023-01-08T00:00:00,Lower_Forest_Groundwater,0.0,0.0
2023-01-09T00:00:00,Lower_Forest_Groundwater,0.0,0.0
2023-01-10T00:00:00,Lower_Forest_Groundwater,0.0,0.0
2023-01-11T00:00:00,Lower_Forest_Groundwater,0.0,0.0
2023-01-12T00:00:00,Lower_Forest_Groundwater,0.0,0.0
2023-01-13T00:00:00,Lower_Forest_Groundwater,0.0,0.0
2023-01-14T00:00:00,Lower_Forest_Groundwater,0.0,0.0
2023-01-15T00:00:00,Lower_Forest_Groundwater,0.0,0.0
2023-01-16T00:00:00,Lower_Forest_Groundwater,0.0,0.0
2023-01-17T00:00:00,Lower_Forest_Groundwater,0.0,0.0
2023-01-18T00:00:00,Lower_Forest_Groundwater,0.0,0.0
2023-01-19T00:00:00,Lower_Forest_Groundwater,0.0,0.0
2023-01-20T00:00:00,Lower_Forest_Groundwater,0.0,0.0
2023-01-21T00:00:00,Lower_Forest_Groundwater,0.0,0.0
2023-01-22T00:00:00,Lower_Forest_Groundwater,0.0,0.0
2023-01-23T00:00:00,Lower_Forest_Groundwater,0.0,0.0
2023-01-24T00:00:00,Lower_Forest_Groundwater,0.0,0.0
2023-01-25T00:00:00,Lower_Forest_Groundwater,0.0,0.0
2023-01-26T00:00:00,Lower_Forest_Groundwater,0.0,0.0
2023-01-27T00:00:00,Lower_Forest_Groundwater,0.0,0.0
2023-01-28T00:00:00,Lower_Forest_Groundwater,0.0,0.0
2023-01-29T00:00:00,Lower_Forest_Groundwater,0.0,0.0
2023-01-30T00:00:00,Lower_Forest_Groundwater,0.0,0.0
2023-01-31T00:00:00,Lower_Forest_Groundwater,0.0,0.0
2023-02-01T00:00:00,Lower_Forest_Groundwater,0.0,0.0
2023-02-02T00:00:00,Lower_Forest_Groundwater,0.0,0.0
2023-02-03T00:00:00,Lower_Forest_Groundwater,0.0,0.0
2023-02-04T00:00:00,Lower_Forest_Groundwater,0.0,0.0
2023-02-05T00:00:00,Lower_Forest_Groundwater,0.0,0.0
2023-02-06T00:00:00,Lower_Forest_Groundwater,0.0,0.0
2023-02-07T00:00:00,Lower_Forest_Groundwater,0.0,0.0
2023-02-08T00:00:00,Lower_Forest_Groundwater,0.0,0.0
2023-02-09T00:00:00,Lower_Forest_Groundwater,0.0,0.0
2023-02-10T00:00:00,Lower_Forest_Groundwater,0.0,0.0
2023-02-11T00:00:00,Lower_Forest_Groundwater,0.0,0.0
2023-02-12T00:00:00,Lower_Forest_Groundwater,0.0,0.0
2023-02-13T00:00:00,Lower_Forest_Groundwater,0.0,0.0
2023-02-14T00:00:00,Lower_Forest_Groundwater,0.0,0.0
2023-02-15T00:00:00,Lower_Forest_Groundwater,0.0,0.0
2023-02-16T00:00:00,Lower_Forest_Groundwater,0.0,0.0
2023-02-17T00:00:00,Lower_Forest_Groundwater,0.0,0.0
2023-02-18T00:00:00,Lower_Forest_Groundwater,0.0,0.0
2023-02-19T00:00:00,Lower_Forest_Groundwater,0.0,0.0
2023-02-20T00:00:00,Lower_Forest_Groundwater,0.0,0.0
2023-02-21T00:00:00,Lower_Forest_Groundwater,0.0,0.0
2023-02-22T00:00:00,Lower_Forest_Groundwater,0.0,0.0
2023-02-23T00:00:00,Lower_Forest_Groundwater,0.0,0.0
2023-02-24T00:00:00,Lower_Forest_Groundwater,0.0,0.0
2023-02-25T00:00:00,Lower_Forest_Groundwater,0.0,0.0
2023-02-26T00:00:00,Lower_Forest_Groundwater,0.0,0.0
2023-02-27T00:00:00,Lower_Forest_Groundwater,0.0,0.0
2023-02-28T00:00:00,Lower_Forest_Groundwater,0.0,0.0
2023-03-01T00:00:00,Lower_Forest_Groundwater,0.0,0.0
2023-03-02T00:00:00,Lower_Forest_Groundwater,0.0,0.0
2023-03-03T00:00:00,Lower_Forest_Groundwater,0.0,0.0
2023-03-04T00:00:00,Lower_Forest_Groundwater,0.0,0.0
2023-03-05T00:00:00,Lower_Forest_Groundwater,0.0,0.0
2023-03-06T00:00:00,Lower_Forest_Groundwater,0.0,0.0
2023-03-07T00:00:00,Lower_Forest_Groundwater,0.0,0.0
2023-03-08T00:00:00,Lower_Forest_Groundwater,0.0,0.0
2023-03-09T00:00:00,Lower_Forest_Groundwater,0.0,0.0
2023-03-10T00:00:00,Lower_Forest_Groundwater,0.0,0.0
2023-03-11T00:00:00,Lower_Forest_Groundwater,0.0,0.0
2023-03-12T00:00:00,Lower_Forest_Groundwater,0.0,0.0
2023-03-13T00:00:00,Lower_Forest_Groundwater,0.0,0.0
2023-03-14T00:00:00,Lower_Forest_Groundwater,0.0,0.0
2023-03-15T00:00:00,Lower_Forest_Groundwater,0.0,0.0
2023-03-16T00:00:00,Lower_Forest_Groundwater,0.0,0.0
2023-03-17T00:00:00,Lower_Forest_Groundwater,0.0,0.0
2023-03-18T00:00:00,Lower_Forest_Groundwater,0.0,0.0
2023-03-19T00:00:00,Lower_Forest_Groundwater,0.0,0.0
2023-03-20T00:00:00,Lower_Forest_Groundwater,0.0,0.0
2023-03-21T00:00:00,Lower_Forest_Groundwater,0.0,0.0
2023-03-22T00:00:00,Lower_Forest_Groundwater,0.0,0.0
2023-03-23T00:00:00,Lower_Forest_Groundwater,0.0,0.0
2023-03-24T00:00:00,Lower_Forest_Groundwater,0.0,0.0
2023-03-25T00:00:00,Lower_Forest_Groundwater,0.0,0.0
2023-03-26T00:00:00,Lower_Forest_Groundwater,0.0,0.0
2023-03-27T00:00:00,Lower_Forest_Groundwater,0.0,0.0
2023-03-28T00:00:00,Lower_Forest_Groundwater,0.0,0.0
2023-03-29T00:00:00,Lower_Forest_Groundwater,0.0,0.0
2023-03-30T00:00:00,Lower_Forest_Groundwater,0.0,0.0
2023-03-31T00:00:00,Lower_Forest_Groundwater,0.0,0.0
2023-04-01T00:00:00,Lower_Forest_Groundwater,0.0,0.0
2023-04-02T00:00:00,Lower_Forest_Groundwater,0.0,0.0
2023-04-03T00:00:00,Lower_Forest_Groundwater,0.0,0.0
2023-04-04T00:00:00,Lower_Forest_Groundwater,0.0,0.0
2023-04-05T00:00:00,Lower_Forest_Groundwater,0.0,0.0
2023-04-06T00:00:00,Lower_Forest_Groundwater,0.0,0.0
2023-04-07T00:00:00,Lower_Forest_Groundwater,0.0,0.0
2023-04-08T00:00:00,Lower_Forest_Groundwater,0.0,0.0
2023-04-09T00:00:00,Lower_Forest_Groundwater,0.0,0.0
2023-04-10T00:00:00,Lower_Forest_Groundwater,0.0,0.0
2023-04-11T00:00:00,Lower_Forest_Groundwater,0.0,0.0
2023-04-12T00:00:00,Lower_Forest_Groundwater,0.0,0.0
2023-04-13T00:00:00,Lower_Forest_Groundwater,0.0,0.0
2023-04-14T00:00:00,Lower_Forest_Groundwater,0.0,0.0
2023-04-15T00:00:00,Lower_Forest_Groundwater,0.0,0.0
2023-04-16T00:00:00,Lower_Forest_Groundwater,0.0,0.0
2023-04-17T00:00:00,Lower_Forest_Groundwater,0.0,0.0
2023-04-18T00:00:00,Lower_Forest_Groundwater,0.0,0.0
2023-04-19T00:00:00,Lower_Forest_Groundwater,0.0,0.0
2023-04-20T00:00:00,Lower_Forest_Groundwater,0.0,0.0
2023-04-21T00:00:00,Lower_Forest_Groundwater,0.0,0.0
2023-04-22T00:00:00,Lower_Forest_Groundwater,0.0,0.0
2023-04-23T00:00:00,Lower_Forest_Groundwater,0.0,0.0
2023-04-24T00:00:00,Lower_Forest_Groundwater,0.0,0.0
2023-04-25T00:00:00,Lower_Forest_Groundwater,0.0,0.0
2023-04-26T00:00:00,Lower_Forest_Groundwater,0.0,0.0
2023-04-27T00:00:00,Lower_Forest_Groundwater,0.0,0.0
2023-04-28T00:00:00,Lower_Forest_Groundwater,0.0,0.0
2023-04-29T00:00:00,Lower_Forest_Groundwater,0.0,0.0
2023-04-30T00:00:00,Lower_Forest_Groundwater,0.0,0.0
2023-05-01T00:00:00,Lower_Forest_Groundwater,0.0,0.0
2023-05-02T00:00:00,Lower_Forest_Groundwater,0.0,0.0
2023-05-03T00:00:00,Lower_Forest_Groundwater,0.0,0.0
2023-05-04T00:00:00,Lower_Forest_Groundwater,0.0,0.0
2023-05-05T00:00:00,Lower_Forest_Groundwater,0.0,0.0
2023-05-06T00:00:00,Lower_Forest_Groundwater,0.0,0.0
2023-05-07T00:00:00,Lower_Forest_Groundwater,0.0,0.0
2023-05-08T00:00:00,Lower_Forest_Groundwater,0.0,0.0
2023-05-09T00:00:00,Lower_Forest_Groundwater,0.0,0.0
2023-05-10T00:00:00,Lower_Forest_Groundwater,0.0,0.0
2023-05-11T00:00:00,Lower_Forest_Groundwater,0.0,0.0
2023-05-12T00:00:00,Lower_Forest_Groundwater,0.0,0.0
2023-05-13T00:00:00,Lower_Forest_Groundwater,0.0,0.0
2023-05-14T00:00:00,Lower_Forest_Groundwater,0.0,0.0
2023-05-15T00:00:00,Lower_Forest_Groundwater,0.0,0.0
2023-05-16T00:00:00,Lower_Forest_Groundwater,0.0,0.0
2023-05-17T00:00:00,Lower_Forest_Groundwater,0.0,0.0
2023-05-18T00:00:00,Lower_Forest_Groundwater,0.0,0.0
2023-05-19T00:00:00,Lower_Forest_Groundwater,0.0,0.0
2023-05-20T00:00:00,Lower_Forest_Groundwater,0.0,0.0
2023-05-21T00:00:00,Lower_Forest_Groundwater,0.0,0.0
2023-05-22T00:00:00,Lower_Forest_Groundwater,0.0,0.0
2023-05-23T00:00:00,Lower_Forest_Groundwater,0.0,0.0
2023-05-24T00:00:00,Lower_Forest_Groundwater,0.0,0.0
2023-05-25T00:00:00,Lower_Forest_Groundwater,0.0,0.0
2023-05-26T00:00:00,Lower_Forest_Groundwater,0.0,0.0
2023-05-27T00:00:00,Lower_Forest_Groundwater,0.0,0.0
2023-05-28T00:00:00,Lower_Forest_Groundwater,0.0,0.0
2023-05-29T00:00:00,Lower_Forest_Groundwater,0.0,0.0
2023-05-30T00:00:00,Lower_Forest_Groundwater,0.0,0.0
2023-05-31T00:00:00,Lower_Forest_Groundwater,0.0,0.0
2023-06-01T00:00:00,Lower_Forest_Groundwater,0.0,0.0
2023-06-02T00:00:00,Lower_Forest_Groundwater,0.0,0.0
2023-06-03T00:00:00,Lower_Forest_Groundwater,0.0,0.0
2023-06-04T00:00:00,Lower_Forest_Groundwater,0.0,0.0
2023-06-05T00:00:00,Lower_Forest_Groundwater,0.0,0.0
2023-06-06T00:00:00,Lower_Forest_Groundwater,0.0,0.0
2023-06-07T00:00:00,Lower_Forest_Groundwater,0.0,0.0
2023-06-08T00:00:00,Lower_Forest_Groundwater,0.0,0.0
2023-06-09T00:00:00,Lower_Forest_Groundwater,0.0,0.0
2023-06-10T00:00:00,Lower_Forest_Groundwater,0.0,0.0
2023-06-11T00:00:00,Lower_Forest_Groundwater,0.0,0.0
2023-06-12T00:00:00,Lower_Forest_Groundwater,0.0,0.0
2023-06-13T00:00:00,Lower_Forest_Groundwater,0.0,0.0
2023-06-14T00:00:00,Lower_Forest_Groundwater,0.0,0.0
2023-06-15T00:00:00,Lower_Forest_Groundwater,0.0,0.0
2023-06-16T00:00:00,Lower_Forest_Groundwater,0.0,0.0
2023-06-17T00:00:00,Lower_Forest_Groundwater,0.0,0.0
2023-06-18T00:00:00,Lower_Forest_Groundwater,0.0,0.0
2023-06-19T00:00:00,Lower_Forest_Groundwater,0.0,0.0
2023-06-20T00:00:00,Lower_Forest_Groundwater,0.0,0.0
2023-06-21T00:00:00,Lower_Forest_Groundwater,0.0,0.0
2023-06-22T00:00:00,Lower_Forest_Groundwater,0.0,0.0
2023-06-23T00:00:00,Lower_Forest_Groundwater,0.0,0.0
2023-06-24T00:00:00,Lower_Forest_Groundwater,0.0,0.0
2023-06-25T00:00:00,Lower_Forest_Groundwater,0.0,0.0
2023-06-26T00:00:00,Lower_Forest_Groundwater,0.0,0.0
2023-06-27T00:00:00,Lower_Forest_Groundwater,0.0,0.0
2023-06-28T00:00:00,Lower_Forest_Groundwater,0.0,0.0
2023-06-29T00:00:00,Lower_Forest_Groundwater,0.0,0.0
2023-06-30T00:00:00,Lower_Forest_Groundwater,0.0,0.0
2023-07-01T00:00:00,Lower_Forest_Groundwater,0.0,0.0
2023-07-02T00:00:00,Lower_Forest_Groundwater,0.0,0.0
2023-07-03T00:00:00,Lower_Forest_Groundwater,0.0,0.0
2023-07-04T00:00:00,Lower_Forest_Groundwater,0.0,0.0
2023-07-05T00:00:00,Lower_Forest_Groundwater,0.0,0.0
2023-07-06T00:00:00,Lower_Forest_Groundwater,0.0,0.0
2023-07-07T00:00:00,Lower_Forest_Groundwater,0.0,0.0
2023-07-08T00:00:00,Lower_Forest_Groundwater,0.0,0.0
2023-07-09T00:00:00,Lower_Forest_Groundwater,0.0,0.0
2023-07-10T00:00:00,Lower_Forest_Groundwater,0.0,0.0
2023-07-11T00:00:00,Lower_Forest_Groundwater,0.0,0.0
2023-07-12T00:00:00,Lower_Forest_Groundwater,0.0,0.0
2023-07-13T00:00:00,Lower_Forest_Groundwater,0.0,0.0
2023-07-14T00:00:00,Lower_Forest_Groundwater,0.0,0.0
2023-07-15T00:00:00,Lower_Forest_Groundwater,0.0,0.0
2023-07-16T00:00:00,Lower_Forest_Groundwater,0.0,0.0
2023-07-17T00:00:00,Lower_Forest_Groundwater,0.0,0.0
2023-07-18T00:00:00,Lower_Forest_Groundwater,0.0,0.0
2023-07-19T00:00:00,Lower_Forest_Groundwater,0.0,0.0
2023-07-20T00:00:00,Lower_Forest_Groundwater,0.0,0.0
2023-07-21T00:00:00,Lower_Forest_Groundwater,0.0,0.0
2023-07-22T00:00:00,Lower_Forest_Groundwater,0.0,0.0
2023-07-23T00:00:00,Lower_Forest_Groundwater,0.0,0.0
2023-07-24T00:00:00,Lower_Forest_Groundwater,0.0,0.0
2023-07-25T00:00:00,Lower_Forest_Groundwater,0.0,0.0
2023-07-26T00:00:00,Lower_Forest_Groundwater,0.0,0.0
2023-07-27T00:00:00,Lower_Forest_Groundwater,0.0,0.0
2023-07-28T00:00:00,Lower_Forest_Groundwater,0.0,0.0
2023-07-29T00:00:00,Lower_Forest_Groundwater,0.0,0.0
2023-07-30T00:00:00,Lower_Forest_Groundwater,0.0,0.0
2023-07-31T00:00:00,Lower_Forest_Groundwater,0.0,0.0
2023-08-01T00:00:00,Lower_Forest_Groundwater,0.0,0.0
2023-08-02T00:00:00,Lower_Forest_Groundwater,0.0,0.0
2023-08-03T00:00:00,Lower_Forest_Groundwater,0.0,0.0
2023-08-04T00:00:00,Lower_Forest_Groundwater,0.0,0.0
2023-08-05T00:00:00,Lower_Forest_Groundwater,0.0,0.0
2023-08-06T00:00:00,Lower_Forest_Groundwater,0.0,0.0
2023-08-07T00:00:00,Lower_Forest_Groundwater,0.0,0.0
2023-08-08T00:00:00,Lower_Forest_Groundwater,0.0,0.0
2023-08-09T00:00:00,Lower_Forest_Groundwater,0.0,0.0
2023-08-10T00:00:00,Lower_Forest_Groundwater,0.0,0.0
2023-08-11T00:00:00,Lower_Forest_Groundwater,0.0,0.0
2023-08-12T00:00:00,Lower_Forest_Groundwater,0.0,0.0
2023-08-13T00:00:00,Lower_Forest_Groundwater,0.0,0.0
2023-08-14T00:00:00,Lower_Forest_Groundwater,0.0,0.0
2023-08-15T00:00:00,Lower_Forest_Groundwater,0.0,0.0
2023-08-16T00:00:00,Lower_Forest_Groundwater,0.0,0.0
2023-08-17T00:00:00,Lower_Forest_Groundwater,0.0,0.0
2023-08-18T00:00:00,Lower_Forest_Groundwater,0.0,0.0
2023-08-19T00:00:00,Lower_Forest_Groundwater,0.0,0.0
2023-08-20T00:00:00,Lower_Forest_Groundwater,0.0,0.0
2023-08-21T00:00:00,Lower_Forest_Groundwater,0.0,0.0
2023-08-22T00:00:00,Lower_Forest_Groundwater,0.0,0.0
2023-08-23T00:00:00,Lower_Forest_Groundwater,0.0,0.0
2023-08-24T00:00:00,Lower_Forest_Groundwater,0.0,0.0
2023-08-25T00:00:00,Lower_Forest_Groundwater,0.0,0.0
2023-08-26T00:00:00,Lower_Forest_Groundwater,0.0,0.0
2023-08-27T00:00:00,Lower_Forest_Groundwater,0.0,0.0
2023-08-28T00:00:00,Lower_Forest_Groundwater,0.0,0.0
2023-08-29T00:00:00,Lower_Forest_Groundwater,0.0,0.0
2023-08-30T00:00:00,Lower_Forest_Groundwater,0.0,0.0
2023-08-31T00:00:00,Lower_Forest_Groundwater,0.0,0.0
2023-09-01T00:00:00,Lower_Forest_Groundwater,0.0,0.0
2023-09-02T00:00:00,Lower_Forest_Groundwater,0.0,0.0
2023-09-03T00:00:00,Lower_Forest_Groundwater,0.0,0.0
2023-09-04T00:00:00,Lower_Forest_Groundwater,0.0,0.0
2023-09-05T00:00:00,Lower_Forest_Groundwater,0.0,0.0
2023-09-06T00:00:00,Lower_Forest_Groundwater,0.0,0.0
2023-09-07T00:00:00,Lower_Forest_Groundwater,0.0,0.0
2023-09-08T00:00:00,Lower_Forest_Groundwater,0.0,0.0
2023-09-09T00:00:00,Lower_Forest_Groundwater,0.0,0.0
2023-09-10T00:00:00,Lower_Forest_Groundwater,0.0,0.0
2023-09-11T00:00:00,Lower_Forest_Groundwater,0.0,0.0
2023-09-12T00:00:00,Lower_Forest_Groundwater,0.0,0.0
2023-09-13T00:00:00,Lower_Forest_Groundwater,0.0,0.0
2023-09-14T00:00:00,Lower_Forest_Groundwater,0.0,0.0
2023-09-15T00:00:00,Lower_Forest_Groundwater,0.0,0.0
2023-09-16T00:00:00,Lower_Forest_Groundwater,0.0,0.0
2023-09-17T00:00:00,Lower_Forest_Groundwater,0.0,0.0
2023-09-18T00:00:00,Lower_Forest_Groundwater,0.0,0.0
2023-09-19T00:00:00,Lower_Forest_Groundwater,0.0,0.0
2023-09-20T00:00:00,Lower_Forest_Groundwater,0.0,0.0
2023-09-21T00:00:00,Lower_Forest_Groundwater,0.0,0.0
2023-09-22T00:00:00,Lower_Forest_Groundwater,0.0,0.0
2023-09-23T00:00:00,Lower_Forest_Groundwater,0.0,0.0
2023-09-24T00:00:00,Lower_Forest_Groundwater,0.0,0.0
2023-09-25T00:00:00,Lower_Forest_Groundwater,0.0,0.0
2023-09-26T00:00:00,Lower_Forest_Groundwater,0.0,0.0
2023-09-27T00:00:00,Lower_Forest_Groundwater,0.0,0.0
2023-09-28T00:00:00,Lower_Forest_Groundwater,0.0,0.0
2023-09-29T00:00:00,Lower_Forest_Groundwater,0.0,0.0
2023-09-30T00:00:00,Lower_Forest_Groundwater,0.0,0.0
2023-10-01T00:00:00,Lower_Forest_Groundwater,0.0,0.0
2023-10-02T00:00:00,Lower_Forest_Groundwater,0.0,0.0
2023-10-03T00:00:00,Lower_Forest_Groundwater,0.0,0.0
2023-10-04T00:00:00,Lower_Forest_Groundwater,0.0,0.0
2023-10-05T00:00:00,Lower_Forest_Groundwater,0.0,0.0
2023-10-06T00:00:00,Lower_Forest_Groundwater,0.0,0.0
2023-10-07T00:00:00,Lower_Forest_Groundwater,0.0,0.0
2023-10-08T00:00:00,Lower_Forest_Groundwater,0.0,0.0
2023-10-09T00:00:00,Lower_Forest_Groundwater,0.0,0.0
2023-10-10T00:00:00,Lower_Forest_Groundwater,0.0,0.0
2023-10-11T00:00:00,Lower_Forest_Groundwater,0.0,0.0
2023-10-12T00:00:00,Lower_Forest_Groundwater,0.0,0.0
2023-10-13T00:00:00,Lower_Forest_Groundwater,0.0,0.0
2023-10-14T00:00:00,Lower_Forest_Groundwater,0.0,0.0
2023-10-15T00:00:00,Lower_Forest_Groundwater,0.0,0.0
2023-10-16T00:00:00,Lower_Forest_Groundwater,0.0,0.0
2023-10-17T00:00:00,Lower_Forest_Groundwater,0.0,0.0
2023-10-18T00:00:00,Lower_Forest_Groundwater,0.0,0.0
2023-10-19T00:00:00,Lower_Forest_Groundwater,0.0,0.0
2023-10-20T00:00:00,Lower_Forest_Groundwater,0.0,0.0
2023-10-21T00:00:00,Lower_Forest_Groundwater,0.0,0.0
2023-10-22T00:00:00,Lower_Forest_Groundwater,0.0,0.0
2023-10-23T00:00:00,Lower_Forest_Groundwater,0.0,0.0
2023-10-24T00:00:00,Lower_Forest_Groundwater,0.0,0.0
2023-10-25T00:00:00,Lower_Forest_Groundwater,0.0,0.0
2023-10-26T00:00:00,Lower_Forest_Groundwater,0.0,0.0
2023-10-27T00:00:00,Lower_Forest_Groundwater,0.0,0.0
2023-10-28T00:00:00,Lower_Forest_Groundwater,0.0,0.0
2023-10-29T00:00:00,Lower_Forest_Groundwater,0.0,0.0
2023-10-30T00:00:00,Lower_Forest_Groundwater,0.0,0.0
2023-10-31T00:00:00,Lower_Forest_Groundwater,0.0,0.0
2023-11-01T00:00:00,Lower_Forest_Groundwater,0.0,0.0
2023-11-02T00:00:00,Lower_Forest_Groundwater,0.0,0.0
2023-11-03T00:00:00,Lower_Forest_Groundwater,0.0,0.0
2023-11-04T00:00:00,Lower_Forest_Groundwater,0.0,0.0
2023-11-05T00:00:00,Lower_Forest_Groundwater,0.0,0.0
2023-11-06T00:00:00,Lower_Forest_Groundwater,0.0,0.0
2023-11-07T00:00:00,Lower_Forest_Groundwater,0.0,0.0
2023-11-08T00:00:00,Lower_Forest_Groundwater,0.0,0.0
2023-11-09T00:00:00,Lower_Forest_Groundwater,0.0,0.0
2023-11-10T00:00:00,Lower_Forest_Groundwater,0.0,0.0
2023-11-11T00:00:00,Lower_Forest_Groundwater,0.0,0.0
2023-11-12T00:00:00,Lower_Forest_Groundwater,0.0,0.0
2023-11-13T00:00:00,Lower_Forest_Groundwater,0.0,0.0
2023-11-14T00:00:00,Lower_Forest_Groundwater,0.0,0.0
2023-11-15T00:00:00,Lower_Forest_Groundwater,0.0,0.0
2023-11-16T00:00:00,Lower_Forest_Groundwater,0.0,0.0
2023-11-17T00:00:00,Lower_Forest_Groundwater,0.0,0.0
2023-11-18T00:00:00,Lower_Forest_Groundwater,0.0,0.0
2023-11-19T00:00:00,Lower_Forest_Groundwater,0.0,0.0
2023-11-20T00:00:00,Lower_Forest_Groundwater,0.0,0.0
2023-11-21T00:00:00,Lower_Forest_Groundwater,0.0,0.0
2023-11-22T00:00:00,Lower_Forest_Groundwater,0.0,0.0
2023-11-23T00:00:00,Lower_Forest_Groundwater,0.0,0.0
2023-11-24T00:00:00,Lower_Forest_Groundwater,0.0,0.0
2023-11-25T00:00:00,Lower_Forest_Groundwater,0.0,0.0
2023-11-26T00:00:00,Lower_Forest_Groundwater,0.0,0.0
2023-11-27T00:00:00,Lower_Forest_Groundwater,0.0,0.0
2023-11-28T00:00:00,Lower_Forest_Groundwater,0.0,0.0
2023-11-29T00:00:00,Lower_Forest_Groundwater,0.0,0.0
2023-11-30T00:00:00,Lower_Forest_Groundwater,0.0,0.0
2023-12-01T00:00:00,Lower_Forest_Groundwater,0.0,0.0
2023-12-02T00:00:00,Lower_Forest_Groundwater,0.0,0.0
2023-12-03T00:00:00,Lower_Forest_Groundwater,0.0,0.0
2023-12-04T00:00:00,Lower_Forest_Groundwater,0.0,0.0
2023-12-05T00:00:00,Lower_Forest_Groundwater,0.0,0.0
2023-12-06T00:00:00,Lower_Forest_Groundwater,0.0,0.0
2023-12-07T00:00:00,Lower_Forest_Groundwater,0.0,0.0
2023-12-08T00:00:00,Lower_Forest_Groundwater,0.0,0.0
2023-12-09T00:00:00,Lower_Forest_Groundwater,0.0,0.0
2023-12-10T00:00:00,Lower_Forest_Groundwater,0.0,0.0
2023-12-11T00:00:00,Lower_Forest_Groundwater,0.0,0.0
2023-12-12T00:00:00,Lower_Forest_Groundwater,0.0,0.0
2023-12-13T00:00:00,Lower_Forest_Groundwater,0.0,0.0
2023-12-14T00:00:00,Lower_Forest_Groundwater,0.0,0.0
2023-12-15T00:00:00,Lower_Forest_Groundwater,0.0,0.0
2023-12-16T00:00:00,Lower_Forest_Groundwater,0.0,0.0
2023-12-17T00:00:00,Lower_Forest_Groundwater,0.0,0.0
2023-12-18T00:00:00,Lower_Forest_Groundwater,0.0,0.0
2023-12-19T00:00:00,Lower_Forest_Groundwater,0.0,0.0
2023-12-20T00:00:00,Lower_Forest_Groundwater,0.0,0.0
2023-12-21T00:00:00,Lower_Forest_Groundwater,0.0,0.0
2023-12-22T00:00:00,Lower_Forest_Groundwater,0.0,0.0
2023-12-23T00:00:00,Lower_Forest_Groundwater,0.0,0.0
2023-12-24T00:00:00,Lower_Forest_Groundwater,0.0,0.0
2023-12-25T00:00:00,Lower_Forest_Groundwater,0.0,0.0
2023-12-26T00:00:00,Lower_Forest_Groundwater,0.0,0.0
2023-12-27T00:00:00,Lower_Forest_Groundwater,0.0,0.0
2023-12-28T00:00:00,Lower_Forest_Groundwater,0.0,0.0
2023-12-29T00:00:00,Lower_Forest_Groundwater,0.0,0.0
2023-12-30T00:00:00,Lower_Forest_Groundwater,0.0,0.0
2023-12-31T00:00:00,Lower_Forest_Groundwater,0.0,0.0
2024-01-01T00:00:00,Lower_Forest_Groundwater,0.0,0.0
2024-01-02T00:00:00,Lower_Forest_Groundwater,0.0,0.0
2024-01-03T00:00:00,Lower_Forest_Groundwater,0.0,0.0
2024-01-04T00:00:00,Lower_Forest_Groundwater,0.0,0.0
2024-01-05T00:00:00,Lower_Forest_Groundwater,0.0,0.0
2024-01-06T00:00:00,Lower_Forest_Groundwater,0.0,0.0
2024-01-07T00:00:00,Lower_Forest_Groundwater,0.0,0.0
2024-01-08T00:00:00,Lower_Forest_Groundwater,0.0,0.0
2024-01-09T00:00:00,Lower_Forest_Groundwater,0.0,0.0
2024-01-10T00:00:00,Lower_Forest_Groundwater,0.0,0.0
2024-01-11T00:00:00,Lower_Forest_Groundwater,0.0,0.0
2024-01-12T00:00:00,Lower_Forest_Groundwater,0.0,0.0
2024-01-13T00:00:00,Lower_Forest_Groundwater,0.0,0.0
2024-01-14T00:00:00,Lower_Forest_Groundwater,0.0,0.0
2024-01-15T00:00:00,Lower_Forest_Groundwater,0.0,0.0
2024-01-16T00:00:00,Lower_Forest_Groundwater,0.0,0.0
2024-01-17T00:00:00,Lower_Forest_Groundwater,0.0,0.0
2024-01-18T00:00:00,Lower_Forest_Groundwater,0.0,0.0
2024-01-19T00:00:00,Lower_Forest_Groundwater,0.0,0.0
2024-01-20T00:00:00,Lower_Forest_Groundwater,0.0,0.0
2024-01-21T00:00:00,Lower_Forest_Groundwater,0.0,0.0
2024-01-22T00:00:00,Lower_Forest_Groundwater,0.0,0.0
2024-01-23T00:00:00,Lower_Forest_Groundwater,0.0,0.0
2024-01-24T00:00:00,Lower_Forest_Groundwater,0.0,0.0
2024-01-25T00:00:00,Lower_Forest_Groundwater,0.0,0.0
2024-01-26T00:00:00,Lower_Forest_Groundwater,0.0,0.0
2024-01-27T00:00:00,Lower_Forest_Groundwater,0.0,0.0
2024-01-28T00:00:00,Lower_Forest_Groundwater,0.0,0.0
2024-01-29T00:00:00,Lower_Forest_Groundwater,0.0,0.0
2024-01-30T00:00:00,Lower_Forest_Groundwater,0.0,0.0
2024-01-31T00:00:00,Lower_Forest_Groundwater,0.0,0.0
2024-02-01T00:00:00,Lower_Forest_Groundwater,0.0,0.0
2024-02-02T00:00:00,Lower_Forest_Groundwater,0.0,0.0
2024-02-03T00:00:00,Lower_Forest_Groundwater,0.0,0.0
2024-02-04T00:00:00,Lower_Forest_Groundwater,0.0,0.0
2024-02-05T00:00:00,Lower_Forest_Groundwater,0.0,0.0
2024-02-06T00:00:00,Lower_Forest_Groundwater,0.0,0.0
2024-02-07T00:00:00,Lower_Forest_Groundwater,0.0,0.0
2024-02-08T00:00:00,Lower_Forest_Groundwater,0.0,0.0
2024-02-09T00:00:00,Lower_Forest_Groundwater,0.0,0.0
2024-02-10T00:00:00,Lower_Forest_Groundwater,0.0,0.0
2024-02-11T00:00:00,Lower_Forest_Groundwater,0.0,0.0
2024-02-12T00:00:00,Lower_Forest_Groundwater,0.0,0.0
2024-02-13T00:00:00,Lower_Forest_Groundwater,0.0,0.0
2024-02-14T00:00:00,Lower_Forest_Groundwater,0.0,0.0
2024-02-15T00:00:00,Lower_Forest_Groundwater,0.0,0.0
2024-02-16T00:00:00,Lower_Forest_Groundwater,0.0,0.0
2024-02-17T00:00:00,Lower_Forest_Groundwater,0.0,0.0
2024-02-18T00:00:00,Lower_Forest_Groundwater,0.0,0.0
2024-02-19T00:00:00,Lower_Forest_Groundwater,0.0,0.0
2024-02-20T00:00:00,Lower_Forest_Groundwater,0.0,0.0
2024-02-21T00:00:00,Lower_Forest_Groundwater,0.0,0.0
2024-02-22T00:00:00,Lower_Forest_Groundwater,0.0,0.0
2024-02-23T00:00:00,Lower_Forest_Groundwater,0.0,0.0
2024-02-24T00:00:00,Lower_Forest_Groundwater,0.0,0.0
2024-02-25T00:00:00,Lower_Forest_Groundwater,0.0,0.0
2024-02-26T00:00:00,Lower_Forest_Groundwater,0.0,0.0
2024-02-27T00:00:00,Lower_Forest_Groundwater,0.0,0.0
2024-02-28T00:00:00,Lower_Forest_Groundwater,0.0,0.0
2024-02-29T00:00:00,Lower_Forest_Groundwater,0.0,0.0
2024-03-01T00:00:00,Lower_Forest_Groundwater,0.0,0.0
2024-03-02T00:00:00,Lower_Forest_Groundwater,0.0,0.0
2024-03-03T00:00:00,Lower_Forest_Groundwater,0.0,0.0
2024-03-04T00:00:00,Lower_Forest_Groundwater,0.0,0.0
2024-03-05T00:00:00,Lower_Forest_Groundwater,0.0,0.0
2024-03-06T00:00:00,Lower_Forest_Groundwater,0.0,0.0
2024-03-07T00:00:00,Lower_Forest_Groundwater,0.0,0.0
2024-03-08T00:00:00,Lower_Forest_Groundwater,0.0,0.0
2024-03-09T00:00:00,Lower_Forest_Groundwater,0.0,0.0
2024-03-10T00:00:00,Lower_Forest_Groundwater,0.0,0.0
2024-03-11T00:00:00,Lower_Forest_Groundwater,0.0,0.0
2024-03-12T00:00:00,Lower_Forest_Groundwater,0.0,0.0
2024-03-13T00:00:00,Lower_Forest_Groundwater,0.0,0.0
2024-03-14T00:00:00,Lower_Forest_Groundwater,0.0,0.0
2024-03-15T00:00:00,Lower_Forest_Groundwater,0.0,0.0
2024-03-16T00:00:00,Lower_Forest_Groundwater,0.0,0.0
2024-03-17T00:00:00,Lower_Forest_Groundwater,0.0,0.0
2024-03-18T00:00:00,Lower_Forest_Groundwater,0.0,0.0
2024-03-19T00:00:00,Lower_Forest_Groundwater,0.0,0.0
2024-03-20T00:00:00,Lower_Forest_Groundwater,0.0,0.0
2024-03-21T00:00:00,Lower_Forest_Groundwater,0.0,0.0
2024-03-22T00:00:00,Lower_Forest_Groundwater,0.0,0.0
2024-03-23T00:00:00,Lower_Forest_Groundwater,0.0,0.0
2024-03-24T00:00:00,Lower_Forest_Groundwater,0.0,0.0
2024-03-25T00:00:00,Lower_Forest_Groundwater,0.0,0.0
2024-03-26T00:00:00,Lower_Forest_Groundwater,0.0,0.0
2024-03-27T00:00:00,Lower_Forest_Groundwater,0.0,0.0
2024-03-28T00:00:00,Lower_Forest_Groundwater,0.0,0.0
2024-03-29T00:00:00,Lower_Forest_Groundwater,0.0,0.0
2024-03-30T00:00:00,Lower_Forest_Groundwater,0.0,0.0
2024-03-31T00:00:00,Lower_Forest_Groundwater,0.0,0.0
2024-04-01T00:00:00,Lower_Forest_Groundwater,0.0,0.0
2024-04-02T00:00:00,Lower_Forest_Groundwater,0.0,0.0
2024-04-03T00:00:00,Lower_Forest_Groundwater,0.0,0.0
2024-04-04T00:00:00,Lower_Forest_Groundwater,0.0,0.0
2024-04-05T00:00:00,Lower_Forest_Groundwater,0.0,0.0
2024-04-06T00:00:00,Lower_Forest_Groundwater,0.0,0.0
2024-04-07T00:00:00,Lower_Forest_Groundwater,0.0,0.0
2024-04-08T00:00:00,Lower_Forest_Groundwater,0.0,0.0
2024-04-09T00:00:00,Lower_Forest_Groundwater,0.0,0.0
2024-04-10T00:00:00,Lower_Forest_Groundwater,0.0,0.0
2024-04-11T00:00:00,Lower_Forest_Groundwater,0.0,0.0
2024-04-12T00:00:00,Lower_Forest_Groundwater,0.0,0.0
2024-04-13T00:00:00,Lower_Forest_Groundwater,0.0,0.0
2024-04-14T00:00:00,Lower_Forest_Groundwater,0.0,0.0
2024-04-15T00:00:00,Lower_Forest_Groundwater,0.0,0.0
2024-04-16T00:00:00,Lower_Forest_Groundwater,0.0,0.0
2024-04-17T00:00:00,Lower_Forest_Groundwater,0.0,0.0
2024-04-18T00:00:00,Lower_Forest_Groundwater,0.0,0.0
2024-04-19T00:00:00,Lower_Forest_Groundwater,0.0,0.0
2024-04-20T00:00:00,Lower_Forest_Groundwater,0.0,0.0
2024-04-21T00:00:00,Lower_Forest_Groundwater,0.0,0.0
2024-04-22T00:00:00,Lower_Forest_Groundwater,0.0,0.0
2024-04-23T00:00:00,Lower_Forest_Groundwater,0.0,0.0
2024-04-24T00:00:00,Lower_Forest_Groundwater,0.0,0.0
2024-04-25T00:00:00,Lower_Forest_Groundwater,0.0,0.0
2024-04-26T00:00:00,Lower_Forest_Groundwater,0.0,0.0
2024-04-27T00:00:00,Lower_Forest_Groundwater,0.0,0.0
2024-04-28T00:00:00,Lower_Forest_Groundwater,0.0,0.0
2024-04-29T00:00:00,Lower_Forest_Groundwater,0.0,0.0
2024-04-30T00:00:00,Lower_Forest_Groundwater,0.0,0.0
2024-05-01T00:00:00,Lower_Forest_Groundwater,0.0,0.0
2024-05-02T00:00:00,Lower_Forest_Groundwater,0.0,0.0
2024-05-03T00:00:00,Lower_Forest_Groundwater,0.0,0.0
2024-05-04T00:00:00,Lower_Forest_Groundwater,0.0,0.0
2024-05-05T00:00:00,Lower_Forest_Groundwater,0.0,0.0
2024-05-06T00:00:00,Lower_Forest_Groundwater,0.0,0.0
2024-05-07T00:00:00,Lower_Forest_Groundwater,0.0,0.0
2024-05-08T00:00:00,Lower_Forest_Groundwater,0.0,0.0
2024-05-09T00:00:00,Lower_Forest_Groundwater,0.0,0.0
2024-05-10T00:00:00,Lower_Forest_Groundwater,0.0,0.0
2024-05-11T00:00:00,Lower_Forest_Groundwater,0.0,0.0
2024-05-12T00:00:00,Lower_Forest_Groundwater,0.0,0.0
2024-05-13T00:00:00,Lower_Forest_Groundwater,0.0,0.0
2024-05-14T00:00:00,Lower_Forest_Groundwater,0.0,0.0
2024-05-15T00:00:00,Lower_Forest_Groundwater,0.0,0.0
2024-05-16T00:00:00,Lower_Forest_Groundwater,0.0,0.0
2024-05-17T00:00:00,Lower_Forest_Groundwater,0.0,0.0
2024-05-18T00:00:00,Lower_Forest_Groundwater,0.0,0.0
2024-05-19T00:00:00,Lower_Forest_Groundwater,0.0,0.0
2024-05-20T00:00:00,Lower_Forest_Groundwater,0.0,0.0
2024-05-21T00:00:00,Lower_Forest_Groundwater,0.0,0.0
2024-05-22T00:00:00,Lower_Forest_Groundwater,0.0,0.0
2024-05-23T00:00:00,Lower_Forest_Groundwater,0.0,0.0
2024-05-24T00:00:00,Lower_Forest_Groundwater,0.0,0.0
2024-05-25T00:00:00,Lower_Forest_Groundwater,0.0,0.0
2024-05-26T00:00:00,Lower_Forest_Groundwater,0.0,0.0
2024-05-27T00:00:00,Lower_Forest_Groundwater,0.0,0.0
2024-05-28T00:00:00,Lower_Forest_Groundwater,0.0,0.0
2024-05-29T00:00:00,Lower_Forest_Groundwater,0.0,0.0
2024-05-30T00:00:00,Lower_Forest_Groundwater,0.0,0.0
2024-05-31T00:00:00,Lower_Forest_Groundwater,0.0,0.0
2024-06-01T00:00:00,Lower_Forest_Groundwater,0.0,0.0
2024-06-02T00:00:00,Lower_Forest_Groundwater,0.0,0.0
2024-06-03T00:00:00,Lower_Forest_Groundwater,0.0,0.0
2024-06-04T00:00:00,Lower_Forest_Groundwater,0.0,0.0
2024-06-05T00:00:00,Lower_Forest_Groundwater,0.0,0.0
2024-06-06T00:00:00,Lower_Forest_Groundwater,0.0,0.0
2024-06-07T00:00:00,Lower_Forest_Groundwater,0.0,0.0
2024-06-08T00:00:00,Lower_Forest_Groundwater,0.0,0.0
2024-06-09T00:00:00,Lower_Forest_Groundwater,0.0,0.0
2024-06-10T00:00:00,Lower_Forest_Groundwater,0.0,0.0
2024-06-11T00:00:00,Lower_Forest_Groundwater,0.0,0.0
2024-06-12T00:00:00,Lower_Forest_Groundwater,0.0,0.0
2024-06-13T00:00:00,Lower_Forest_Groundwater,0.0,0.0
2024-06-14T00:00:00,Lower_Forest_Groundwater,0.0,0.0
2024-06-15T00:00:00,Lower_Forest_Groundwater,0.0,0.0
2024-06-16T00:00:00,Lower_Forest_Groundwater,0.0,0.0
2024-06-17T00:00:00,Lower_Forest_Groundwater,0.0,0.0
2024-06-18T00:00:00,Lower_Forest_Groundwater,0.0,0.0
2024-06-19T00:00:00,Lower_Forest_Groundwater,0.0,0.0
2024-06-20T00:00:00,Lower_Forest_Groundwater,0.0,0.0
2024-06-21T00:00:00,Lower_Forest_Groundwater,0.0,0.0
2024-06-22T00:00:00,Lower_Forest_Groundwater,0.0,0.0
2024-06-23T00:00:00,Lower_Forest_Groundwater,0.0,0.0
2024-06-24T00:00:00,Lower_Forest_Groundwater,0.0,0.0
2024-06-25T00:00:00,Lower_Forest_Groundwater,0.0,0.0
2024-06-26T00:00:00,Lower_Forest_Groundwater,0.0,0.0
2024-06-27T00:00:00,Lower_Forest_Groundwater,0.0,0.0
2024-06-28T00:00:00,Lower_Forest_Groundwater,0.0,0.0
2024-06-29T00:00:00,Lower_Forest_Groundwater,0.0,0.0
2024-06-30T00:00:00,Lower_Forest_Groundwater,0.0,0.0
2024-07-01T00:00:00,Lower_Forest_Groundwater,0.0,0.0
2024-07-02T00:00:00,Lower_Forest_Groundwater,0.0,0.0
2024-07-03T00:00:00,Lower_Forest_Groundwater,0.0,0.0
2024-07-04T00:00:00,Lower_Forest_Groundwater,0.0,0.0
2024-07-05T00:00:00,Lower_Forest_Groundwater,0.0,0.0
2024-07-06T00:00:00,Lower_Forest_Groundwater,0.0,0.0
2024-07-07T00:00:00,Lower_Forest_Groundwater,0.0,0.0
2024-07-08T00:00:00,Lower_Forest_Groundwater,0.0,0.0
2024-07-09T00:00:00,Lower_Forest_Groundwater,0.0,0.0
2024-07-10T00:00:00,Lower_Forest_Groundwater,0.0,0.0
2024-07-11T00:00:00,Lower_Forest_Groundwater,0.0,0.0
2024-07-12T00:00:00,Lower_Forest_Groundwater,0.0,0.0
2024-07-13T00:00:00,Lower_Forest_Groundwater,0.0,0.0
2024-07-14T00:00:00,Lower_Forest_Groundwater,0.0,0.0
2024-07-15T00:00:00,Lower_Forest_Groundwater,0.0,0.0
2024-07-16T00:00:00,Lower_Forest_Groundwater,0.0,0.0
2024-07-17T00:00:00,Lower_Forest_Groundwater,0.0,0.0
2024-07-18T00:00:00,Lower_Forest_Groundwater,0.0,0.0
2024-07-19T00:00:00,Lower_Forest_Groundwater,0.0,0.0
2024-07-20T00:00:00,Lower_Forest_Groundwater,0.0,0.0
2024-07-21T00:00:00,Lower_Forest_Groundwater,0.0,0.0
2024-07-22T00:00:00,Lower_Forest_Groundwater,0.0,0.0
2024-07-23T00:00:00,Lower_Forest_Groundwater,0.0,0.0
2024-07-24T00:00:00,Lower_Forest_Groundwater,0.0,0.0
2024-07-25T00:00:00,Lower_Forest_Groundwater,0.0,0.0
2024-07-26T00:00:00,Lower_Forest_Groundwater,0.0,0.0
2024-07-27T00:00:00,Lower_Forest_Groundwater,0.0,0.0
2024-07-28T00:00:00,Lower_Forest_Groundwater,0.0,0.0
2024-07-29T00:00:00,Lower_Forest_Groundwater,0.0,0.0
2024-07-30T00:00:00,Lower_Forest_Groundwater,0.0,0.0
2024-07-31T00:00:00,Lower_Forest_Groundwater,0.0,0.0
2024-08-01T00:00:00,Lower_Forest_Groundwater,0.0,0.0
2024-08-02T00:00:00,Lower_Forest_Groundwater,0.0,0.0
2024-08-03T00:00:00,Lower_Forest_Groundwater,0.0,0.0
2024-08-04T00:00:00,Lower_Forest_Groundwater,0.0,0.0
2024-08-05T00:00:00,Lower_Forest_Groundwater,0.0,0.0
2024-08-06T00:00:00,Lower_Forest_Groundwater,0.0,0.0
2024-08-07T00:00:00,Lower_Forest_Groundwater,0.0,0.0
2024-08-08T00:00:00,Lower_Forest_Groundwater,0.0,0.0
2024-08-09T00:00:00,Lower_Forest_Groundwater,0.0,0.0
2024-08-10T00:00:00,Lower_Forest_Groundwater,0.0,0.0
2024-08-11T00:00:00,Lower_Forest_Groundwater,0.0,0.0
2024-08-12T00:00:00,Lower_Forest_Groundwater,0.0,0.0
2024-08-13T00:00:00,Lower_Forest_Groundwater,0.0,0.0
2024-08-14T00:00:00,Lower_Forest_Groundwater,0.0,0.0
2024-08-15T00:00:00,Lower_Forest_Groundwater,0.0,0.0
2024-08-16T00:00:00,Lower_Forest_Groundwater,0.0,0.0
2024-08-17T00:00:00,Lower_Forest_Groundwater,0.0,0.0
2024-08-18T00:00:00,Lower_Forest_Groundwater,0.0,0.0
2024-08-19T00:00:00,Lower_Forest_Groundwater,0.0,0.0
2024-08-20T00:00:00,Lower_Forest_Groundwater,0.0,0.0
2024-08-21T00:00:00,Lower_Forest_Groundwater,0.0,0.0
2024-08-22T00:00:00,Lower_Forest_Groundwater,0.0,0.0
2024-08-23T00:00:00,Lower_Forest_Groundwater,0.0,0.0
2024-08-24T00:00:00,Lower_Forest_Groundwater,0.0,0.0
2024-08-25T00:00:00,Lower_Forest_Groundwater,0.0,0.0
2024-08-26T00:00:00,Lower_Forest_Groundwater,0.0,0.0
2024-08-27T00:00:00,Lower_Forest_Groundwater,0.0,0.0
2024-08-28T00:00:00,Lower_Forest_Groundwater,0.0,0.0
2024-08-29T00:00:00,Lower_Forest_Groundwater,0.0,0.0
2024-08-30T00:00:00,Lower_Forest_Groundwater,0.0,0.0
2024-08-31T00:00:00,Lower_Forest_Groundwater,0.0,0.0
2024-09-01T00:00:00,Lower_Forest_Groundwater,0.0,0.0
2024-09-02T00:00:00,Lower_Forest_Groundwater,0.0,0.0
2024-09-03T00:00:00,Lower_Forest_Groundwater,0.0,0.0
2024-09-04T00:00:00,Lower_Forest_Groundwater,0.0,0.0
2024-09-05T00:00:00,Lower_Forest_Groundwater,0.0,0.0
2024-09-06T00:00:00,Lower_Forest_Groundwater,0.0,0.0
2024-09-07T00:00:00,Lower_Forest_Groundwater,0.0,0.0
2024-09-08T00:00:00,Lower_Forest_Groundwater,0.0,0.0
2024-09-09T00:00:00,Lower_Forest_Groundwater,0.0,0.0
2024-09-10T00:00:00,Lower_Forest_Groundwater,0.0,0.0
2024-09-11T00:00:00,Lower_Forest_Groundwater,0.0,0.0
2024-09-12T00:00:00,Lower_Forest_Groundwater,0.0,0.0
2024-09-13T00:00:00,Lower_Forest_Groundwater,0.0,0.0
2024-09-14T00:00:00,Lower_Forest_Groundwater,0.0,0.0
2024-09-15T00:00:00,Lower_Forest_Groundwater,0.0,0.0
2024-09-16T00:00:00,Lower_Forest_Groundwater,0.0,0.0
2024-09-17T00:00:00,Lower_Forest_Groundwater,0.0,0.0
2024-09-18T00:00:00,Lower_Forest_Groundwater,0.0,0.0
2024-09-19T00:00:00,Lower_Forest_Groundwater,0.0,0.0
2024-09-20T00:00:00,Lower_Forest_Groundwater,0.0,0.0
2024-09-21T00:00:00,Lower_Forest_Groundwater,0.0,0.0
2024-09-22T00:00:00,Lower_Forest_Groundwater,0.0,0.0
2024-09-23T00:00:00,Lower_Forest_Groundwater,0.0,0.0
2024-09-24T00:00:00,Lower_Forest_Groundwater,0.0,0.0
2024-09-25T00:00:00,Lower_Forest_Groundwater,0.0,0.0
2024-09-26T00:00:00,Lower_Forest_Groundwater,0.0,0.0
2024-09-27T00:00:00,Lower_Forest_Groundwater,0.0,0.0
2024-09-28T00:00:00,Lower_Forest_Groundwater,0.0,0.0
2024-09-29T00:00:00,Lower_Forest_Groundwater,0.0,0.0
2024-09-30T00:00:00,Lower_Forest_Groundwater,0.0,0.0
2024-10-01T00:00:00,Lower_Forest_Groundwater,0.0,0.0
2024-10-02T00:00:00,Lower_Forest_Groundwater,0.0,0.0
2024-10-03T00:00:00,Lower_Forest_Groundwater,0.0,0.0
2024-10-04T00:00:00,Lower_Forest_Groundwater,0.0,0.0
2024-10-05T00:00:00,Lower_Forest_Groundwater,0.0,0.0
2024-10-06T00:00:00,Lower_Forest_Groundwater,0.0,0.0
2024-10-07T00:00:00,Lower_Forest_Groundwater,0.0,0.0
2024-10-08T00:00:00,Lower_Forest_Groundwater,0.0,0.0
2024-10-09T00:00:00,Lower_Forest_Groundwater,0.0,0.0
2024-10-10T00:00:00,Lower_Forest_Groundwater,0.0,0.0
2024-10-11T00:00:00,Lower_Forest_Groundwater,0.0,0.0
2024-10-12T00:00:00,Lower_Forest_Groundwater,0.0,0.0
2024-10-13T00:00:00,Lower_Forest_Groundwater,0.0,0.0
2024-10-14T00:00:00,Lower_Forest_Groundwater,0.0,0.0
2024-10-15T00:00:00,Lower_Forest_Groundwater,0.0,0.0
2024-10-16T00:00:00,Lower_Forest_Groundwater,0.0,0.0
2024-10-17T00:00:00,Lower_Forest_Groundwater,0.0,0.0
2024-10-18T00:00:00,Lower_Forest_Groundwater,0.0,0.0
2024-10-19T00:00:00,Lower_Forest_Groundwater,0.0,0.0
2024-10-20T00:00:00,Lower_Forest_Groundwater,0.0,0.0
2024-10-21T00:00:00,Lower_Forest_Groundwater,0.0,0.0
2024-10-22T00:00:00,Lower_Forest_Groundwater,0.0,0.0
2024-10-23T00:00:00,Lower_Forest_Groundwater,0.0,0.0
2024-10-24T00:00:00,Lower_Forest_Groundwater,0.0,0.0
2024-10-25T00:00:00,Lower_Forest_Groundwater,0.0,0.0
2024-10-26T00:00:00,Lower_Forest_Groundwater,0.0,0.0
2024-10-27T00:00:00,Lower_Forest_Groundwater,0.0,0.0
2024-10-28T00:00:00,Lower_Forest_Groundwater,0.0,0.0
2024-10-29T00:00:00,Lower_Forest_Groundwater,0.0,0.0
2024-10-30T00:00:00,Lower_Forest_Groundwater,0.0,0.0
2024-10-31T00:00:00,Lower_Forest_Groundwater,0.0,0.0
2024-11-01T00:00:00,Lower_Forest_Groundwater,0.0,0.0
2024-11-02T00:00:00,Lower_Forest_Groundwater,0.0,0.0
2024-11-03T00:00:00,Lower_Forest_Groundwater,0.0,0.0
2024-11-04T00:00:00,Lower_Forest_Groundwater,0.0,0.0
2024-11-05T00:00:00,Lower_Forest_Groundwater,0.0,0.0
2024-11-06T00:00:00,Lower_Forest_Groundwater,0.0,0.0
2024-11-07T00:00:00,Lower_Forest_Groundwater,0.0,0.0
2024-11-08T00:00:00,Lower_Forest_Groundwater,0.0,0.0
2024-11-09T00:00:00,Lower_Forest_Groundwater,0.0,0.0
2024-11-10T00:00:00,Lower_Forest_Groundwater,0.0,0.0
2024-11-11T00:00:00,Lower_Forest_Groundwater,0.0,0.0
2024-11-12T00:00:00,Lower_Forest_Groundwater,0.0,0.0
2024-11-13T00:00:00,Lower_Forest_Groundwater,0.0,0.0
2024-11-14T00:00:00,Lower_Forest_Groundwater,0.0,0.0
2024-11-15T00:00:00,Lower_Forest_Groundwater,0.0,0.0
2024-11-16T00:00:00,Lower_Forest_Groundwater,0.0,0.0
2024-11-17T00:00:00,Lower_Forest_Groundwater,0.0,0.0
2024-11-18T00:00:00,Lower_Forest_Groundwater,0.0,0.0
2024-11-19T00:00:00,Lower_Forest_Groundwater,0.0,0.0
2024-11-20T00:00:00,Lower_Forest_Groundwater,0.0,0.0
2024-11-21T00:00:00,Lower_Forest_Groundwater,0.0,0.0
2024-11-22T00:00:00,Lower_Forest_Groundwater,0.0,0.0
2024-11-23T00:00:00,Lower_Forest_Groundwater,0.0,0.0
2024-11-24T00:00:00,Lower_Forest_Groundwater,0.0,0.0
2024-11-25T00:00:00,Lower_Forest_Groundwater,0.0,0.0
2024-11-26T00:00:00,Lower_Forest_Groundwater,0.0,0.0
2024-11-27T00:00:00,Lower_Forest_Groundwater,0.0,0.0
2024-11-28T00:00:00,Lower_Forest_Groundwater,0.0,0.0
2024-11-29T00:00:00,Lower_Forest_Groundwater,0.0,0.0
2024-11-30T00:00:00,Lower_Forest_Groundwater,0.0,0.0
2024-12-01T00:00:00,Lower_Forest_Groundwater,0.0,0.0
2024-12-02T00:00:00,Lower_Forest_Groundwater,0.0,0.0
2024-12-03T00:00:00,Lower_Forest_Groundwater,0.0,0.0
2024-12-04T00:00:00,Lower_Forest_Groundwater,0.0,0.0
2024-12-05T00:00:00,Lower_Forest_Groundwater,0.0,0.0
2024-12-06T00:00:00,Lower_Forest_Groundwater,0.0,0.0
2024-12-07T00:00:00,Lower_Forest_Groundwater,0.0,0.0
2024-12-08T00:00:00,Lower_Forest_Groundwater,0.0,0.0
2024-12-09T00:00:00,Lower_Forest_Groundwater,0.0,0.0
2024-12-10T00:00:00,Lower_Forest_Groundwater,0.0,0.0
2024-12-11T00:00:00,Lower_Forest_Groundwater,0.0,0.0
2024-12-12T00:00:00,Lower_Forest_Groundwater,0.0,0.0
2024-12-13T00:00:00,Lower_Forest_Groundwater,0.0,0.0
2024-12-14T00:00:00,Lower_Forest_Groundwater,0.0,0.0
2024-12-15T00:00:00,Lower_Forest_Groundwater,0.0,0.0
2024-12-16T00:00:00,Lower_Forest_Groundwater,0.0,0.0
2024-12-17T00:00:00,Lower_Forest_Groundwater,0.0,0.0
2024-12-18T00:00:00,Lower_Forest_Groundwater,0.0,0.0
2024-12-19T00:00:00,Lower_Forest_Groundwater,0.0,0.0
2024-12-20T00:00:00,Lower_Forest_Groundwater,0.0,0.0
2024-12-21T00:00:00,Lower_Forest_Groundwater,0.0,0.0
2024-12-22T00:00:00,Lower_Forest_Groundwater,0.0,0.0
2024-12-23T00:00:00,Lower_Forest_Groundwater,0.0,0.0
2024-12-24T00:00:00,Lower_Forest_Groundwater,0.0,0.0
2024-12-25T00:00:00,Lower_Forest_Groundwater,0.0,0.0
2024-12-26T00:00:00,Lower_Forest_Groundwater,0.0,0.0
2024-12-27T00:00:00,Lower_Forest_Groundwater,0.0,0.0
2024-12-28T00:00:00,Lower_Forest_Groundwater,0.0,0.0
2024-12-29T00:00:00,Lower_Forest_Groundwater,0.0,0.0
2024-12-30T00:00:00,Lower_Forest_Groundwater,0.0,0.0
2024-12-31T00:00:00,Lower_Forest_Groundwater,0.0,0.0
2025-01-01T00:00:00,Lower_Forest_Groundwater,0.0,0.0
2025-01-02T00:00:00,Lower_Forest_Groundwater,0.0,0.0
2025-01-03T00:00:00,Lower_Forest_Groundwater,0.0,0.0
2025-01-04T00:00:00,Lower_Forest_Groundwater,0.0,0.0
2025-01-05T00:00:00,Lower_Forest_Groundwater,0.0,0.0
2025-01-06T00:00:00,Lower_Forest_Groundwater,0.0,0.0
2025-01-07T00:00:00,Lower_Forest_Groundwater,0.0,0.0
2025-01-08T00:00:00,Lower_Forest_Groundwater,0.0,0.0
2025-01-09T00:00:00,Lower_Forest_Groundwater,0.0,0.0
2025-01-10T00:00:00,Lower_Forest_Groundwater,0.0,0.0
2025-01-11T00:00:00,Lower_Forest_Groundwater,0.0,0.0
2025-01-12T00:00:00,Lower_Forest_Groundwater,0.0,0.0
2025-01-13T00:00:00,Lower_Forest_Groundwater,0.0,0.0
2025-01-14T00:00:00,Lower_Forest_Groundwater,0.0,0.0
2025-01-15T00:00:00,Lower_Forest_Groundwater,0.0,0.0
2025-01-16T00:00:00,Lower_Forest_Groundwater,0.0,0.0
2025-01-17T00:00:00,Lower_Forest_Groundwater,0.0,0.0
2025-01-18T00:00:00,Lower_Forest_Groundwater,0.0,0.0
2025-01-19T00:00:00,Lower_Forest_Groundwater,0.0,0.0
2025-01-20T00:00:00,Lower_Forest_Groundwater,0.0,0.0
2025-01-21T00:00:00,Lower_Forest_Groundwater,0.0,0.0
2025-01-22T00:00:00,Lower_Forest_Groundwater,0.0,0.0
2025-01-23T00:00:00,Lower_Forest_Groundwater,0.0,0.0
2025-01-24T00:00:00,Lower_Forest_Groundwater,0.0,0.0
2025-01-25T00:00:00,Lower_Forest_Groundwater,0.0,0.0
2025-01-26T00:00:00,Lower_Forest_Groundwater,0.0,0.0
2025-01-27T00:00:00,Lower_Forest_Groundwater,0.0,0.0
2025-01-28T00:00:00,Lower_Forest_Groundwater,0.0,0.0
2025-01-29T00:00:00,Lower_Forest_Groundwater,0.0,0.0
2025-01-30T00:00:00,Lower_Forest_Groundwater,0.0,0.0
2025-01-31T00:00:00,Lower_Forest_Groundwater,0.0,0.0
2025-02-01T00:00:00,Lower_Forest_Groundwater,0.0,0.0
2025-02-02T00:00:00,Lower_Forest_Groundwater,0.0,0.0
2025-02-03T00:00:00,Lower_Forest_Groundwater,0.0,0.0
2025-02-04T00:00:00,Lower_Forest_Groundwater,0.0,0.0
2025-02-05T00:00:00,Lower_Forest_Groundwater,0.0,0.0
2025-02-06T00:00:00,Lower_Forest_Groundwater,0.0,0.0
2025-02-07T00:00:00,Lower_Forest_Groundwater,0.0,0.0
2025-02-08T00:00:00,Lower_Forest_Groundwater,0.0,0.0
2025-02-09T00:00:00,Lower_Forest_Groundwater,0.0,0.0
2025-02-10T00:00:00,Lower_Forest_Groundwater,0.0,0.0
2025-02-11T00:00:00,Lower_Forest_Groundwater,0.0,0.0
2025-02-12T00:00:00,Lower_Forest_Groundwater,0.0,0.0
2025-02-13T00:00:00,Lower_Forest_Groundwater,0.0,0.0
2025-02-14T00:00:00,Lower_Forest_Groundwater,0.0,0.0
2025-02-15T00:00:00,Lower_Forest_Groundwater,0.0,0.0
2025-02-16T00:00:00,Lower_Forest_Groundwater,0.0,0.0
2025-02-17T00:00:00,Lower_Forest_Groundwater,0.0,0.0
2025-02-18T00:00:00,Lower_Forest_Groundwater,0.0,0.0
2025-02-19T00:00:00,Lower_Forest_Groundwater,0.0,0.0
2025-02-20T00:00:00,Lower_Forest_Groundwater,0.0,0.0
2025-02-21T00:00:00,Lower_Forest_Groundwater,0.0,0.0
2025-02-22T00:00:00,Lower_Forest_Groundwater,0.0,0.0
2025-02-23T00:00:00,Lower_Forest_Groundwater,0.0,0.0
2025-02-24T00:00:00,Lower_Forest_Groundwater,0.0,0.0
2025-02-25T00:00:00,Lower_Forest_Groundwater,0.0,0.0
2025-02-26T00:00:00,Lower_Forest_Groundwater,0.0,0.0
2025-02-27T00:00:00,Lower_Forest_Groundwater,0.0,0.0
2025-02-28T00:00:00,Lower_Forest_Groundwater,0.0,0.0
2025-03-01T00:00:00,Lower_Forest_Groundwater,0.0,0.0
2025-03-02T00:00:00,Lower_Forest_Groundwater,0.0,0.0
2025-03-03T00:00:00,Lower_Forest_Groundwater,0.0,0.0
2025-03-04T00:00:00,Lower_Forest_Groundwater,0.0,0.0
2025-03-05T00:00:00,Lower_Forest_Groundwater,0.0,0.0
2025-03-06T00:00:00,Lower_Forest_Groundwater,0.0,0.0
2025-03-07T00:00:00,Lower_Forest_Groundwater,0.0,0.0
2025-03-08T00:00:00,Lower_Forest_Groundwater,0.0,0.0
2025-03-09T00:00:00,Lower_Forest_Groundwater,0.0,0.0
2025-03-10T00:00:00,Lower_Forest_Groundwater,0.0,0.0
2025-03-11T00:00:00,Lower_Forest_Groundwater,0.0,0.0
2025-03-12T00:00:00,Lower_Forest_Groundwater,0.0,0.0
2025-03-13T00:00:00,Lower_Forest_Groundwater,0.0,0.0
2025-03-14T00:00:00,Lower_Forest_Groundwater,0.0,0.0
2025-03-15T00:00:00,Lower_Forest_Groundwater,0.0,0.0
2025-03-16T00:00:00,Lower_Forest_Groundwater,0.0,0.0
2025-03-17T00:00:00,Lower_Forest_Groundwater,0.0,0.0
2025-03-18T00:00:00,Lower_Forest_Groundwater,0.0,0.0
2025-03-19T00:00:00,Lower_Forest_Groundwater,0.0,0.0
2025-03-20T00:00:00,Lower_Forest_Groundwater,0.0,0.0
2025-03-21T00:00:00,Lower_Forest_Groundwater,0.0,0.0
2025-03-22T00:00:00,Lower_Forest_Groundwater,0.0,0.0
2025-03-23T00:00:00,Lower_Forest_Groundwater,0.0,0.0
2025-03-24T00:00:00,Lower_Forest_Groundwater,0.0,0.0
2025-03-25T00:00:00,Lower_Forest_Groundwater,0.0,0.0
2025-03-26T00:00:00,Lower_Forest_Groundwater,0.0,0.0
2025-03-27T00:00:00,Lower_Forest_Groundwater,0.0,0.0
2025-03-28T00:00:00,Lower_Forest_Groundwater,0.0,0.0
2025-03-29T00:00:00,Lower_Forest_Groundwater,0.0,0.0
2025-03-30T00:00:00,Lower_Forest_Groundwater,0.0,0.0
2025-03-31T00:00:00,Lower_Forest_Groundwater,0.0,0.0
2025-04-01T00:00:00,Lower_Forest_Groundwater,0.0,0.0
2025-04-02T00:00:00,Lower_Forest_Groundwater,0.0,0.0
2025-04-03T00:00:00,Lower_Forest_Groundwater,0.0,0.0
2025-04-04T00:00:00,Lower_Forest_Groundwater,0.0,0.0
2025-04-05T00:00:00,Lower_Forest_Groundwater,0.0,0.0
2025-04-06T00:00:00,Lower_Forest_Groundwater,0.0,0.0
2025-04-07T00:00:00,Lower_Forest_Groundwater,0.0,0.0
2025-04-08T00:00:00,Lower_Forest_Groundwater,0.0,0.0
2025-04-09T00:00:00,Lower_Forest_Groundwater,0.0012988544094028498,0.0012988544094028498
2025-04-10T00:00:00,Lower_Forest_Groundwater,0.007626476115871839,0.007626476115871839
2025-04-11T00:00:00,Lower_Forest_Groundwater,0.01737609393543096,0.01737609393543096
2025-04-12T00:00:00,Lower_Forest_Groundwater,0.029162967716685275,0.029162967716685275
2025-04-13T00:00:00,Lower_Forest_Groundwater,0.041600339860898575,0.041600339860898575
2025-04-14T00:00:00,Lower_Forest_Groundwater,0.05360117481962732,0.05360117481962732
2025-04-15T00:00:00,Lower_Forest_Groundwater,0.0646994758658657,0.0646994758658657
2025-04-16T00:00:00,Lower_Forest_Groundwater,0.07473199679847298,0.07473199679847298
2025-04-17T00:00:00,Lower_Forest_Groundwater,0.08399969833012833,0.08399969833012833
2025-04-18T00:00:00,Lower_Forest_Groundwater,0.09235372521787398,0.09235372521787398
2025-04-19T00:00:00,Lower_Forest_Groundwater,0.09977410284503421,0.09977410284503421
2025-04-20T00:00:00,Lower_Forest_Groundwater,0.10629983502621627,0.10629983502621627
2025-04-21T00:00:00,Lower_Forest_Groundwater,0.11199449930525916,0.11199449930525916
2025-04-22T00:00:00,Lower_Forest_Groundwater,0.1169295363575273,0.1169295363575273
2025-04-23T00:00:00,Lower_Forest_Groundwater,0.12117633726648336,0.12117633726648336
2025-04-24T00:00:00,Lower_Forest_Groundwater,0.12480268547733503,0.12480268547733503
2025-04-25T00:00:00,Lower_Forest_Groundwater,0.12787133625518265,0.12787133625518265
2025-04-26T00:00:00,Lower_Forest_Groundwater,0.13043962904482598,0.13043962904482598
2025-04-27T00:00:00,Lower_Forest_Groundwater,0.1325595840158904,0.1325595840158904
2025-04-28T00:00:00,Lower_Forest_Groundwater,0.13427821166169168,0.13427821166169168
2025-04-29T00:00:00,Lower_Forest_Groundwater,0.1359577262274641,0.1359577262274641
2025-04-30T00:00:00,Lower_Forest_Groundwater,0.13744041364508205,0.13744041364508205
2025-05-01T00:00:00,Lower_Forest_Groundwater,0.13866633457296942,0.13866633457296942
2025-05-02T00:00:00,Lower_Forest_Groundwater,0.13962253038068084,0.13962253038068084
2025-05-03T00:00:00,Lower_Forest_Groundwater,0.14213014980494237,0.14213014980494237
2025-05-04T00:00:00,Lower_Forest_Groundwater,0.14509729816256609,0.14509729816256609
2025-05-05T00:00:00,Lower_Forest_Groundwater,0.14825075709598395,0.14825075709598395
2025-05-06T00:00:00,Lower_Forest_Groundwater,0.15112624900333105,0.15112624900333105
2025-05-07T00:00:00,Lower_Forest_Groundwater,0.1536446989880531,0.1536446989880531
2025-05-08T00:00:00,Lower_Forest_Groundwater,0.15575167771989984,0.15575167771989984
2025-05-09T00:00:00,Lower_Forest_Groundwater,0.15742970656150918,0.15742970656150918
2025-05-10T00:00:00,Lower_Forest_Groundwater,0.16179027248170216,0.16179027248170216
2025-05-11T00:00:00,Lower_Forest_Groundwater,0.16718930943787955,0.16718930943787955
2025-05-12T00:00:00,Lower_Forest_Groundwater,0.17296221906348777,0.17296221906348777
2025-05-13T00:00:00,Lower_Forest_Groundwater,0.1790506395532198,0.1790506395532198
2025-05-14T00:00:00,Lower_Forest_Groundwater,0.1851878042559285,0.1851878042559285
2025-05-15T00:00:00,Lower_Forest_Groundwater,0.1908365317760918,0.1908365317760918
2025-05-16T00:00:00,Lower_Forest_Groundwater,0.19661601876789236,0.19661601876789236
2025-05-17T00:00:00,Lower_Forest_Groundwater,0.20190735084488268,0.20190735084488268
2025-05-18T00:00:00,Lower_Forest_Groundwater,0.20723010018299562,0.20723010018299562
2025-05-19T00:00:00,Lower_Forest_Groundwater,0.21219915460363695,0.21219915460363695
2025-05-20T00:00:00,Lower_Forest_Groundwater,0.21648550206253817,0.21648550206253817
2025-05-21T00:00:00,Lower_Forest_Groundwater,0.22017522113196364,0.22017522113196364
2025-05-22T00:00:00,Lower_Forest_Groundwater,0.2246314828749533,0.2246314828749533
2025-05-23T00:00:00,Lower_Forest_Groundwater,0.22989018011866805,0.22989018011866805
2025-05-24T00:00:00,Lower_Forest_Groundwater,0.23891748155548456,0.23891748155548456
2025-05-25T00:00:00,Lower_Forest_Groundwater,0.24874688734881759,0.24874688734881759
2025-05-26T00:00:00,Lower_Forest_Groundwater,0.2579106173851095,0.2579106173851095
2025-05-27T00:00:00,Lower_Forest_Groundwater,0.2657919238064594,0.2657919238064594
2025-05-28T00:00:00,Lower_Forest_Groundwater,0.27250524979533924,0.27250524979533924
2025-05-29T00:00:00,Lower_Forest_Groundwater,0.278121374111543,0.278121374111543
2025-05-30T00:00:00,Lower_Forest_Groundwater,0.28346790314534615,0.28346790314534615
2025-05-31T00:00:00,Lower_Forest_Groundwater,0.2881146610779148,0.2881146610779148
2025-06-01T00:00:00,Lower_Forest_Groundwater,0.29195608643049126,0.29195608643049126
2025-06-02T00:00:00,Lower_Forest_Groundwater,0.296343830950233,0.296343830950233
2025-06-03T00:00:00,Lower_Forest_Groundwater,0.30043270052630433,0.30043270052630433
2025-06-04T00:00:00,Lower_Forest_Groundwater,0.3037782081977987,0.3037782081977987
2025-06-05T00:00:00,Lower_Forest_Groundwater,0.3063397382363022,0.3063397382363022
2025-06-06T00:00:00,Lower_Forest_Groundwater,0.3080699198130809,0.3080699198130809
2025-06-07T00:00:00,Lower_Forest_Groundwater,0.3087174445036041,0.3087174445036041
2025-06-08T00:00:00,Lower_Forest_Groundwater,0.30843147187364084,0.30843147187364084
2025-06-09T00:00:00,Lower_Forest_Groundwater,0.30708527266240115,0.30708527266240115
2025-06-10T00:00:00,Lower_Forest_Groundwater,0.3056847894243248,0.3056847894243248
2025-06-11T00:00:00,Lower_Forest_Groundwater,0.304030727910574,0.304030727910574
2025-06-12T00:00:00,Lower_Forest_Groundwater,0.30183058430577536,0.30183058430577536
2025-06-13T00:00:00,Lower_Forest_Groundwater,0.29911876943434595,0.29911876943434595
2025-06-14T00:00:00,Lower_Forest_Groundwater,0.30195721631192857,0.30195721631192857
2025-06-15T00:00:00,Lower_Forest_Groundwater,0.3069514748571699,0.3069514748571699
2025-06-16T00:00:00,Lower_Forest_Groundwater,0.31363840455977154,0.31363840455977154
2025-06-17T00:00:00,Lower_Forest_Groundwater,0.32041463120930375,0.32041463120930375
2025-06-18T00:00:00,Lower_Forest_Groundwater,0.32669447729608625,0.32669447729608625
2025-06-19T00:00:00,Lower_Forest_Groundwater,0.3361408079421054,0.3361408079421054
2025-06-20T00:00:00,Lower_Forest_Groundwater,0.34646755231033244,0.34646755231033244
2025-06-21T00:00:00,Lower_Forest_Groundwater,0.3558211089354593,0.3558211089354593
2025-06-22T00:00:00,Lower_Forest_Groundwater,0.36386893950399823,0.36386893950399823
2025-06-23T00:00:00,Lower_Forest_Groundwater,0.37047120949947043,0.37047120949947043
2025-06-24T00:00:00,Lower_Forest_Groundwater,0.375816846322104,0.375816846322104
2025-06-25T00:00:00,Lower_Forest_Groundwater,0.38044654824083257,0.38044654824083257
2025-06-26T00:00:00,Lower_Forest_Groundwater,0.3840973667610591,0.3840973667610591
2025-06-27T00:00:00,Lower_Forest_Groundwater,0.3865918345750878,0.3865918345750878
2025-06-28T00:00:00,Lower_Forest_Groundwater,0.38797127533290166,0.38797127533290166
2025-06-29T00:00:00,Lower_Forest_Groundwater,0.38825921035289995,0.38825921035289995
2025-06-30T00:00:00,Lower_Forest_Groundwater,0.38755754915931107,0.38755754915931107
2025-07-01T00:00:00,Lower_Forest_Groundwater,0.3862247211222247,0.3862247211222247
2025-07-02T00:00:00,Lower_Forest_Groundwater,0.3844941394454431,0.3844941394454431
2025-07-03T00:00:00,Lower_Forest_Groundwater,0.38227374237718764,0.38227374237718764
2025-07-04T00:00:00,Lower_Forest_Groundwater,0.3796876398404493,0.3796876398404493
2025-07-05T00:00:00,Lower_Forest_Groundwater,0.37671111042894556,0.37671111042894556
2025-07-06T00:00:00,Lower_Forest_Groundwater,0.37323225041034647,0.37323225041034647
2025-07-07T00:00:00,Lower_Forest_Groundwater,0.37054358044775954,0.37054358044775954
2025-07-08T00:00:00,Lower_Forest_Groundwater,0.3709761538264289,0.3709761538264289
2025-07-09T00:00:00,Lower_Forest_Groundwater,0.3764175023661771,0.3764175023661771
2025-07-10T00:00:00,Lower_Forest_Groundwater,0.3834790285737903,0.3834790285737903
2025-07-11T00:00:00,Lower_Forest_Groundwater,0.39044219599052354,0.39044219599052354
2025-07-12T00:00:00,Lower_Forest_Groundwater,0.39633661067987447,0.39633661067987447
2025-07-13T00:00:00,Lower_Forest_Groundwater,0.40151785404304335,0.40151785404304335
2025-07-14T00:00:00,Lower_Forest_Groundwater,0.4054428883001855,0.4054428883001855
2025-07-15T00:00:00,Lower_Forest_Groundwater,0.4081162696536851,0.4081162696536851
2025-07-16T00:00:00,Lower_Forest_Groundwater,0.4095860773784608,0.4095860773784608
2025-07-17T00:00:00,Lower_Forest_Groundwater,0.4099517990890924,0.4099517990890924
2025-07-18T00:00:00,Lower_Forest_Groundwater,0.4094458161690348,0.4094458161690348
2025-07-19T00:00:00,Lower_Forest_Groundwater,0.40809066740786265,0.40809066740786265
2025-07-20T00:00:00,Lower_Forest_Groundwater,0.4058845010267305,0.4058845010267305
2025-07-21T00:00:00,Lower_Forest_Groundwater,0.40267540273652574,0.40267540273652574
2025-07-22T00:00:00,Lower_Forest_Groundwater,0.39847696623134043,0.39847696623134043
2025-07-23T00:00:00,Lower_Forest_Groundwater,0.3934960041534488,0.3934960041534488
2025-07-24T00:00:00,Lower_Forest_Groundwater,0.3885773041015306,0.3885773041015306
2025-07-25T00:00:00,Lower_Forest_Groundwater,0.38372008780026123,0.38372008780026123
2025-07-26T00:00:00,Lower_Forest_Groundwater,0.37892358670275783,0.37892358670275783
2025-07-27T00:00:00,Lower_Forest_Groundwater,0.3741870418689736,0.3741870418689736
2025-07-28T00:00:00,Lower_Forest_Groundwater,0.3695097038456112,0.3695097038456112
2025-07-29T00:00:00,Lower_Forest_Groundwater,0.36489083254754107,0.36489083254754107
2025-07-30T00:00:00,Lower_Forest_Groundwater,0.36032969714069696,0.36032969714069696
2025-07-31T00:00:00,Lower_Forest_Groundwater,0.3558255759264384,0.3558255759264384
2025-08-01T00:00:00,Lower_Forest_Groundwater,0.3513777562273582,0.3513777562273582
2025-08-02T00:00:00,Lower_Forest_Groundwater,0.34701112082990593,0.34701112082990593
2025-08-03T00:00:00,Lower_Forest_Groundwater,0.34276442327256973,0.34276442327256973
2025-08-04T00:00:00,Lower_Forest_Groundwater,0.33847986798166263,0.33847986798166263
2025-08-05T00:00:00,Lower_Forest_Groundwater,0.3342488696318917,0.3342488696318917
2025-08-06T00:00:00,Lower_Forest_Groundwater,0.33007075876149305,0.33007075876149305
2025-08-07T00:00:00,Lower_Forest_Groundwater,0.32768073081075644,0.32768073081075644
2025-08-08T00:00:00,Lower_Forest_Groundwater,0.3281992992295635,0.3281992992295635
2025-08-09T00:00:00,Lower_Forest_Groundwater,0.33037418737450963,0.33037418737450963
2025-08-10T00:00:00,Lower_Forest_Groundwater,0.3334122240849965,0.3334122240849965
2025-08-11T00:00:00,Lower_Forest_Groundwater,0.3371123883592773,0.3371123883592773
2025-08-12T00:00:00,Lower_Forest_Groundwater,0.3403515360865669,0.3403515360865669
2025-08-13T00:00:00,Lower_Forest_Groundwater,0.34257131781607275,0.34257131781607275
2025-08-14T00:00:00,Lower_Forest_Groundwater,0.34374966898439396,0.34374966898439396
2025-08-15T00:00:00,Lower_Forest_Groundwater,0.3438628086507549,0.3438628086507549
2025-08-16T00:00:00,Lower_Forest_Groundwater,0.34251019659429294,0.34251019659429294
2025-08-17T00:00:00,Lower_Forest_Groundwater,0.3397483366713061,0.3397483366713061
2025-08-18T00:00:00,Lower_Forest_Groundwater,0.33572113413788146,0.33572113413788146
2025-08-19T00:00:00,Lower_Forest_Groundwater,0.3378624169156119,0.3378624169156119
2025-08-20T00:00:00,Lower_Forest_Groundwater,0.3417290291866678,0.3417290291866678
2025-08-21T00:00:00,Lower_Forest_Groundwater,0.34521683716783047,0.34521683716783047
2025-08-22T00:00:00,Lower_Forest_Groundwater,0.34728520427050286,0.34728520427050286
2025-08-23T00:00:00,Lower_Forest_Groundwater,0.3475615884306009,0.3475615884306009
2025-08-24T00:00:00,Lower_Forest_Groundwater,0.3459999675688181,0.3459999675688181
2025-08-25T00:00:00,Lower_Forest_Groundwater,0.34281655441918135,0.34281655441918135
2025-08-26T00:00:00,Lower_Forest_Groundwater,0.33853134748894154,0.33853134748894154
2025-08-27T00:00:00,Lower_Forest_Groundwater,0.33429970564532996,0.33429970564532996
2025-08-28T00:00:00,Lower_Forest_Groundwater,0.33012095932476343,0.33012095932476343
2025-08-29T00:00:00,Lower_Forest_Groundwater,0.32599444733320415,0.32599444733320415
2025-08-30T00:00:00,Lower_Forest_Groundwater,0.3219195167415393,0.3219195167415393
2025-08-31T00:00:00,Lower_Forest_Groundwater,0.3178955227822698,0.3178955227822698
2025-09-01T00:00:00,Lower_Forest_Groundwater,0.31392182874749114,0.31392182874749114
2025-09-02T00:00:00,Lower_Forest_Groundwater,0.3099978058881476,0.3099978058881476
2025-09-03T00:00:00,Lower_Forest_Groundwater,0.3061228333145458,0.3061228333145458
2025-09-04T00:00:00,Lower_Forest_Groundwater,0.30229629789811413,0.30229629789811413
2025-09-05T00:00:00,Lower_Forest_Groundwater,0.29851759417438756,0.29851759417438756
2025-09-06T00:00:00,Lower_Forest_Groundwater,0.29478612424720796,0.29478612424720796
2025-09-07T00:00:00,Lower_Forest_Groundwater,0.291101297694118,0.291101297694118
2025-09-08T00:00:00,Lower_Forest_Groundwater,0.28746253147294143,0.28746253147294143
2025-09-09T00:00:00,Lower_Forest_Groundwater,0.2838692498295295,0.2838692498295295
2025-09-10T00:00:00,Lower_Forest_Groundwater,0.2803208842066603,0.2803208842066603
2025-09-11T00:00:00,Lower_Forest_Groundwater,0.2768168731540769,0.2768168731540769
2025-09-12T00:00:00,Lower_Forest_Groundwater,0.27335666223965094,0.27335666223965094
2025-09-13T00:00:00,Lower_Forest_Groundwater,0.26993970396165495,0.26993970396165495
2025-09-14T00:00:00,Lower_Forest_Groundwater,0.2665654576621343,0.2665654576621343
2025-09-15T00:00:00,Lower_Forest_Groundwater,0.2632333894413577,0.2632333894413577
2025-09-16T00:00:00,Lower_Forest_Groundwater,0.25994297207334044,0.25994297207334044
2025-09-17T00:00:00,Lower_Forest_Groundwater,0.25669368492242345,0.25669368492242345
2025-09-18T00:00:00,Lower_Forest_Groundwater,0.2534850138608931,0.2534850138608931
2025-09-19T00:00:00,Lower_Forest_Groundwater,0.25031645118763207,0.25031645118763207
2025-09-20T00:00:00,Lower_Forest_Groundwater,0.24718749554778655,0.24718749554778655
2025-09-21T00:00:00,Lower_Forest_Groundwater,0.24409765185343915,0.24409765185343915
2025-09-22T00:00:00,Lower_Forest_Groundwater,0.24104643120527103,0.24104643120527103
2025-09-23T00:00:00,Lower_Forest_Groundwater,0.23803335081520488,0.23803335081520488
2025-09-24T00:00:00,Lower_Forest_Groundwater,0.2350579339300147,0.2350579339300147
2025-09-25T00:00:00,Lower_Forest_Groundwater,0.23211970975588941,0.23211970975588941
2025-09-26T00:00:00,Lower_Forest_Groundwater,0.2292182133839411,0.2292182133839411
2025-09-27T00:00:00,Lower_Forest_Groundwater,0.2263529857166418,0.2263529857166418
2025-09-28T00:00:00,Lower_Forest_Groundwater,0.22352357339518392,0.22352357339518392
2025-09-29T00:00:00,Lower_Forest_Groundwater,0.22072952872774396,0.22072952872774396
2025-09-30T00:00:00,Lower_Forest_Groundwater,0.21797040961864697,0.21797040961864697
2025-10-01T00:00:00,Lower_Forest_Groundwater,0.21524577949841373,0.21524577949841373
2025-10-02T00:00:00,Lower_Forest_Groundwater,0.21255520725468388,0.21255520725468388
2025-10-03T00:00:00,Lower_Forest_Groundwater,0.20989826716400017,0.20989826716400017
2025-10-04T00:00:00,Lower_Forest_Groundwater,0.2072745388244499,0.2072745388244499
2025-10-05T00:00:00,Lower_Forest_Groundwater,0.20468360708914446,0.20468360708914446
2025-10-06T00:00:00,Lower_Forest_Groundwater,0.20212506200053043,0.20212506200053043
2025-10-07T00:00:00,Lower_Forest_Groundwater,0.19959849872552413,0.19959849872552413
2025-10-08T00:00:00,Lower_Forest_Groundwater,0.19710351749145474,0.19710351749145474
2025-10-09T00:00:00,Lower_Forest_Groundwater,0.1946397235228119,0.1946397235228119
2025-10-10T00:00:00,Lower_Forest_Groundwater,0.19220672697877675,0.19220672697877675
2025-10-11T00:00:00,Lower_Forest_Groundwater,0.189804142891542,0.189804142891542
2025-10-12T00:00:00,Lower_Forest_Groundwater,0.18743159110539764,0.18743159110539764
2025-10-13T00:00:00,Lower_Forest_Groundwater,0.18508869621658022,0.18508869621658022
2025-10-14T00:00:00,Lower_Forest_Groundwater,0.1827750875138733,0.1827750875138733
2025-10-15T00:00:00,Lower_Forest_Groundwater,0.18049039891995022,0.18049039891995022
2025-10-16T00:00:00,Lower_Forest_Groundwater,0.1782342689334506,0.1782342689334506
2025-10-17T00:00:00,Lower_Forest_Groundwater,0.17600634057178227,0.17600634057178227
2025-10-18T00:00:00,Lower_Forest_Groundwater,0.17380626131463472,0.17380626131463472
2025-10-19T00:00:00,Lower_Forest_Groundwater,0.17163368304820212,0.17163368304820212
2025-10-20T00:00:00,Lower_Forest_Groundwater,0.1694882620100998,0.1694882620100998
2025-10-21T00:00:00,Lower_Forest_Groundwater,0.16736965873497384,0.16736965873497384
2025-10-22T00:00:00,Lower_Forest_Groundwater,0.1652775380007867,0.1652775380007867
2025-10-23T00:00:00,Lower_Forest_Groundwater,0.1632115687757768,0.1632115687757768
2025-10-24T00:00:00,Lower_Forest_Groundwater,0.1611714241660799,0.1611714241660799
2025-10-25T00:00:00,Lower_Forest_Groundwater,0.15915678136400402,0.15915678136400402
2025-10-26T00:00:00,Lower_Forest_Groundwater,0.15716732159695398,0.15716732159695398
2025-10-27T00:00:00,Lower_Forest_Groundwater,0.15520273007699217,0.15520273007699217
2025-10-28T00:00:00,Lower_Forest_Groundwater,0.1532626959510296,0.1532626959510296
2025-10-29T00:00:00,Lower_Forest_Groundwater,0.1513469122516419,0.1513469122516419
2025-10-30T00:00:00,Lower_Forest_Groundwater,0.14945507584849624,0.14945507584849624
2025-10-31T00:00:00,Lower_Forest_Groundwater,0.14758688740039005,0.14758688740039005
2025-11-01T00:00:00,Lower_Forest_Groundwater,0.14574205130788515,0.14574205130788515
2025-11-02T00:00:00,Lower_Forest_Groundwater,0.14392027566653667,0.14392027566653667
2025-11-03T00:00:00,Lower_Forest_Groundwater,0.14212127222070522,0.14212127222070522
2025-11-04T00:00:00,Lower_Forest_Groundwater,0.1403447563179462,0.1403447563179462
2025-11-05T00:00:00,Lower_Forest_Groundwater,0.13859044686397157,0.13859044686397157
2025-11-06T00:00:00,Lower_Forest_Groundwater,0.13685806627817174,0.13685806627817174
2025-11-07T00:00:00,Lower_Forest_Groundwater,0.13514734044969431,0.13514734044969431
2025-11-08T00:00:00,Lower_Forest_Groundwater,0.13345799869407315,0.13345799869407315
2025-11-09T00:00:00,Lower_Forest_Groundwater,0.13178977371039693,0.13178977371039693
2025-11-10T00:00:00,Lower_Forest_Groundwater,0.13014240153901682,0.13014240153901682
2025-11-11T00:00:00,Lower_Forest_Groundwater,0.12851562151977944,0.12851562151977944
2025-11-12T00:00:00,Lower_Forest_Groundwater,0.126909176250782,0.126909176250782
2025-11-13T00:00:00,Lower_Forest_Groundwater,0.12532281154764746,0.12532281154764746
2025-11-14T00:00:00,Lower_Forest_Groundwater,0.12375627640330152,0.12375627640330152
2025-11-15T00:00:00,Lower_Forest_Groundwater,0.12220932294826028,0.12220932294826028
2025-11-16T00:00:00,Lower_Forest_Groundwater,0.12068170641140696,0.12068170641140696
2025-11-17T00:00:00,Lower_Forest_Groundwater,0.11917318508126443,0.11917318508126443
2025-11-18T00:00:00,Lower_Forest_Groundwater,0.11768352026774878,0.11768352026774878
2025-11-19T00:00:00,Lower_Forest_Groundwater,0.11703104206568682,0.11703104206568682
2025-11-20T00:00:00,Lower_Forest_Groundwater,0.11813615612329187,0.11813615612329187
2025-11-21T00:00:00,Lower_Forest_Groundwater,0.11930796247796849,0.11930796247796849
2025-11-22T00:00:00,Lower_Forest_Groundwater,0.11974900363815735,0.11974900363815735
2025-11-23T00:00:00,Lower_Forest_Groundwater,0.12117882807251093,0.12117882807251093
2025-11-24T00:00:00,Lower_Forest_Groundwater,0.12283446993234436,0.12283446993234436
2025-11-25T00:00:00,Lower_Forest_Groundwater,0.12489618832480148,0.12489618832480148
2025-11-26T00:00:00,Lower_Forest_Groundwater,0.12767097113666495,0.12767097113666495
2025-11-27T00:00:00,Lower_Forest_Groundwater,0.1298085460597747,0.1298085460597747
2025-11-28T00:00:00,Lower_Forest_Groundwater,0.1309664127966066,0.1309664127966066
2025-11-29T00:00:00,Lower_Forest_Groundwater,0.1309900576962164,0.1309900576962164
2025-11-30T00:00:00,Lower_Forest_Groundwater,0.13003714395524782,0.13003714395524782
2025-12-01T00:00:00,Lower_Forest_Groundwater,0.12841167965580738,0.12841167965580738
2025-12-02T00:00:00,Lower_Forest_Groundwater,0.12680653366010972,0.12680653366010972
2025-12-03T00:00:00,Lower_Forest_Groundwater,0.12522145198935847,0.12522145198935847
2025-12-04T00:00:00,Lower_Forest_Groundwater,0.12365618383949127,0.12365618383949127
2025-12-05T00:00:00,Lower_Forest_Groundwater,0.1221104815414975,0.1221104815414975
2025-12-06T00:00:00,Lower_Forest_Groundwater,0.12058410052222897,0.12058410052222897
2025-12-07T00:00:00,Lower_Forest_Groundwater,0.11907679926570083,0.11907679926570083
2025-12-08T00:00:00,Lower_Forest_Groundwater,0.11758833927487942,0.11758833927487942
2025-12-09T00:00:00,Lower_Forest_Groundwater,0.11611848503394313,0.11611848503394313
2025-12-10T00:00:00,Lower_Forest_Groundwater,0.11466700397101875,0.11466700397101875
2025-12-11T00:00:00,Lower_Forest_Groundwater,0.11323366642138098,0.11323366642138098
2025-12-12T00:00:00,Lower_Forest_Groundwater,0.11181824559111392,0.11181824559111392
2025-12-13T00:00:00,Lower_Forest_Groundwater,0.11042051752122505,0.11042051752122505
2025-12-14T00:00:00,Lower_Forest_Groundwater,0.10904026105220979,0.10904026105220979
2025-12-15T00:00:00,Lower_Forest_Groundwater,0.10767725778905729,0.10767725778905729
2025-12-16T00:00:00,Lower_Forest_Groundwater,0.10633129206669381,0.10633129206669381
2025-12-17T00:00:00,Lower_Forest_Groundwater,0.10500215091586043,0.10500215091586043
2025-12-18T00:00:00,Lower_Forest_Groundwater,0.10368962402941194,0.10368962402941194
2025-12-19T00:00:00,Lower_Forest_Groundwater,0.10239350372904427,0.10239350372904427
2025-12-20T00:00:00,Lower_Forest_Groundwater,0.10111358493243117,0.10111358493243117
2025-12-21T00:00:00,Lower_Forest_Groundwater,0.09984966512077592,0.09984966512077592
2025-12-22T00:00:00,Lower_Forest_Groundwater,0.09860154430676644,0.09860154430676644
2025-12-23T00:00:00,Lower_Forest_Groundwater,0.09736902500293212,0.09736902500293212
2025-12-24T00:00:00,Lower_Forest_Groundwater,0.09615191219039546,0.09615191219039546
2025-12-25T00:00:00,Lower_Forest_Groundwater,0.09495001328801536,0.09495001328801536
2025-12-26T00:00:00,Lower_Forest_Groundwater,0.09376313812191484,0.09376313812191484
2025-12-27T00:00:00,Lower_Forest_Groundwater,0.09274329772027201,0.09274329772027201
2025-12-28T00:00:00,Lower_Forest_Groundwater,0.0915840064987684,0.0915840064987684
2025-12-29T00:00:00,Lower_Forest_Groundwater,0.09043920641753403,0.09043920641753403
2025-12-30T00:00:00,Lower_Forest_Groundwater,0.08930871633731458,0.08930871633731458
2025-12-31T00:00:00,Lower_Forest_Groundwater,0.08819235738309815,0.08819235738309815
2026-01-01T00:00:00,Lower_Forest_Groundwater,0.08708995291580948,0.08708995291580948
2026-01-02T00:00:00,Lower_Forest_Groundwater,0.08600132850436211,0.08600132850436211
2026-01-03T00:00:00,Lower_Forest_Groundwater,0.08492631189805736,0.08492631189805736
2026-01-04T00:00:00,Lower_Forest_Groundwater,0.08386473299933145,0.08386473299933145
2026-01-05T00:00:00,Lower_Forest_Groundwater,0.08281642383683946,0.08281642383683946
2026-01-06T00:00:00,Lower_Forest_Groundwater,0.08178121853887887,0.08178121853887887
2026-01-07T00:00:00,Lower_Forest_Groundwater,0.0822294916919212,0.0822294916919212
2026-01-08T00:00:00,Lower_Forest_Groundwater,0.08788863567693356,0.08788863567693356
2026-01-09T00:00:00,Lower_Forest_Groundwater,0.09590826564144735,0.09590826564144735
2026-01-10T00:00:00,Lower_Forest_Groundwater,0.10393658971157223,0.10393658971157223
2026-01-11T00:00:00,Lower_Forest_Groundwater,0.11116494362736447,0.11116494362736447
2026-01-12T00:00:00,Lower_Forest_Groundwater,0.12077739562079373,0.12077739562079373
2026-01-13T00:00:00,Lower_Forest_Groundwater,0.1304966749005807,0.1304966749005807
2026-01-14T00:00:00,Lower_Forest_Groundwater,0.13929495567444122,0.13929495567444122
2026-01-15T00:00:00,Lower_Forest_Groundwater,0.14689788509640495,0.14689788509640495
2026-01-16T00:00:00,Lower_Forest_Groundwater,0.15328383430319903,0.15328383430319903
2026-01-17T00:00:00,Lower_Forest_Groundwater,0.15849253588755519,0.15849253588755519
2026-01-18T00:00:00,Lower_Forest_Groundwater,0.1671305504481403,0.1671305504481403
2026-01-19T00:00:00,Lower_Forest_Groundwater,0.1765865160494748,0.1765865160494748
2026-01-20T00:00:00,Lower_Forest_Groundwater,0.18625668869443573,0.18625668869443573
2026-01-21T00:00:00,Lower_Forest_Groundwater,0.19520293195269575,0.19520293195269575
2026-01-22T00:00:00,Lower_Forest_Groundwater,0.2031115310739928,0.2031115310739928
2026-01-23T00:00:00,Lower_Forest_Groundwater,0.21011426711193268,0.21011426711193268
2026-01-24T00:00:00,Lower_Forest_Groundwater,0.21634882179812678,0.21634882179812678
2026-01-25T00:00:00,Lower_Forest_Groundwater,0.22224155855641642,0.22224155855641642
2026-01-26T00:00:00,Lower_Forest_Groundwater,0.22703575255624245,0.22703575255624245
2026-01-27T00:00:00,Lower_Forest_Groundwater,0.23034053085993805,0.23034053085993805
2026-01-28T00:00:00,Lower_Forest_Groundwater,0.23205257345229457,0.23205257345229457
2026-01-29T00:00:00,Lower_Forest_Groundwater,0.23274368885869806,0.23274368885869806
2026-01-30T00:00:00,Lower_Forest_Groundwater,0.2328912896996961,0.2328912896996961
2026-01-31T00:00:00,Lower_Forest_Groundwater,0.23270020665232424,0.23270020665232424
2026-02-01T00:00:00,Lower_Forest_Groundwater,0.23507139393181406,0.23507139393181406
2026-02-02T00:00:00,Lower_Forest_Groundwater,0.2376356111821245,0.2376356111821245
2026-02-03T00:00:00,Lower_Forest_Groundwater,0.24006698977340052,0.24006698977340052
2026-02-04T00:00:00,Lower_Forest_Groundwater,0.24175185127119933,0.24175185127119933
2026-02-05T00:00:00,Lower_Forest_Groundwater,0.2429233708692891,0.2429233708692891
2026-02-06T00:00:00,Lower_Forest_Groundwater,0.24568820157651033,0.24568820157651033
2026-02-07T00:00:00,Lower_Forest_Groundwater,0.24874992305458435,0.24874992305458435
2026-02-08T00:00:00,Lower_Forest_Groundwater,0.2513815248339064,0.2513815248339064
2026-02-09T00:00:00,Lower_Forest_Groundwater,0.2535675464314863,0.2535675464314863
2026-02-10T00:00:00,Lower_Forest_Groundwater,0.25661470084192145,0.25661470084192145
2026-02-11T00:00:00,Lower_Forest_Groundwater,0.25938765452245605,0.25938765452245605
2026-02-12T00:00:00,Lower_Forest_Groundwater,0.26153922432503407,0.26153922432503407
2026-02-13T00:00:00,Lower_Forest_Groundwater,0.26285423885024745,0.26285423885024745
2026-02-14T00:00:00,Lower_Forest_Groundwater,0.2632946556577572,0.2632946556577572
2026-02-15T00:00:00,Lower_Forest_Groundwater,0.2629000504992533,0.2629000504992533
2026-02-16T00:00:00,Lower_Forest_Groundwater,0.2617616864632069,0.2617616864632069
2026-02-17T00:00:00,Lower_Forest_Groundwater,0.26005338649894016,0.26005338649894016
2026-02-18T00:00:00,Lower_Forest_Groundwater,0.25782503976299864,0.25782503976299864
2026-02-19T00:00:00,Lower_Forest_Groundwater,0.2552390810969385,0.2552390810969385
2026-02-20T00:00:00,Lower_Forest_Groundwater,0.2526260878162127,0.2526260878162127
2026-02-21T00:00:00,Lower_Forest_Groundwater,0.25016861809575064,0.25016861809575064
2026-02-22T00:00:00,Lower_Forest_Groundwater,0.24770543644284687,0.24770543644284687
2026-02-23T00:00:00,Lower_Forest_Groundwater,0.24495507462016308,0.24495507462016308
2026-02-24T00:00:00,Lower_Forest_Groundwater,0.24334518522792195,0.24334518522792195
2026-02-25T00:00:00,Lower_Forest_Groundwater,0.24218055880950545,0.24218055880950545
2026-02-26T00:00:00,Lower_Forest_Groundwater,0.24125646351186206,0.24125646351186206
2026-02-27T00:00:00,Lower_Forest_Groundwater,0.2402119293018089,0.2402119293018089
2026-02-28T00:00:00,Lower_Forest_Groundwater,0.23892043764355578,0.23892043764355578
2026-03-01T00:00:00,Lower_Forest_Groundwater,0.23743496540150844,0.23743496540150844
2026-03-02T00:00:00,Lower_Forest_Groundwater,0.23577577399777638,0.23577577399777638
2026-03-03T00:00:00,Lower_Forest_Groundwater,0.23396645579928263,0.23396645579928263
2026-03-04T00:00:00,Lower_Forest_Groundwater,0.23192879012015696,0.23192879012015696
2026-03-05T00:00:00,Lower_Forest_Groundwater,0.2297630957299518,0.2297630957299518
2026-03-06T00:00:00,Lower_Forest_Groundwater,0.2273486269558781,0.2273486269558781
2026-03-07T00:00:00,Lower_Forest_Groundwater,0.22543807691666728,0.22543807691666728
2026-03-08T00:00:00,Lower_Forest_Groundwater,0.22397736884439398,0.22397736884439398
2026-03-09T00:00:00,Lower_Forest_Groundwater,0.22340879264471597,0.22340879264471597
2026-03-10T00:00:00,Lower_Forest_Groundwater,0.22298158946175164,0.22298158946175164
2026-03-11T00:00:00,Lower_Forest_Groundwater,0.22246785559871685,0.22246785559871685
2026-03-12T00:00:00,Lower_Forest_Groundwater,0.2222917075972724,0.2222917075972724
2026-03-13T00:00:00,Lower_Forest_Groundwater,0.2219853503209059,0.2219853503209059
2026-03-14T00:00:00,Lower_Forest_Groundwater,0.22344653961334018,0.22344653961334018
2026-03-15T00:00:00,Lower_Forest_Groundwater,0.22544109642732765,0.22544109642732765
2026-03-16T00:00:00,Lower_Forest_Groundwater,0.22737421392765145,0.22737421392765145
2026-03-17T00:00:00,Lower_Forest_Groundwater,0.22957812915236817,0.22957812915236817
2026-03-18T00:00:00,Lower_Forest_Groundwater,0.23165004355375132,0.23165004355375132
2026-03-19T00:00:00,Lower_Forest_Groundwater,0.23461094362696644,0.23461094362696644
2026-03-20T00:00:00,Lower_Forest_Groundwater,0.2395809726767169,0.2395809726767169
2026-03-21T00:00:00,Lower_Forest_Groundwater,0.2447234461734439,0.2447234461734439
2026-03-22T00:00:00,Lower_Forest_Groundwater,0.24959483338324662,0.24959483338324662
2026-03-23T00:00:00,Lower_Forest_Groundwater,0.25455765526038193,0.25455765526038193
2026-03-24T00:00:00,Lower_Forest_Groundwater,0.25906993115268623,0.25906993115268623
2026-03-25T00:00:00,Lower_Forest_Groundwater,0.26299272144706837,0.26299272144706837
2026-03-26T00:00:00,Lower_Forest_Groundwater,0.2662685316739108,0.2662685316739108
2026-03-27T00:00:00,Lower_Forest_Groundwater,0.2689061579756839,0.2689061579756839
2026-03-28T00:00:00,Lower_Forest_Groundwater,0.2709437584675456,0.2709437584675456
2026-03-29T00:00:00,Lower_Forest_Groundwater,0.2724307676134181,0.2724307676134181
2026-03-30T00:00:00,Lower_Forest_Groundwater,0.2734191942357029,0.2734191942357029
2026-03-31T00:00:00,Lower_Forest_Groundwater,0.27481243975516706,0.27481243975516706
2026-04-01T00:00:00,Lower_Forest_Groundwater,0.2761354488367488,0.2761354488367488
2026-04-02T00:00:00,Lower_Forest_Groundwater,0.2769836826848852,0.2769836826848852
2026-04-03T00:00:00,Lower_Forest_Groundwater,0.277524141583023,0.277524141583023
2026-04-04T00:00:00,Lower_Forest_Groundwater,0.27779054302374606,0.27779054302374606
2026-04-05T00:00:00,Lower_Forest_Groundwater,0.2777692360113996,0.2777692360113996
2026-04-06T00:00:00,Lower_Forest_Groundwater,0.27754217130215725,0.27754217130215725
2026-04-07T00:00:00,Lower_Forest_Groundwater,0.27706676154918813,0.27706676154918813
2026-04-08T00:00:00,Lower_Forest_Groundwater,0.2765833201025494,0.2765833201025494
2026-04-09T00:00:00,Lower_Forest_Groundwater,0.27645343764084557,0.27645343764084557
2026-04-10T00:00:00,Lower_Forest_Groundwater,0.27689059700551727,0.27689059700551727
2026-04-11T00:00:00,Lower_Forest_Groundwater,0.27751060874439376,0.27751060874439376
2026-04-12T00:00:00,Lower_Forest_Groundwater,0.28137946977877987,0.28137946977877987
2026-04-13T00:00:00,Lower_Forest_Groundwater,0.286973735429563,0.286973735429563
2026-04-14T00:00:00,Lower_Forest_Groundwater,0.2949017761042569,0.2949017761042569
2026-04-15T00:00:00,Lower_Forest_Groundwater,0.30297958215718457,0.30297958215718457
2026-04-16T00:00:00,Lower_Forest_Groundwater,0.3104121613707392,0.3104121613707392
2026-04-17T00:00:00,Lower_Forest_Groundwater,0.3195377871009285,0.3195377871009285
2026-04-18T00:00:00,Lower_Forest_Groundwater,0.328407892812686,0.328407892812686
2026-04-19T00:00:00,Lower_Forest_Groundwater,0.3364224534369591,0.3364224534369591
2026-04-20T00:00:00,Lower_Forest_Groundwater,0.3436845834569674,0.3436845834569674
2026-04-21T00:00:00,Lower_Forest_Groundwater,0.3504147178864194,0.3504147178864194
2026-04-22T00:00:00,Lower_Forest_Groundwater,0.3563033075149825,0.3563033075149825
2026-04-23T00:00:00,Lower_Forest_Groundwater,0.36255994262634705,0.36255994262634705
2026-04-24T00:00:00,Lower_Forest_Groundwater,0.3697988338224761,0.3697988338224761
2026-04-25T00:00:00,Lower_Forest_Groundwater,0.3768359031653503,0.3768359031653503
2026-04-26T00:00:00,Lower_Forest_Groundwater,0.3836138975196697,0.3836138975196697
2026-04-27T00:00:00,Lower_Forest_Groundwater,0.3896557445575695,0.3896557445575695
2026-04-28T00:00:00,Lower_Forest_Groundwater,0.3965638742705053,0.3965638742705053
2026-04-29T00:00:00,Lower_Forest_Groundwater,0.40321296362938885,0.40321296362938885
2026-04-30T00:00:00,Lower_Forest_Groundwater,0.41038964411473416,0.41038964411473416
2026-05-01T00:00:00,Lower_Forest_Groundwater,0.41739237453952927,0.41739237453952927
2026-05-02T00:00:00,Lower_Forest_Groundwater,0.425052713648185,0.425052713648185
2026-05-03T00:00:00,Lower_Forest_Groundwater,0.4363016065323393,0.4363016065323393
2026-05-04T00:00:00,Lower_Forest_Groundwater,0.45032726864666517,0.45032726864666517
2026-05-05T00:00:00,Lower_Forest_Groundwater,0.46611557673831217,0.46611557673831217
2026-05-06T00:00:00,Lower_Forest_Groundwater,0.48232507263301516,0.48232507263301516
2026-05-07T00:00:00,Lower_Forest_Groundwater,0.4975084965432288,0.4975084965432288
2026-05-08T00:00:00,Lower_Forest_Groundwater,0.5110709493100458,0.5110709493100458
2026-05-09T00:00:00,Lower_Forest_Groundwater,0.5228307757135632,0.5228307757135632
2026-05-10T00:00:00,Lower_Forest_Groundwater,0.5327937405568711,0.5327937405568711
2026-05-11T00:00:00,Lower_Forest_Groundwater,0.5420280624965763,0.5420280624965763
2026-05-12T00:00:00,Lower_Forest_Groundwater,0.5497855555978248,0.5497855555978248
2026-05-13T00:00:00,Lower_Forest_Groundwater,0.5561483879247895,0.5561483879247895
2026-05-14T00:00:00,Lower_Forest_Groundwater,0.5610801258093375,0.5610801258093375
2026-05-15T00:00:00,Lower_Forest_Groundwater,0.5646533357664005,0.5646533357664005
2026-05-16T00:00:00,Lower_Forest_Groundwater,0.5671029684807479,0.5671029684807479
2026-05-17T00:00:00,Lower_Forest_Groundwater,0.568451460362381,0.568451460362381
2026-05-18T00:00:00,Lower_Forest_Groundwater,0.568947537955409,0.568947537955409
2026-05-19T00:00:00,Lower_Forest_Groundwater,0.5686813273731076,0.5686813273731076
2026-05-20T00:00:00,Lower_Forest_Groundwater,0.567667883498541,0.567667883498541
2026-05-21T00:00:00,Lower_Forest_Groundwater,0.5657033016204814,0.5657033016204814
2026-05-22T00:00:00,Lower_Forest_Groundwater,0.5627895009592472,0.5627895009592472
2026-05-23T00:00:00,Lower_Forest_Groundwater,0.5591639890503352,0.5591639890503352
2026-05-24T00:00:00,Lower_Forest_Groundwater,0.5571354883199561,0.5571354883199561
2026-05-25T00:00:00,Lower_Forest_Groundwater,0.5555409729179218,0.5555409729179218
2026-05-26T00:00:00,Lower_Forest_Groundwater,0.5544571750044611,0.5544571750044611
2026-05-27T00:00:00,Lower_Forest_Groundwater,0.5531937950732392,0.5531937950732392
2026-05-28T00:00:00,Lower_Forest_Groundwater,0.5513453523820857,0.5513453523820857
2026-05-29T00:00:00,Lower_Forest_Groundwater,0.5490530064831262,0.5490530064831262
2026-05-30T00:00:00,Lower_Forest_Groundwater,0.5462206674239625,0.5462206674239625
2026-05-31T00:00:00,Lower_Forest_Groundwater,0.5428907000591707,0.5428907000591707
2026-06-01T00:00:00,Lower_Forest_Groundwater,0.5398076018427986,0.5398076018427986
2026-06-02T00:00:00,Lower_Forest_Groundwater,0.5364623506277738,0.5364623506277738
2026-06-03T00:00:00,Lower_Forest_Groundwater,0.5337887609606753,0.5337887609606753
2026-06-04T00:00:00,Lower_Forest_Groundwater,0.5312379723371116,0.5312379723371116
2026-06-05T00:00:00,Lower_Forest_Groundwater,0.5302392884296324,0.5302392884296324
2026-06-06T00:00:00,Lower_Forest_Groundwater,0.529813896844891,0.529813896844891
2026-06-07T00:00:00,Lower_Forest_Groundwater,0.5290865766271801,0.5290865766271801
2026-06-08T00:00:00,Lower_Forest_Groundwater,0.5272851595250465,0.5272851595250465
2026-06-09T00:00:00,Lower_Forest_Groundwater,0.5247819971071905,0.5247819971071905
2026-06-10T00:00:00,Lower_Forest_Groundwater,0.5214282707524724,0.5214282707524724
2026-06-11T00:00:00,Lower_Forest_Groundwater,0.5174383694865433,0.5174383694865433
2026-06-12T00:00:00,Lower_Forest_Groundwater,0.5132142209597248,0.5132142209597248
2026-06-13T00:00:00,Lower_Forest_Groundwater,0.508776368272882,0.508776368272882
2026-06-14T00:00:00,Lower_Forest_Groundwater,0.5040428947833931,0.5040428947833931
2026-06-15T00:00:00,Lower_Forest_Groundwater,0.49891382587427274,0.49891382587427274
2026-06-16T00:00:00,Lower_Forest_Groundwater,0.49340799323551965,0.49340799323551965
2026-06-17T00:00:00,Lower_Forest_Groundwater,0.48758107930456873,0.48758107930456873
2026-06-18T00:00:00,Lower_Forest_Groundwater,0.48148631581326173,0.48148631581326173
2026-06-19T00:00:00,Lower_Forest_Groundwater,0.4754677368655962,0.4754677368655962
2026-06-20T00:00:00,Lower_Forest_Groundwater,0.4707385120616401,0.4707385120616401
2026-06-21T00:00:00,Lower_Forest_Groundwater,0.4671019505219398,0.4671019505219398
2026-06-22T00:00:00,Lower_Forest_Groundwater,0.4638635590878245,0.4638635590878245
2026-06-23T00:00:00,Lower_Forest_Groundwater,0.46107469210061824,0.46107469210061824
2026-06-24T00:00:00,Lower_Forest_Groundwater,0.4580481046249745,0.4580481046249745
2026-06-25T00:00:00,Lower_Forest_Groundwater,0.454981285587396,0.454981285587396
2026-06-26T00:00:00,Lower_Forest_Groundwater,0.45361372235435415,0.45361372235435415
2026-06-27T00:00:00,Lower_Forest_Groundwater,0.45334362933734057,0.45334362933734057
2026-06-28T00:00:00,Lower_Forest_Groundwater,0.45319479761144593,0.45319479761144593
2026-06-29T00:00:00,Lower_Forest_Groundwater,0.4557676670328661,0.4557676670328661
2026-06-30T00:00:00,Lower_Forest_Groundwater,0.4612412496422742,0.4612412496422742
2026-07-01T00:00:00,Lower_Forest_Groundwater,0.46728671187178894,0.46728671187178894
2026-07-02T00:00:00,Lower_Forest_Groundwater,0.47292017166215816,0.47292017166215816
2026-07-03T00:00:00,Lower_Forest_Groundwater,0.4776635906481353,0.4776635906481353
2026-07-04T00:00:00,Lower_Forest_Groundwater,0.48124958068954415,0.48124958068954415
2026-07-05T00:00:00,Lower_Forest_Groundwater,0.4837355853159501,0.4837355853159501
2026-07-06T00:00:00,Lower_Forest_Groundwater,0.48523769142250617,0.48523769142250617
2026-07-07T00:00:00,Lower_Forest_Groundwater,0.4857182505986714,0.4857182505986714
2026-07-08T00:00:00,Lower_Forest_Groundwater,0.48492663449736073,0.48492663449736073
2026-07-09T00:00:00,Lower_Forest_Groundwater,0.4830578847662594,0.4830578847662594
2026-07-10T00:00:00,Lower_Forest_Groundwater,0.4801319097728154,0.4801319097728154
2026-07-11T00:00:00,Lower_Forest_Groundwater,0.4762679939531914,0.4762679939531914
2026-07-12T00:00:00,Lower_Forest_Groundwater,0.4720309896975671,0.4720309896975671
2026-07-13T00:00:00,Lower_Forest_Groundwater,0.46753827388901287,0.46753827388901287
2026-07-14T00:00:00,Lower_Forest_Groundwater,0.46265051010217495,0.46265051010217495
2026-07-15T00:00:00,Lower_Forest_Groundwater,0.45751249701418434,0.45751249701418434
2026-07-16T00:00:00,Lower_Forest_Groundwater,0.45192992731855886,0.45192992731855886
2026-07-17T00:00:00,Lower_Forest_Groundwater,0.44671216580872086,0.44671216580872086
2026-07-18T00:00:00,Lower_Forest_Groundwater,0.44161789991773975,0.44161789991773975
2026-07-19T00:00:00,Lower_Forest_Groundwater,0.4362790936613074,0.4362790936613074
2026-07-20T00:00:00,Lower_Forest_Groundwater,0.430825604990541,0.430825604990541
2026-07-21T00:00:00,Lower_Forest_Groundwater,0.425440284928159,0.425440284928159
2026-07-22T00:00:00,Lower_Forest_Groundwater,0.42012228136655666,0.42012228136655666
2026-07-23T00:00:00,Lower_Forest_Groundwater,0.41487075284947467,0.41487075284947467
2026-07-24T00:00:00,Lower_Forest_Groundwater,0.40968486843885615,0.40968486843885615
2026-07-25T00:00:00,Lower_Forest_Groundwater,0.4045638075833708,0.4045638075833708
2026-07-26T00:00:00,Lower_Forest_Groundwater,0.39950675998857865,0.39950675998857865
2026-07-27T00:00:00,Lower_Forest_Groundwater,0.39451292548872136,0.39451292548872136
2026-07-28T00:00:00,Lower_Forest_Groundwater,0.38958151392011264,0.38958151392011264
2026-07-29T00:00:00,Lower_Forest_Groundwater,0.3847117449961111,0.3847117449961111
2026-07-30T00:00:00,Lower_Forest_Groundwater,0.3799028481836594,0.3799028481836594
2026-07-31T00:00:00,Lower_Forest_Groundwater,0.37515406258136397,0.37515406258136397
2026-08-01T00:00:00,Lower_Forest_Groundwater,0.3704646367990968,0.3704646367990968
2026-08-02T00:00:00,Lower_Forest_Groundwater,0.36583382883910787,0.36583382883910787
2026-08-03T00:00:00,Lower_Forest_Groundwater,0.36126090597861876,0.36126090597861876
2026-08-04T00:00:00,Lower_Forest_Groundwater,0.3567451446538861,0.3567451446538861
2026-08-05T00:00:00,Lower_Forest_Groundwater,0.35228583034571276,0.35228583034571276
2026-08-06T00:00:00,Lower_Forest_Groundwater,0.34788225746639156,0.34788225746639156
2026-08-07T00:00:00,Lower_Forest_Groundwater,0.3435337292480618,0.3435337292480618
2026-08-08T00:00:00,Lower_Forest_Groundwater,0.339239557632461,0.339239557632461
2026-08-09T00:00:00,Lower_Forest_Groundwater,0.33499906316205497,0.33499906316205497
2026-08-10T00:00:00,Lower_Forest_Groundwater,0.330866977019452,0.330866977019452
2026-08-11T00:00:00,Lower_Forest_Groundwater,0.32673113980670865,0.32673113980670865
2026-08-12T00:00:00,Lower_Forest_Groundwater,0.32497442504854845,0.32497442504854845
2026-08-13T00:00:00,Lower_Forest_Groundwater,0.32759680337068176,0.32759680337068176
2026-08-14T00:00:00,Lower_Forest_Groundwater,0.33144244439764353,0.33144244439764353
2026-08-15T00:00:00,Lower_Forest_Groundwater,0.33523432395354863,0.33523432395354863
2026-08-16T00:00:00,Lower_Forest_Groundwater,0.34061113045326225,0.34061113045326225
2026-08-17T00:00:00,Lower_Forest_Groundwater,0.3515209259164884,0.3515209259164884
2026-08-18T00:00:00,Lower_Forest_Groundwater,0.36367428677687175,0.36367428677687175
2026-08-19T00:00:00,Lower_Forest_Groundwater,0.3764356359079841,0.3764356359079841
2026-08-20T00:00:00,Lower_Forest_Groundwater,0.3879357216658342,0.3879357216658342
2026-08-21T00:00:00,Lower_Forest_Groundwater,0.3975626338622711,0.3975626338622711
2026-08-22T00:00:00,Lower_Forest_Groundwater,0.4051135641001409,0.4051135641001409
2026-08-23T00:00:00,Lower_Forest_Groundwater,0.41057264405173016,0.41057264405173016
2026-08-24T00:00:00,Lower_Forest_Groundwater,0.41408109688254413,0.41408109688254413
2026-08-25T00:00:00,Lower_Forest_Groundwater,0.4158356686292784,0.4158356686292784
2026-08-26T00:00:00,Lower_Forest_Groundwater,0.41596842751562807,0.41596842751562807
2026-08-27T00:00:00,Lower_Forest_Groundwater,0.41533614410758946,0.41533614410758946
2026-08-28T00:00:00,Lower_Forest_Groundwater,0.4137316358816172,0.4137316358816172
2026-08-29T00:00:00,Lower_Forest_Groundwater,0.41106182656746104,0.41106182656746104
2026-08-30T00:00:00,Lower_Forest_Groundwater,0.4142204834645597,0.4142204834645597
2026-08-31T00:00:00,Lower_Forest_Groundwater,0.42083841559415736,0.42083841559415736
2026-09-01T00:00:00,Lower_Forest_Groundwater,0.4291983460881603,0.4291983460881603
2026-09-02T00:00:00,Lower_Forest_Groundwater,0.438229788298753,0.438229788298753
2026-09-03T00:00:00,Lower_Forest_Groundwater,0.44621072128637285,0.44621072128637285
2026-09-04T00:00:00,Lower_Forest_Groundwater,0.4524073450566768,0.4524073450566768
2026-09-05T00:00:00,Lower_Forest_Groundwater,0.45660897174079623,0.45660897174079623
2026-09-06T00:00:00,Lower_Forest_Groundwater,0.4588769294864221,0.4588769294864221
2026-09-07T00:00:00,Lower_Forest_Groundwater,0.46011172520588417,0.46011172520588417
2026-09-08T00:00:00,Lower_Forest_Groundwater,0.46012592246249684,0.46012592246249684
2026-09-09T00:00:00,Lower_Forest_Groundwater,0.4587952589799571,0.4587952589799571
2026-09-10T00:00:00,Lower_Forest_Groundwater,0.45595577579048696,0.45595577579048696
2026-09-11T00:00:00,Lower_Forest_Groundwater,0.45164771941328824,0.45164771941328824
2026-09-12T00:00:00,Lower_Forest_Groundwater,0.44600212292062197,0.44600212292062197
2026-09-13T00:00:00,Lower_Forest_Groundwater,0.44042709638411426,0.44042709638411426
2026-09-14T00:00:00,Lower_Forest_Groundwater,0.434921757679313,0.434921757679313
2026-09-15T00:00:00,Lower_Forest_Groundwater,0.42948523570832153,0.42948523570832153
2026-09-16T00:00:00,Lower_Forest_Groundwater,0.42411667026196725,0.42411667026196725
2026-09-17T00:00:00,Lower_Forest_Groundwater,0.41881521188369253,0.41881521188369253
2026-09-18T00:00:00,Lower_Forest_Groundwater,0.41358002173514663,0.41358002173514663
2026-09-19T00:00:00,Lower_Forest_Groundwater,0.40841027146345754,0.40841027146345754
2026-09-20T00:00:00,Lower_Forest_Groundwater,0.403305143070164,0.403305143070164
2026-09-21T00:00:00,Lower_Forest_Groundwater,0.39826382878178707,0.39826382878178707
2026-09-22T00:00:00,Lower_Forest_Groundwater,0.39328553092201446,0.39328553092201446
2026-09-23T00:00:00,Lower_Forest_Groundwater,0.3883694617854893,0.3883694617854893
2026-09-24T00:00:00,Lower_Forest_Groundwater,0.3835148435131707,0.3835148435131707
2026-09-25T00:00:00,Lower_Forest_Groundwater,0.37872090796925595,0.37872090796925595
2026-09-26T00:00:00,Lower_Forest_Groundwater,0.37398689661964046,0.37398689661964046
2026-09-27T00:00:00,Lower_Forest_Groundwater,0.3693120604118953,0.3693120604118953
2026-09-28T00:00:00,Lower_Forest_Groundwater,0.36469565965674633,0.36469565965674633
2026-09-29T00:00:00,Lower_Forest_Groundwater,0.3601369639110374,0.3601369639110374
2026-09-30T00:00:00,Lower_Forest_Groundwater,0.3556352518621495,0.3556352518621495
2026-10-01T00:00:00,Lower_Forest_Groundwater,0.3511898112138724,0.3511898112138724
2026-10-02T00:00:00,Lower_Forest_Groundwater,0.34679993857369884,0.34679993857369884
2026-10-03T00:00:00,Lower_Forest_Groundwater,0.3424649393415273,0.3424649393415273
2026-10-04T00:00:00,Lower_Forest_Groundwater,0.338184127599758,0.338184127599758
2026-10-05T00:00:00,Lower_Forest_Groundwater,0.3339568260047614,0.3339568260047614
2026-10-06T00:00:00,Lower_Forest_Groundwater,0.32978236567970215,0.32978236567970215
2026-10-07T00:00:00,Lower_Forest_Groundwater,0.32566008610870584,0.32566008610870584
2026-10-08T00:00:00,Lower_Forest_Groundwater,0.32158933503234693,0.32158933503234693
2026-10-09T00:00:00,Lower_Forest_Groundwater,0.31756946834444266,0.31756946834444266
2026-10-10T00:00:00,Lower_Forest_Groundwater,0.3135998499901369,0.3135998499901369
2026-10-11T00:00:00,Lower_Forest_Groundwater,0.30967985186526054,0.30967985186526054
2026-10-12T00:00:00,Lower_Forest_Groundwater,0.30580885371694466,0.30580885371694466
2026-10-13T00:00:00,Lower_Forest_Groundwater,0.30198624304548294,0.30198624304548294
2026-10-14T00:00:00,Lower_Forest_Groundwater,0.2982114150074146,0.2982114150074146
2026-10-15T00:00:00,Lower_Forest_Groundwater,0.2944837723198219,0.2944837723198219
2026-10-16T00:00:00,Lower_Forest_Groundwater,0.29147090937678616,0.29147090937678616
2026-10-17T00:00:00,Lower_Forest_Groundwater,0.28978109281866365,0.28978109281866365
2026-10-18T00:00:00,Lower_Forest_Groundwater,0.28846090305871996,0.28846090305871996
2026-10-19T00:00:00,Lower_Forest_Groundwater,0.2865185388168023,0.2865185388168023
2026-10-20T00:00:00,Lower_Forest_Groundwater,0.28490815344130455,0.28490815344130455
2026-10-21T00:00:00,Lower_Forest_Groundwater,0.2840300177560437,0.2840300177560437
2026-10-22T00:00:00,Lower_Forest_Groundwater,0.2825931518980795,0.2825931518980795
2026-10-23T00:00:00,Lower_Forest_Groundwater,0.2806595464291945,0.2806595464291945
2026-10-24T00:00:00,Lower_Forest_Groundwater,0.27781863538681295,0.27781863538681295
2026-10-25T00:00:00,Lower_Forest_Groundwater,0.27906701627922603,0.27906701627922603
2026-10-26T00:00:00,Lower_Forest_Groundwater,0.2824512957772917,0.2824512957772917
2026-10-27T00:00:00,Lower_Forest_Groundwater,0.28614644493661673,0.28614644493661673
2026-10-28T00:00:00,Lower_Forest_Groundwater,0.2889920231333662,0.2889920231333662
2026-10-29T00:00:00,Lower_Forest_Groundwater,0.29686418225809635,0.29686418225809635
2026-10-30T00:00:00,Lower_Forest_Groundwater,0.30906666546801986,0.30906666546801986
2026-10-31T00:00:00,Lower_Forest_Groundwater,0.3217544400968251,0.3217544400968251
2026-11-01T00:00:00,Lower_Forest_Groundwater,0.333100482251966,0.333100482251966
2026-11-02T00:00:00,Lower_Forest_Groundwater,0.3426886728039875,0.3426886728039875
2026-11-03T00:00:00,Lower_Forest_Groundwater,0.3500920419108191,0.3500920419108191
2026-11-04T00:00:00,Lower_Forest_Groundwater,0.35525424394949073,0.35525424394949073
2026-11-05T00:00:00,Lower_Forest_Groundwater,0.3591720699176058,0.3591720699176058
2026-11-06T00:00:00,Lower_Forest_Groundwater,0.36132850601496147,0.36132850601496147
2026-11-07T00:00:00,Lower_Forest_Groundwater,0.3615726346417638,0.3615726346417638
2026-11-08T00:00:00,Lower_Forest_Groundwater,0.35998638650442916,0.35998638650442916
2026-11-09T00:00:00,Lower_Forest_Groundwater,0.35682729965869203,0.35682729965869203
2026-11-10T00:00:00,Lower_Forest_Groundwater,0.35236695841295856,0.35236695841295856
2026-11-11T00:00:00,Lower_Forest_Groundwater,0.3479623714327964,0.3479623714327964
2026-11-12T00:00:00,Lower_Forest_Groundwater,0.34361284178988644,0.34361284178988644
2026-11-13T00:00:00,Lower_Forest_Groundwater,0.33931768126751294,0.33931768126751294
2026-11-14T00:00:00,Lower_Forest_Groundwater,0.335076210251669,0.335076210251669
2026-11-15T00:00:00,Lower_Forest_Groundwater,0.3308877576235233,0.3308877576235233
2026-11-16T00:00:00,Lower_Forest_Groundwater,0.326751660653229,0.326751660653229
2026-11-17T00:00:00,Lower_Forest_Groundwater,0.322667264895064,0.322667264895064
2026-11-18T00:00:00,Lower_Forest_Groundwater,0.3186339240838756,0.3186339240838756
2026-11-19T00:00:00,Lower_Forest_Groundwater,0.31465100003282703,0.31465100003282703
2026-11-20T00:00:00,Lower_Forest_Groundwater,0.31071786253241673,0.31071786253241673
2026-11-21T00:00:00,Lower_Forest_Groundwater,0.30683388925076116,0.30683388925076116
2026-11-22T00:00:00,Lower_Forest_Groundwater,0.3029984656351268,0.3029984656351268
2026-11-23T00:00:00,Lower_Forest_Groundwater,0.2992109848146875,0.2992109848146875
2026-11-24T00:00:00,Lower_Forest_Groundwater,0.2954708475045038,0.2954708475045038
2026-11-25T00:00:00,Lower_Forest_Groundwater,0.29177746191069787,0.29177746191069787
2026-11-26T00:00:00,Lower_Forest_Groundwater,0.2881302436368145,0.2881302436368145
2026-11-27T00:00:00,Lower_Forest_Groundwater,0.2845286155913542,0.2845286155913542
2026-11-28T00:00:00,Lower_Forest_Groundwater,0.2809720078964624,0.2809720078964624
2026-11-29T00:00:00,Lower_Forest_Groundwater,0.2774598577977564,0.2774598577977564
2026-11-30T00:00:00,Lower_Forest_Groundwater,0.2739916095752847,0.2739916095752847
2026-12-01T00:00:00,Lower_Forest_Groundwater,0.2705667144555939,0.2705667144555939
2026-12-02T00:00:00,Lower_Forest_Groundwater,0.2671846305248991,0.2671846305248991
2026-12-03T00:00:00,Lower_Forest_Groundwater,0.2638448226433376,0.2638448226433376
2026-12-04T00:00:00,Lower_Forest_Groundwater,0.2605467623602955,0.2605467623602955
2026-12-05T00:00:00,Lower_Forest_Groundwater,0.2572899278307915,0.2572899278307915
2026-12-06T00:00:00,Lower_Forest_Groundwater,0.2574650125939947,0.2574650125939947
2026-12-07T00:00:00,Lower_Forest_Groundwater,0.26418858401806916,0.26418858401806916
2026-12-08T00:00:00,Lower_Forest_Groundwater,0.27281388044445193,0.27281388044445193
2026-12-09T00:00:00,Lower_Forest_Groundwater,0.2811863143194735,0.2811863143194735
2026-12-10T00:00:00,Lower_Forest_Groundwater,0.2884443715463149,0.2884443715463149
2026-12-11T00:00:00,Lower_Forest_Groundwater,0.29401766419889486,0.29401766419889486
2026-12-12T00:00:00,Lower_Forest_Groundwater,0.2978800908419551,0.2978800908419551
2026-12-13T00:00:00,Lower_Forest_Groundwater,0.299890854846587,0.299890854846587
2026-12-14T00:00:00,Lower_Forest_Groundwater,0.30023770900672775,0.30023770900672775
2026-12-15T00:00:00,Lower_Forest_Groundwater,0.2989991841150847,0.2989991841150847
2026-12-16T00:00:00,Lower_Forest_Groundwater,0.2982009176923896,0.2982009176923896
2026-12-17T00:00:00,Lower_Forest_Groundwater,0.2986628349145512,0.2986628349145512
2026-12-18T00:00:00,Lower_Forest_Groundwater,0.3018908856908283,0.3018908856908283
2026-12-19T00:00:00,Lower_Forest_Groundwater,0.30923590271799245,0.30923590271799245
2026-12-20T00:00:00,Lower_Forest_Groundwater,0.31733146697591796,0.31733146697591796
2026-12-21T00:00:00,Lower_Forest_Groundwater,0.3247968880031451,0.3247968880031451
2026-12-22T00:00:00,Lower_Forest_Groundwater,0.330985141144447,0.330985141144447
2026-12-23T00:00:00,Lower_Forest_Groundwater,0.3367563797290274,0.3367563797290274
2026-12-24T00:00:00,Lower_Forest_Groundwater,0.3422873806872517,0.3422873806872517
2026-12-25T00:00:00,Lower_Forest_Groundwater,0.34874718607093413,0.34874718607093413
2026-12-26T00:00:00,Lower_Forest_Groundwater,0.3544940778770531,0.3544940778770531
2026-12-27T00:00:00,Lower_Forest_Groundwater,0.35908828724937436,0.35908828724937436
2026-12-28T00:00:00,Lower_Forest_Groundwater,0.36235099890845324,0.36235099890845324
2026-12-29T00:00:00,Lower_Forest_Groundwater,0.3641962293660697,0.3641962293660697
2026-12-30T00:00:00,Lower_Forest_Groundwater,0.36474750975819037,0.36474750975819037
2026-12-31T00:00:00,Lower_Forest_Groundwater,0.3638902543743015,0.3638902543743015
