b8863fab-0171-4599-9fc8-8170cca73871,location,waterInputs
2023-01-01T00:00:00,Middle_Agriculture_Soilwater,0.0
2023-01-02T00:00:00,Middle_Agriculture_Soilwater,0.0
2023-01-03T00:00:00,Middle_Agriculture_Soilwater,0.0
2023-01-04T00:00:00,Middle_Agriculture_Soilwater,0.0
2023-01-05T00:00:00,Middle_Agriculture_Soilwater,0.0
2023-01-06T00:00:00,Middle_Agriculture_Soilwater,0.0
2023-01-07T00:00:00,Middle_Agriculture_Soilwater,0.0
2023-01-08T00:00:00,Middle_Agriculture_Soilwater,0.0
2023-01-09T00:00:00,Middle_Agriculture_Soilwater,0.0
2023-01-10T00:00:00,Middle_Agriculture_Soilwater,0.0
2023-01-11T00:00:00,Middle_Agriculture_Soilwater,0.0
2023-01-12T00:00:00,Middle_Agriculture_Soilwater,0.0
2023-01-13T00:00:00,Middle_Agriculture_Soilwater,0.0
2023-01-14T00:00:00,Middle_Agriculture_Soilwater,0.0
2023-01-15T00:00:00,Middle_Agriculture_Soilwater,0.0
2023-01-16T00:00:00,Middle_Agriculture_Soilwater,0.0
2023-01-17T00:00:00,Middle_Agriculture_Soilwater,0.0
2023-01-18T00:00:00,Middle_Agriculture_Soilwater,0.0
2023-01-19T00:00:00,Middle_Agriculture_Soilwater,0.0
2023-01-20T00:00:00,Middle_Agriculture_Soilwater,0.0
2023-01-21T00:00:00,Middle_Agriculture_Soilwater,0.0
2023-01-22T00:00:00,Middle_Agriculture_Soilwater,0.0
2023-01-23T00:00:00,Middle_Agriculture_Soilwater,0.0
2023-01-24T00:00:00,Middle_Agriculture_Soilwater,0.0
2023-01-25T00:00:00,Middle_Agriculture_Soilwater,0.0
2023-01-26T00:00:00,Middle_Agriculture_Soilwater,0.0
2023-01-27T00:00:00,Middle_Agriculture_Soilwater,0.0
2023-01-28T00:00:00,Middle_Agriculture_Soilwater,0.0
2023-01-29T00:00:00,Middle_Agriculture_Soilwater,0.0
2023-01-30T00:00:00,Middle_Agriculture_Soilwater,0.0
2023-01-31T00:00:00,Middle_Agriculture_Soilwater,0.0
2023-02-01T00:00:00,Middle_Agriculture_Soilwater,0.0
2023-02-02T00:00:00,Middle_Agriculture_Soilwater,0.0
2023-02-03T00:00:00,Middle_Agriculture_Soilwater,0.0
2023-02-04T00:00:00,Middle_Agriculture_Soilwater,0.0
2023-02-05T00:00:00,Middle_Agriculture_Soilwater,0.0
2023-02-06T00:00:00,Middle_Agriculture_Soilwater,0.0
2023-02-07T00:00:00,Middle_Agriculture_Soilwater,0.0
2023-02-08T00:00:00,Middle_Agriculture_Soilwater,0.0
2023-02-09T00:00:00,Middle_Agriculture_Soilwater,0.0
2023-02-10T00:00:00,Middle_Agriculture_Soilwater,0.0
2023-02-11T00:00:00,Middle_Agriculture_Soilwater,0.0
2023-02-12T00:00:00,Middle_Agriculture_Soilwater,0.0
2023-02-13T00:00:00,Middle_Agriculture_Soilwater,0.0
2023-02-14T00:00:00,Middle_Agriculture_Soilwater,0.0
2023-02-15T00:00:00,Middle_Agriculture_Soilwater,0.0
2023-02-16T00:00:00,Middle_Agriculture_Soilwater,0.0
2023-02-17T00:00:00,Middle_Agriculture_Soilwater,0.0
2023-02-18T00:00:00,Middle_Agriculture_Soilwater,0.0
2023-02-19T00:00:00,Middle_Agriculture_Soilwater,0.0
2023-02-20T00:00:00,Middle_Agriculture_Soilwater,0.0
2023-02-21T00:00:00,Middle_Agriculture_Soilwater,0.0
2023-02-22T00:00:00,Middle_Agriculture_Soilwater,0.0
2023-02-23T00:00:00,Middle_Agriculture_Soilwater,0.0
2023-02-24T00:00:00,Middle_Agriculture_Soilwater,0.0
2023-02-25T00:00:00,Middle_Agriculture_Soilwater,0.0
2023-02-26T00:00:00,Middle_Agriculture_Soilwater,0.0
2023-02-27T00:00:00,Middle_Agriculture_Soilwater,0.0
2023-02-28T00:00:00,Middle_Agriculture_Soilwater,0.0
2023-03-01T00:00:00,Middle_Agriculture_Soilwater,0.0
2023-03-02T00:00:00,Middle_Agriculture_Soilwater,0.0
2023-03-03T00:00:00,Middle_Agriculture_Soilwater,0.0
2023-03-04T00:00:00,Middle_Agriculture_Soilwater,0.0
2023-03-05T00:00:00,Middle_Agriculture_Soilwater,0.0
2023-03-06T00:00:00,Middle_Agriculture_Soilwater,0.0
2023-03-07T00:00:00,Middle_Agriculture_Soilwater,0.0
2023-03-08T00:00:00,Middle_Agriculture_Soilwater,0.0
2023-03-09T00:00:00,Middle_Agriculture_Soilwater,0.0
2023-03-10T00:00:00,Middle_Agriculture_Soilwater,0.0
2023-03-11T00:00:00,Middle_Agriculture_Soilwater,0.0
2023-03-12T00:00:00,Middle_Agriculture_Soilwater,0.0
2023-03-13T00:00:00,Middle_Agriculture_Soilwater,0.0
2023-03-14T00:00:00,Middle_Agriculture_Soilwater,0.0
2023-03-15T00:00:00,Middle_Agriculture_Soilwater,0.0
2023-03-16T00:00:00,Middle_Agriculture_Soilwater,0.0
2023-03-17T00:00:00,Middle_Agriculture_Soilwater,0.0
2023-03-18T00:00:00,Middle_Agriculture_Soilwater,0.0
2023-03-19T00:00:00,Middle_Agriculture_Soilwater,0.0
2023-03-20T00:00:00,Middle_Agriculture_Soilwater,0.0
2023-03-21T00:00:00,Middle_Agriculture_Soilwater,0.0
2023-03-22T00:00:00,Middle_Agriculture_Soilwater,0.0
2023-03-23T00:00:00,Middle_Agriculture_Soilwater,0.0
2023-03-24T00:00:00,Middle_Agriculture_Soilwater,0.0
2023-03-25T00:00:00,Middle_Agriculture_Soilwater,0.0
2023-03-26T00:00:00,Middle_Agriculture_Soilwater,0.0
2023-03-27T00:00:00,Middle_Agriculture_Soilwater,0.0
2023-03-28T00:00:00,Middle_Agriculture_Soilwater,0.0
2023-03-29T00:00:00,Middle_Agriculture_Soilwater,0.0
2023-03-30T00:00:00,Middle_Agriculture_Soilwater,0.0
2023-03-31T00:00:00,Middle_Agriculture_Soilwater,0.0
2023-04-01T00:00:00,Middle_Agriculture_Soilwater,0.0
2023-04-02T00:00:00,Middle_Agriculture_Soilwater,0.0
2023-04-03T00:00:00,Middle_Agriculture_Soilwater,0.0
2023-04-04T00:00:00,Middle_Agriculture_Soilwater,0.0
2023-04-05T00:00:00,Middle_Agriculture_Soilwater,0.0
2023-04-06T00:00:00,Middle_Agriculture_Soilwater,0.0
2023-04-07T00:00:00,Middle_Agriculture_Soilwater,0.0
2023-04-08T00:00:00,Middle_Agriculture_Soilwater,0.0
2023-04-09T00:00:00,Middle_Agriculture_Soilwater,0.0
2023-04-10T00:00:00,Middle_Agriculture_Soilwater,0.0
2023-04-11T00:00:00,Middle_Agriculture_Soilwater,0.0
2023-04-12T00:00:00,Middle_Agriculture_Soilwater,0.0
2023-04-13T00:00:00,Middle_Agriculture_Soilwater,0.0
2023-04-14T00:00:00,Middle_Agriculture_Soilwater,0.0
2023-04-15T00:00:00,Middle_Agriculture_Soilwater,0.0
2023-04-16T00:00:00,Middle_Agriculture_Soilwater,0.0
2023-04-17T00:00:00,Middle_Agriculture_Soilwater,0.0
2023-04-18T00:00:00,Middle_Agriculture_Soilwater,0.0
2023-04-19T00:00:00,Middle_Agriculture_Soilwater,0.0
2023-04-20T00:00:00,Middle_Agriculture_Soilwater,0.0
2023-04-21T00:00:00,Middle_Agriculture_Soilwater,0.0
2023-04-22T00:00:00,Middle_Agriculture_Soilwater,0.0
2023-04-23T00:00:00,Middle_Agriculture_Soilwater,0.0
2023-04-24T00:00:00,Middle_Agriculture_Soilwater,0.0
2023-04-25T00:00:00,Middle_Agriculture_Soilwater,0.0
2023-04-26T00:00:00,Middle_Agriculture_Soilwater,0.0
2023-04-27T00:00:00,Middle_Agriculture_Soilwater,0.0
2023-04-28T00:00:00,Middle_Agriculture_Soilwater,0.0
2023-04-29T00:00:00,Middle_Agriculture_Soilwater,0.0
2023-04-30T00:00:00,Middle_Agriculture_Soilwater,0.0
2023-05-01T00:00:00,Middle_Agriculture_Soilwater,0.0
2023-05-02T00:00:00,Middle_Agriculture_Soilwater,0.0
2023-05-03T00:00:00,Middle_Agriculture_Soilwater,0.0
2023-05-04T00:00:00,Middle_Agriculture_Soilwater,0.0
2023-05-05T00:00:00,Middle_Agriculture_Soilwater,0.0
2023-05-06T00:00:00,Middle_Agriculture_Soilwater,0.0
2023-05-07T00:00:00,Middle_Agriculture_Soilwater,0.0
2023-05-08T00:00:00,Middle_Agriculture_Soilwater,0.0
2023-05-09T00:00:00,Middle_Agriculture_Soilwater,0.0
2023-05-10T00:00:00,Middle_Agriculture_Soilwater,0.0
2023-05-11T00:00:00,Middle_Agriculture_Soilwater,0.0
2023-05-12T00:00:00,Middle_Agriculture_Soilwater,0.0
2023-05-13T00:00:00,Middle_Agriculture_Soilwater,0.0
2023-05-14T00:00:00,Middle_Agriculture_Soilwater,0.0
2023-05-15T00:00:00,Middle_Agriculture_Soilwater,0.0
2023-05-16T00:00:00,Middle_Agriculture_Soilwater,0.0
2023-05-17T00:00:00,Middle_Agriculture_Soilwater,0.0
2023-05-18T00:00:00,Middle_Agriculture_Soilwater,0.0
2023-05-19T00:00:00,Middle_Agriculture_Soilwater,0.0
2023-05-20T00:00:00,Middle_Agriculture_Soilwater,0.0
2023-05-21T00:00:00,Middle_Agriculture_Soilwater,0.0
2023-05-22T00:00:00,Middle_Agriculture_Soilwater,0.0
2023-05-23T00:00:00,Middle_Agriculture_Soilwater,0.0
2023-05-24T00:00:00,Middle_Agriculture_Soilwater,0.0
2023-05-25T00:00:00,Middle_Agriculture_Soilwater,0.0
2023-05-26T00:00:00,Middle_Agriculture_Soilwater,0.0
2023-05-27T00:00:00,Middle_Agriculture_Soilwater,0.0
2023-05-28T00:00:00,Middle_Agriculture_Soilwater,0.0
2023-05-29T00:00:00,Middle_Agriculture_Soilwater,0.0
2023-05-30T00:00:00,Middle_Agriculture_Soilwater,0.0
2023-05-31T00:00:00,Middle_Agriculture_Soilwater,0.0
2023-06-01T00:00:00,Middle_Agriculture_Soilwater,0.0
2023-06-02T00:00:00,Middle_Agriculture_Soilwater,0.0
2023-06-03T00:00:00,Middle_Agriculture_Soilwater,0.0
2023-06-04T00:00:00,Middle_Agriculture_Soilwater,0.0
2023-06-05T00:00:00,Middle_Agriculture_Soilwater,0.0
2023-06-06T00:00:00,Middle_Agriculture_Soilwater,0.0
2023-06-07T00:00:00,Middle_Agriculture_Soilwater,0.0
2023-06-08T00:00:00,Middle_Agriculture_Soilwater,0.0
2023-06-09T00:00:00,Middle_Agriculture_Soilwater,0.0
2023-06-10T00:00:00,Middle_Agriculture_Soilwater,0.0
2023-06-11T00:00:00,Middle_Agriculture_Soilwater,0.0
2023-06-12T00:00:00,Middle_Agriculture_Soilwater,0.0
2023-06-13T00:00:00,Middle_Agriculture_Soilwater,0.0
2023-06-14T00:00:00,Middle_Agriculture_Soilwater,0.0
2023-06-15T00:00:00,Middle_Agriculture_Soilwater,0.0
2023-06-16T00:00:00,Middle_Agriculture_Soilwater,0.0
2023-06-17T00:00:00,Middle_Agriculture_Soilwater,0.0
2023-06-18T00:00:00,Middle_Agriculture_Soilwater,0.0
2023-06-19T00:00:00,Middle_Agriculture_Soilwater,0.0
2023-06-20T00:00:00,Middle_Agriculture_Soilwater,0.0
2023-06-21T00:00:00,Middle_Agriculture_Soilwater,0.0
2023-06-22T00:00:00,Middle_Agriculture_Soilwater,0.0
2023-06-23T00:00:00,Middle_Agriculture_Soilwater,0.0
2023-06-24T00:00:00,Middle_Agriculture_Soilwater,0.0
2023-06-25T00:00:00,Middle_Agriculture_Soilwater,0.0
2023-06-26T00:00:00,Middle_Agriculture_Soilwater,0.0
2023-06-27T00:00:00,Middle_Agriculture_Soilwater,0.0
2023-06-28T00:00:00,Middle_Agriculture_Soilwater,0.0
2023-06-29T00:00:00,Middle_Agriculture_Soilwater,0.0
2023-06-30T00:00:00,Middle_Agriculture_Soilwater,0.0
2023-07-01T00:00:00,Middle_Agriculture_Soilwater,0.0
2023-07-02T00:00:00,Middle_Agriculture_Soilwater,0.0
2023-07-03T00:00:00,Middle_Agriculture_Soilwater,0.0
2023-07-04T00:00:00,Middle_Agriculture_Soilwater,0.0
2023-07-05T00:00:00,Middle_Agriculture_Soilwater,0.0
2023-07-06T00:00:00,Middle_Agriculture_Soilwater,0.0
2023-07-07T00:00:00,Middle_Agriculture_Soilwater,0.0
2023-07-08T00:00:00,Middle_Agriculture_Soilwater,0.0
2023-07-09T00:00:00,Middle_Agriculture_Soilwater,0.0
2023-07-10T00:00:00,Middle_Agriculture_Soilwater,0.0
2023-07-11T00:00:00,Middle_Agriculture_Soilwater,0.0
2023-07-12T00:00:00,Middle_Agriculture_Soilwater,0.0
2023-07-13T00:00:00,Middle_Agriculture_Soilwater,0.0
2023-07-14T00:00:00,Middle_Agriculture_Soilwater,0.0
2023-07-15T00:00:00,Middle_Agriculture_Soilwater,0.0
2023-07-16T00:00:00,Middle_Agriculture_Soilwater,0.0
2023-07-17T00:00:00,Middle_Agriculture_Soilwater,0.0
2023-07-18T00:00:00,Middle_Agriculture_Soilwater,0.0
2023-07-19T00:00:00,Middle_Agriculture_Soilwater,0.0
2023-07-20T00:00:00,Middle_Agriculture_Soilwater,0.0
2023-07-21T00:00:00,Middle_Agriculture_Soilwater,0.0
2023-07-22T00:00:00,Middle_Agriculture_Soilwater,0.0
2023-07-23T00:00:00,Middle_Agriculture_Soilwater,0.0
2023-07-24T00:00:00,Middle_Agriculture_Soilwater,0.0
2023-07-25T00:00:00,Middle_Agriculture_Soilwater,0.0
2023-07-26T00:00:00,Middle_Agriculture_Soilwater,0.0
2023-07-27T00:00:00,Middle_Agriculture_Soilwater,0.0
2023-07-28T00:00:00,Middle_Agriculture_Soilwater,0.0
2023-07-29T00:00:00,Middle_Agriculture_Soilwater,0.0
2023-07-30T00:00:00,Middle_Agriculture_Soilwater,0.0
2023-07-31T00:00:00,Middle_Agriculture_Soilwater,0.0
2023-08-01T00:00:00,Middle_Agriculture_Soilwater,0.0
2023-08-02T00:00:00,Middle_Agriculture_Soilwater,0.0
2023-08-03T00:00:00,Middle_Agriculture_Soilwater,0.0
2023-08-04T00:00:00,Middle_Agriculture_Soilwater,0.0
2023-08-05T00:00:00,Middle_Agriculture_Soilwater,0.0
2023-08-06T00:00:00,Middle_Agriculture_Soilwater,0.0
2023-08-07T00:00:00,Middle_Agriculture_Soilwater,0.0
2023-08-08T00:00:00,Middle_Agriculture_Soilwater,0.0
2023-08-09T00:00:00,Middle_Agriculture_Soilwater,0.0
2023-08-10T00:00:00,Middle_Agriculture_Soilwater,0.0
2023-08-11T00:00:00,Middle_Agriculture_Soilwater,0.0
2023-08-12T00:00:00,Middle_Agriculture_Soilwater,0.0
2023-08-13T00:00:00,Middle_Agriculture_Soilwater,0.0
2023-08-14T00:00:00,Middle_Agriculture_Soilwater,0.0
2023-08-15T00:00:00,Middle_Agriculture_Soilwater,0.0
2023-08-16T00:00:00,Middle_Agriculture_Soilwater,0.0
2023-08-17T00:00:00,Middle_Agriculture_Soilwater,0.0
2023-08-18T00:00:00,Middle_Agriculture_Soilwater,0.0
2023-08-19T00:00:00,Middle_Agriculture_Soilwater,0.0
2023-08-20T00:00:00,Middle_Agriculture_Soilwater,0.0
2023-08-21T00:00:00,Middle_Agriculture_Soilwater,0.0
2023-08-22T00:00:00,Middle_Agriculture_Soilwater,0.0
2023-08-23T00:00:00,Middle_Agriculture_Soilwater,0.0
2023-08-24T00:00:00,Middle_Agriculture_Soilwater,0.0
2023-08-25T00:00:00,Middle_Agriculture_Soilwater,0.0
2023-08-26T00:00:00,Middle_Agriculture_Soilwater,0.0
2023-08-27T00:00:00,Middle_Agriculture_Soilwater,0.0
2023-08-28T00:00:00,Middle_Agriculture_Soilwater,0.0
2023-08-29T00:00:00,Middle_Agriculture_Soilwater,0.0
2023-08-30T00:00:00,Middle_Agriculture_Soilwater,0.0
2023-08-31T00:00:00,Middle_Agriculture_Soilwater,0.0
2023-09-01T00:00:00,Middle_Agriculture_Soilwater,0.0
2023-09-02T00:00:00,Middle_Agriculture_Soilwater,0.0
2023-09-03T00:00:00,Middle_Agriculture_Soilwater,0.30119999999998986
2023-09-04T00:00:00,Middle_Agriculture_Soilwater,0.49907999999999453
2023-09-05T00:00:00,Middle_Agriculture_Soilwater,0.5935719999999947
2023-09-06T00:00:00,Middle_Agriculture_Soilwater,0.6482147999999962
2023-09-07T00:00:00,Middle_Agriculture_Soilwater,0.5833933199999957
2023-09-08T00:00:00,Middle_Agriculture_Soilwater,0.5250539879999953
2023-09-09T00:00:00,Middle_Agriculture_Soilwater,0.6017485891999969
2023-09-10T00:00:00,Middle_Agriculture_Soilwater,0.6023737302799965
2023-09-11T00:00:00,Middle_Agriculture_Soilwater,0.8005363572519992
2023-09-12T00:00:00,Middle_Agriculture_Soilwater,0.9712827215268001
2023-09-13T00:00:00,Middle_Agriculture_Soilwater,1.0261544493741168
2023-09-14T00:00:00,Middle_Agriculture_Soilwater,0.9235390044367069
2023-09-15T00:00:00,Middle_Agriculture_Soilwater,0.8311851039930345
2023-09-16T00:00:00,Middle_Agriculture_Soilwater,0.7480665935937305
2023-09-17T00:00:00,Middle_Agriculture_Soilwater,1.4256599342343543
2023-09-18T00:00:00,Middle_Agriculture_Soilwater,2.5066939408109192
2023-09-19T00:00:00,Middle_Agriculture_Soilwater,2.552424546729826
2023-09-20T00:00:00,Middle_Agriculture_Soilwater,2.297182092056842
2023-09-21T00:00:00,Middle_Agriculture_Soilwater,2.067463882851157
2023-09-22T00:00:00,Middle_Agriculture_Soilwater,1.860717494566043
2023-09-23T00:00:00,Middle_Agriculture_Soilwater,1.6746457451094376
2023-09-24T00:00:00,Middle_Agriculture_Soilwater,1.5527811705984915
2023-09-25T00:00:00,Middle_Agriculture_Soilwater,1.9143030535386427
2023-09-26T00:00:00,Middle_Agriculture_Soilwater,2.4752727481847754
2023-09-27T00:00:00,Middle_Agriculture_Soilwater,2.3721454733662997
2023-09-28T00:00:00,Middle_Agriculture_Soilwater,2.1349309260296696
2023-09-29T00:00:00,Middle_Agriculture_Soilwater,1.9214378334267033
2023-09-30T00:00:00,Middle_Agriculture_Soilwater,1.9876940500840332
2023-10-01T00:00:00,Middle_Agriculture_Soilwater,1.788924645075631
2023-10-02T00:00:00,Middle_Agriculture_Soilwater,1.610032180568069
2023-10-03T00:00:00,Middle_Agriculture_Soilwater,1.4490289625112611
2023-10-04T00:00:00,Middle_Agriculture_Soilwater,1.3041260662601326
2023-10-05T00:00:00,Middle_Agriculture_Soilwater,1.1737134596341185
2023-10-06T00:00:00,Middle_Agriculture_Soilwater,1.0563421136707076
2023-10-07T00:00:00,Middle_Agriculture_Soilwater,0.9507079023036387
2023-10-08T00:00:00,Middle_Agriculture_Soilwater,0.855637112073273
2023-10-09T00:00:00,Middle_Agriculture_Soilwater,1.3704734008659445
2023-10-10T00:00:00,Middle_Agriculture_Soilwater,1.3094260607793469
2023-10-11T00:00:00,Middle_Agriculture_Soilwater,1.6268834547014148
2023-10-12T00:00:00,Middle_Agriculture_Soilwater,1.5401951092312722
2023-10-13T00:00:00,Middle_Agriculture_Soilwater,1.4469755983081452
2023-10-14T00:00:00,Middle_Agriculture_Soilwater,1.7126780384773295
2023-10-15T00:00:00,Middle_Agriculture_Soilwater,1.9518102346295976
2023-10-16T00:00:00,Middle_Agriculture_Soilwater,2.3114292111666375
2023-10-17T00:00:00,Middle_Agriculture_Soilwater,2.0802862900499717
2023-10-18T00:00:00,Middle_Agriculture_Soilwater,1.955857661044975
2023-10-19T00:00:00,Middle_Agriculture_Soilwater,1.760271894940479
2023-10-20T00:00:00,Middle_Agriculture_Soilwater,1.584244705446431
2023-10-21T00:00:00,Middle_Agriculture_Soilwater,1.8210202349017892
2023-10-22T00:00:00,Middle_Agriculture_Soilwater,1.6389182114116103
2023-10-23T00:00:00,Middle_Agriculture_Soilwater,1.4750263902704503
2023-10-24T00:00:00,Middle_Agriculture_Soilwater,1.327523751243407
2023-10-25T00:00:00,Middle_Agriculture_Soilwater,1.1947713761190655
2023-10-26T00:00:00,Middle_Agriculture_Soilwater,1.0752942385071584
2023-10-27T00:00:00,Middle_Agriculture_Soilwater,0.9677648146564435
2023-10-28T00:00:00,Middle_Agriculture_Soilwater,0.8709883331907987
2023-10-29T00:00:00,Middle_Agriculture_Soilwater,0.7838894998717206
2023-10-30T00:00:00,Middle_Agriculture_Soilwater,0.9183005498845523
2023-10-31T00:00:00,Middle_Agriculture_Soilwater,0.8264704948960981
2023-11-01T00:00:00,Middle_Agriculture_Soilwater,0.8806234454064863
2023-11-02T00:00:00,Middle_Agriculture_Soilwater,0.7925611008658371
2023-11-03T00:00:00,Middle_Agriculture_Soilwater,0.713304990779252
2023-11-04T00:00:00,Middle_Agriculture_Soilwater,0.7863744917013265
2023-11-05T00:00:00,Middle_Agriculture_Soilwater,0.7077370425311938
2023-11-06T00:00:00,Middle_Agriculture_Soilwater,0.636963338278074
2023-11-07T00:00:00,Middle_Agriculture_Soilwater,2.032467004450268
2023-11-08T00:00:00,Middle_Agriculture_Soilwater,2.3004203040052382
2023-11-09T00:00:00,Middle_Agriculture_Soilwater,3.582778273604718
2023-11-10T00:00:00,Middle_Agriculture_Soilwater,3.224500446244247
2023-11-11T00:00:00,Middle_Agriculture_Soilwater,2.9020504016198223
2023-11-12T00:00:00,Middle_Agriculture_Soilwater,2.6118453614578403
2023-11-13T00:00:00,Middle_Agriculture_Soilwater,2.350660825312057
2023-11-14T00:00:00,Middle_Agriculture_Soilwater,2.11559474278085
2023-11-15T00:00:00,Middle_Agriculture_Soilwater,1.9040352685027668
2023-11-16T00:00:00,Middle_Agriculture_Soilwater,1.713631741652489
2023-11-17T00:00:00,Middle_Agriculture_Soilwater,1.5422685674872403
2023-11-18T00:00:00,Middle_Agriculture_Soilwater,1.3880417107385166
2023-11-19T00:00:00,Middle_Agriculture_Soilwater,1.4848375396646636
2023-11-20T00:00:00,Middle_Agriculture_Soilwater,1.3363537856981977
2023-11-21T00:00:00,Middle_Agriculture_Soilwater,1.2027184071283774
2023-11-22T00:00:00,Middle_Agriculture_Soilwater,1.0824465664155378
2023-11-23T00:00:00,Middle_Agriculture_Soilwater,2.334601909773983
2023-11-24T00:00:00,Middle_Agriculture_Soilwater,2.564741718796586
2023-11-25T00:00:00,Middle_Agriculture_Soilwater,2.467867546916928
2023-11-26T00:00:00,Middle_Agriculture_Soilwater,2.342680792225233
2023-11-27T00:00:00,Middle_Agriculture_Soilwater,2.9748127130027076
2023-11-28T00:00:00,Middle_Agriculture_Soilwater,2.677331441702436
2023-11-29T00:00:00,Middle_Agriculture_Soilwater,2.5083982975321946
2023-11-30T00:00:00,Middle_Agriculture_Soilwater,2.257558467778977
2023-12-01T00:00:00,Middle_Agriculture_Soilwater,2.4422026210010794
2023-12-02T00:00:00,Middle_Agriculture_Soilwater,4.401982358900973
2023-12-03T00:00:00,Middle_Agriculture_Soilwater,4.470984123010877
2023-12-04T00:00:00,Middle_Agriculture_Soilwater,4.023885710709788
2023-12-05T00:00:00,Middle_Agriculture_Soilwater,3.6214971396388096
2023-12-06T00:00:00,Middle_Agriculture_Soilwater,3.259347425674928
2023-12-07T00:00:00,Middle_Agriculture_Soilwater,2.933412683107436
2023-12-08T00:00:00,Middle_Agriculture_Soilwater,2.7464714147966927
2023-12-09T00:00:00,Middle_Agriculture_Soilwater,2.471824273317025
2023-12-10T00:00:00,Middle_Agriculture_Soilwater,2.2246418459853206
2023-12-11T00:00:00,Middle_Agriculture_Soilwater,2.0021776613867863
2023-12-12T00:00:00,Middle_Agriculture_Soilwater,1.801959895248106
2023-12-13T00:00:00,Middle_Agriculture_Soilwater,1.6977639057232956
2023-12-14T00:00:00,Middle_Agriculture_Soilwater,1.527987515150967
2023-12-15T00:00:00,Middle_Agriculture_Soilwater,1.3751887636358697
2023-12-16T00:00:00,Middle_Agriculture_Soilwater,1.6632698872722813
2023-12-17T00:00:00,Middle_Agriculture_Soilwater,1.4969428985450532
2023-12-18T00:00:00,Middle_Agriculture_Soilwater,1.3472486086905475
2023-12-19T00:00:00,Middle_Agriculture_Soilwater,1.334123747821491
2023-12-20T00:00:00,Middle_Agriculture_Soilwater,1.6719113730393387
2023-12-21T00:00:00,Middle_Agriculture_Soilwater,1.6111202357354024
2023-12-22T00:00:00,Middle_Agriculture_Soilwater,1.450008212161861
2023-12-23T00:00:00,Middle_Agriculture_Soilwater,2.3766073909456735
2023-12-24T00:00:00,Middle_Agriculture_Soilwater,2.3897466518511057
2023-12-25T00:00:00,Middle_Agriculture_Soilwater,2.1507719866659953
2023-12-26T00:00:00,Middle_Agriculture_Soilwater,1.9356947879993962
2023-12-27T00:00:00,Middle_Agriculture_Soilwater,2.008125309199454
2023-12-28T00:00:00,Middle_Agriculture_Soilwater,2.787712778279511
2023-12-29T00:00:00,Middle_Agriculture_Soilwater,2.6305415004515593
2023-12-30T00:00:00,Middle_Agriculture_Soilwater,2.519487350406403
2023-12-31T00:00:00,Middle_Agriculture_Soilwater,2.4271386153657617
2024-01-01T00:00:00,Middle_Agriculture_Soilwater,2.382024753829187
2024-01-02T00:00:00,Middle_Agriculture_Soilwater,2.3262222784462665
2024-01-03T00:00:00,Middle_Agriculture_Soilwater,2.09360005060164
2024-01-04T00:00:00,Middle_Agriculture_Soilwater,2.211040045541472
2024-01-05T00:00:00,Middle_Agriculture_Soilwater,2.202736040987325
2024-01-06T00:00:00,Middle_Agriculture_Soilwater,1.9824624368885908
2024-01-07T00:00:00,Middle_Agriculture_Soilwater,1.7842161931997318
2024-01-08T00:00:00,Middle_Agriculture_Soilwater,1.6057945738797572
2024-01-09T00:00:00,Middle_Agriculture_Soilwater,1.4452151164917817
2024-01-10T00:00:00,Middle_Agriculture_Soilwater,1.3006936048426043
2024-01-11T00:00:00,Middle_Agriculture_Soilwater,1.1706242443583414
2024-01-12T00:00:00,Middle_Agriculture_Soilwater,1.0535618199225065
2024-01-13T00:00:00,Middle_Agriculture_Soilwater,0.9482056379302549
2024-01-14T00:00:00,Middle_Agriculture_Soilwater,0.8533850741372317
2024-01-15T00:00:00,Middle_Agriculture_Soilwater,1.0112465667235122
2024-01-16T00:00:00,Middle_Agriculture_Soilwater,2.1413219100511607
2024-01-17T00:00:00,Middle_Agriculture_Soilwater,1.927189719046046
2024-01-18T00:00:00,Middle_Agriculture_Soilwater,1.856070747141439
2024-01-19T00:00:00,Middle_Agriculture_Soilwater,2.0580636724272976
2024-01-20T00:00:00,Middle_Agriculture_Soilwater,2.0954573051845684
2024-01-21T00:00:00,Middle_Agriculture_Soilwater,2.6459115746661115
2024-01-22T00:00:00,Middle_Agriculture_Soilwater,2.434520417199501
2024-01-23T00:00:00,Middle_Agriculture_Soilwater,2.1910683754795492
2024-01-24T00:00:00,Middle_Agriculture_Soilwater,1.971961537931593
2024-01-25T00:00:00,Middle_Agriculture_Soilwater,1.7747653841384317
2024-01-26T00:00:00,Middle_Agriculture_Soilwater,1.5972888457245882
2024-01-27T00:00:00,Middle_Agriculture_Soilwater,1.4375599611521286
2024-01-28T00:00:00,Middle_Agriculture_Soilwater,1.293803965036914
2024-01-29T00:00:00,Middle_Agriculture_Soilwater,1.1644235685332205
2024-01-30T00:00:00,Middle_Agriculture_Soilwater,1.3443812116798974
2024-01-31T00:00:00,Middle_Agriculture_Soilwater,1.339143090511907
2024-02-01T00:00:00,Middle_Agriculture_Soilwater,1.2052287814607145
2024-02-02T00:00:00,Middle_Agriculture_Soilwater,1.2519059033146416
2024-02-03T00:00:00,Middle_Agriculture_Soilwater,1.1267153129831786
2024-02-04T00:00:00,Middle_Agriculture_Soilwater,1.0140437816848589
2024-02-05T00:00:00,Middle_Agriculture_Soilwater,0.9126394035163732
2024-02-06T00:00:00,Middle_Agriculture_Soilwater,0.8213754631647362
2024-02-07T00:00:00,Middle_Agriculture_Soilwater,0.7392379168482603
2024-02-08T00:00:00,Middle_Agriculture_Soilwater,0.6653141251634361
2024-02-09T00:00:00,Middle_Agriculture_Soilwater,0.5987827126470939
2024-02-10T00:00:00,Middle_Agriculture_Soilwater,0.5389044413823831
2024-02-11T00:00:00,Middle_Agriculture_Soilwater,0.5762139972441446
2024-02-12T00:00:00,Middle_Agriculture_Soilwater,0.6325925975197288
2024-02-13T00:00:00,Middle_Agriculture_Soilwater,0.5693333377677573
2024-02-14T00:00:00,Middle_Agriculture_Soilwater,0.5124000039909834
2024-02-15T00:00:00,Middle_Agriculture_Soilwater,0.6207600035918859
2024-02-16T00:00:00,Middle_Agriculture_Soilwater,0.5586840032326973
2024-02-17T00:00:00,Middle_Agriculture_Soilwater,0.5028156029094272
2024-02-18T00:00:00,Middle_Agriculture_Soilwater,0.45253404261848573
2024-02-19T00:00:00,Middle_Agriculture_Soilwater,0.40728063835663764
2024-02-20T00:00:00,Middle_Agriculture_Soilwater,0.36655257452097434
2024-02-21T00:00:00,Middle_Agriculture_Soilwater,0.329897317068876
2024-02-22T00:00:00,Middle_Agriculture_Soilwater,0.296907585361987
2024-02-23T00:00:00,Middle_Agriculture_Soilwater,0.26721682682578835
2024-02-24T00:00:00,Middle_Agriculture_Soilwater,0.24049514414321038
2024-02-25T00:00:00,Middle_Agriculture_Soilwater,0.3532456297288855
2024-02-26T00:00:00,Middle_Agriculture_Soilwater,0.3179210667559983
2024-02-27T00:00:00,Middle_Agriculture_Soilwater,0.2861289600804003
2024-02-28T00:00:00,Middle_Agriculture_Soilwater,1.2987160640723596
2024-02-29T00:00:00,Middle_Agriculture_Soilwater,1.6172444576651241
2024-03-01T00:00:00,Middle_Agriculture_Soilwater,1.6303200118986116
2024-03-02T00:00:00,Middle_Agriculture_Soilwater,1.5660880107087498
2024-03-03T00:00:00,Middle_Agriculture_Soilwater,1.4094792096378752
2024-03-04T00:00:00,Middle_Agriculture_Soilwater,1.2685312886740896
2024-03-05T00:00:00,Middle_Agriculture_Soilwater,1.1416781598066792
2024-03-06T00:00:00,Middle_Agriculture_Soilwater,1.437910343826011
2024-03-07T00:00:00,Middle_Agriculture_Soilwater,1.810919309443407
2024-03-08T00:00:00,Middle_Agriculture_Soilwater,1.6298273784990671
2024-03-09T00:00:00,Middle_Agriculture_Soilwater,1.5276446406491597
2024-03-10T00:00:00,Middle_Agriculture_Soilwater,1.3748801765842429
2024-03-11T00:00:00,Middle_Agriculture_Soilwater,1.3817921589258186
2024-03-12T00:00:00,Middle_Agriculture_Soilwater,1.2436129430332359
2024-03-13T00:00:00,Middle_Agriculture_Soilwater,1.4992516487299146
2024-03-14T00:00:00,Middle_Agriculture_Soilwater,1.3493264838569212
2024-03-15T00:00:00,Middle_Agriculture_Soilwater,1.2143938354712285
2024-03-16T00:00:00,Middle_Agriculture_Soilwater,1.1689544519241053
2024-03-17T00:00:00,Middle_Agriculture_Soilwater,1.3180590067316964
2024-03-18T00:00:00,Middle_Agriculture_Soilwater,1.2622531060585245
2024-03-19T00:00:00,Middle_Agriculture_Soilwater,1.234827795452675
2024-03-20T00:00:00,Middle_Agriculture_Soilwater,1.2481450159074077
2024-03-21T00:00:00,Middle_Agriculture_Soilwater,1.1233305143166674
2024-03-22T00:00:00,Middle_Agriculture_Soilwater,1.0109974628850025
2024-03-23T00:00:00,Middle_Agriculture_Soilwater,0.9782977165965031
2024-03-24T00:00:00,Middle_Agriculture_Soilwater,0.9488679449368557
2024-03-25T00:00:00,Middle_Agriculture_Soilwater,0.9527811504431702
2024-03-26T00:00:00,Middle_Agriculture_Soilwater,1.062703035398854
2024-03-27T00:00:00,Middle_Agriculture_Soilwater,1.2528327318589665
2024-03-28T00:00:00,Middle_Agriculture_Soilwater,1.4087494586730693
2024-03-29T00:00:00,Middle_Agriculture_Soilwater,1.267874512805761
2024-03-30T00:00:00,Middle_Agriculture_Soilwater,1.1410870615251862
2024-03-31T00:00:00,Middle_Agriculture_Soilwater,1.292978355372666
2024-04-01T00:00:00,Middle_Agriculture_Soilwater,1.2396805198353968
2024-04-02T00:00:00,Middle_Agriculture_Soilwater,1.40451246785186
2024-04-03T00:00:00,Middle_Agriculture_Soilwater,1.2640612210666724
2024-04-04T00:00:00,Middle_Agriculture_Soilwater,1.1376550989600038
2024-04-05T00:00:00,Middle_Agriculture_Soilwater,1.1226895890640027
2024-04-06T00:00:00,Middle_Agriculture_Soilwater,1.0104206301576006
2024-04-07T00:00:00,Middle_Agriculture_Soilwater,0.9093785671418392
2024-04-08T00:00:00,Middle_Agriculture_Soilwater,0.8184407104276534
2024-04-09T00:00:00,Middle_Agriculture_Soilwater,1.070996639384889
2024-04-10T00:00:00,Middle_Agriculture_Soilwater,0.9638969754464007
2024-04-11T00:00:00,Middle_Agriculture_Soilwater,0.8675072779017592
2024-04-12T00:00:00,Middle_Agriculture_Soilwater,0.902356550111581
2024-04-13T00:00:00,Middle_Agriculture_Soilwater,0.8121208951004247
2024-04-14T00:00:00,Middle_Agriculture_Soilwater,0.7309088055903841
2024-04-15T00:00:00,Middle_Agriculture_Soilwater,0.6578179250313452
2024-04-16T00:00:00,Middle_Agriculture_Soilwater,0.6680361325282093
2024-04-17T00:00:00,Middle_Agriculture_Soilwater,1.04203251927539
2024-04-18T00:00:00,Middle_Agriculture_Soilwater,0.9378292673478518
2024-04-19T00:00:00,Middle_Agriculture_Soilwater,0.8440463406130676
2024-04-20T00:00:00,Middle_Agriculture_Soilwater,0.7596417065517609
2024-04-21T00:00:00,Middle_Agriculture_Soilwater,0.7444775358965854
2024-04-22T00:00:00,Middle_Agriculture_Soilwater,0.6700297823069287
2024-04-23T00:00:00,Middle_Agriculture_Soilwater,0.6030268040762349
2024-04-24T00:00:00,Middle_Agriculture_Soilwater,0.5427241236686132
2024-04-25T00:00:00,Middle_Agriculture_Soilwater,0.48845171130175014
2024-04-26T00:00:00,Middle_Agriculture_Soilwater,0.43960654017157597
2024-04-27T00:00:00,Middle_Agriculture_Soilwater,0.3956458861544161
2024-04-28T00:00:00,Middle_Agriculture_Soilwater,0.3560812975389763
2024-04-29T00:00:00,Middle_Agriculture_Soilwater,0.4876731677850785
2024-04-30T00:00:00,Middle_Agriculture_Soilwater,0.43890585100657065
2024-05-01T00:00:00,Middle_Agriculture_Soilwater,0.3950152659059132
2024-05-02T00:00:00,Middle_Agriculture_Soilwater,0.49231373931531835
2024-05-03T00:00:00,Middle_Agriculture_Soilwater,0.4430823653837888
2024-05-04T00:00:00,Middle_Agriculture_Soilwater,0.39877412884541175
2024-05-05T00:00:00,Middle_Agriculture_Soilwater,0.35889671596087286
2024-05-06T00:00:00,Middle_Agriculture_Soilwater,0.3230070443647856
2024-05-07T00:00:00,Middle_Agriculture_Soilwater,0.4199063399283069
2024-05-08T00:00:00,Middle_Agriculture_Soilwater,0.5679157059354748
2024-05-09T00:00:00,Middle_Agriculture_Soilwater,1.0431241353419274
2024-05-10T00:00:00,Middle_Agriculture_Soilwater,1.0908117218077316
2024-05-11T00:00:00,Middle_Agriculture_Soilwater,1.1413305496269597
2024-05-12T00:00:00,Middle_Agriculture_Soilwater,1.027197494664265
2024-05-13T00:00:00,Middle_Agriculture_Soilwater,1.0764777451978353
2024-05-14T00:00:00,Middle_Agriculture_Soilwater,1.1816299706780549
2024-05-15T00:00:00,Middle_Agriculture_Soilwater,1.230666973610246
2024-05-16T00:00:00,Middle_Agriculture_Soilwater,1.2596002762492209
2024-05-17T00:00:00,Middle_Agriculture_Soilwater,1.133640248624297
2024-05-18T00:00:00,Middle_Agriculture_Soilwater,1.0202762237618666
2024-05-19T00:00:00,Middle_Agriculture_Soilwater,0.9182486013856807
2024-05-20T00:00:00,Middle_Agriculture_Soilwater,0.8796237412471147
2024-05-21T00:00:00,Middle_Agriculture_Soilwater,0.844861367122403
2024-05-22T00:00:00,Middle_Agriculture_Soilwater,0.7603752304101636
2024-05-23T00:00:00,Middle_Agriculture_Soilwater,0.6843377073691455
2024-05-24T00:00:00,Middle_Agriculture_Soilwater,0.6159039366322304
2024-05-25T00:00:00,Middle_Agriculture_Soilwater,0.5543135429690075
2024-05-26T00:00:00,Middle_Agriculture_Soilwater,0.4988821886721053
2024-05-27T00:00:00,Middle_Agriculture_Soilwater,0.4489939698048966
2024-05-28T00:00:00,Middle_Agriculture_Soilwater,0.4040945728244061
2024-05-29T00:00:00,Middle_Agriculture_Soilwater,0.3636851155419663
2024-05-30T00:00:00,Middle_Agriculture_Soilwater,0.32731660398776974
2024-05-31T00:00:00,Middle_Agriculture_Soilwater,0.2945849435889932
2024-06-01T00:00:00,Middle_Agriculture_Soilwater,0.2651264492300925
2024-06-02T00:00:00,Middle_Agriculture_Soilwater,0.23861380430708326
2024-06-03T00:00:00,Middle_Agriculture_Soilwater,0.2147524238763754
2024-06-04T00:00:00,Middle_Agriculture_Soilwater,0.1932771814887383
2024-06-05T00:00:00,Middle_Agriculture_Soilwater,0.17394946333986355
2024-06-06T00:00:00,Middle_Agriculture_Soilwater,0.1565545170058795
2024-06-07T00:00:00,Middle_Agriculture_Soilwater,0.14089906530529336
2024-06-08T00:00:00,Middle_Agriculture_Soilwater,0.12680915877476312
2024-06-09T00:00:00,Middle_Agriculture_Soilwater,0.11412824289728635
2024-06-10T00:00:00,Middle_Agriculture_Soilwater,0.10271541860755862
2024-06-11T00:00:00,Middle_Agriculture_Soilwater,0.09244387674680184
2024-06-12T00:00:00,Middle_Agriculture_Soilwater,0.08319948907212166
2024-06-13T00:00:00,Middle_Agriculture_Soilwater,0.07487954016491132
2024-06-14T00:00:00,Middle_Agriculture_Soilwater,0.06739158614841927
2024-06-15T00:00:00,Middle_Agriculture_Soilwater,0.0606524275335778
2024-06-16T00:00:00,Middle_Agriculture_Soilwater,0.054587184780220926
2024-06-17T00:00:00,Middle_Agriculture_Soilwater,0.04912846630219975
2024-06-18T00:00:00,Middle_Agriculture_Soilwater,0.04421561967198159
2024-06-19T00:00:00,Middle_Agriculture_Soilwater,0.039794057704784794
2024-06-20T00:00:00,Middle_Agriculture_Soilwater,0.035814651934306316
2024-06-21T00:00:00,Middle_Agriculture_Soilwater,0.0322331867408775
2024-06-22T00:00:00,Middle_Agriculture_Soilwater,0.029009868066791573
2024-06-23T00:00:00,Middle_Agriculture_Soilwater,0.02610888126011105
2024-06-24T00:00:00,Middle_Agriculture_Soilwater,0.023497993134101308
2024-06-25T00:00:00,Middle_Agriculture_Soilwater,0.021148193820690723
2024-06-26T00:00:00,Middle_Agriculture_Soilwater,0.01903337443862256
2024-06-27T00:00:00,Middle_Agriculture_Soilwater,0.017130036994758485
2024-06-28T00:00:00,Middle_Agriculture_Soilwater,0.015417033295284455
2024-06-29T00:00:00,Middle_Agriculture_Soilwater,0.013875329965758285
2024-06-30T00:00:00,Middle_Agriculture_Soilwater,0.012487796969180637
2024-07-01T00:00:00,Middle_Agriculture_Soilwater,0.011239017272264392
2024-07-02T00:00:00,Middle_Agriculture_Soilwater,0.010115115545036135
2024-07-03T00:00:00,Middle_Agriculture_Soilwater,0.009103603990533884
2024-07-04T00:00:00,Middle_Agriculture_Soilwater,0.008193243591481407
2024-07-05T00:00:00,Middle_Agriculture_Soilwater,0.007373919232331901
2024-07-06T00:00:00,Middle_Agriculture_Soilwater,0.006636527309096892
2024-07-07T00:00:00,Middle_Agriculture_Soilwater,0.005972874578187657
2024-07-08T00:00:00,Middle_Agriculture_Soilwater,0.0053755871203702565
2024-07-09T00:00:00,Middle_Agriculture_Soilwater,0.004838028408335049
2024-07-10T00:00:00,Middle_Agriculture_Soilwater,0.004354225567503818
2024-07-11T00:00:00,Middle_Agriculture_Soilwater,0.003918803010751618
2024-07-12T00:00:00,Middle_Agriculture_Soilwater,0.0035269227096750913
2024-07-13T00:00:00,Middle_Agriculture_Soilwater,0.9455742304387059
2024-07-14T00:00:00,Middle_Agriculture_Soilwater,1.1550168073948364
2024-07-15T00:00:00,Middle_Agriculture_Soilwater,1.0395151266553513
2024-07-16T00:00:00,Middle_Agriculture_Soilwater,1.1787636139898179
2024-07-17T00:00:00,Middle_Agriculture_Soilwater,1.3800872525908383
2024-07-18T00:00:00,Middle_Agriculture_Soilwater,1.3560785273317562
2024-07-19T00:00:00,Middle_Agriculture_Soilwater,1.836070674598582
2024-07-20T00:00:00,Middle_Agriculture_Soilwater,1.766463607138726
2024-07-21T00:00:00,Middle_Agriculture_Soilwater,1.5898172464248548
2024-07-22T00:00:00,Middle_Agriculture_Soilwater,1.4308355217823694
2024-07-23T00:00:00,Middle_Agriculture_Soilwater,1.4549519696041309
2024-07-24T00:00:00,Middle_Agriculture_Soilwater,1.3094567726437163
2024-07-25T00:00:00,Middle_Agriculture_Soilwater,1.1785110953793447
2024-07-26T00:00:00,Middle_Agriculture_Soilwater,1.060659985841412
2024-07-27T00:00:00,Middle_Agriculture_Soilwater,0.9545939872572717
2024-07-28T00:00:00,Middle_Agriculture_Soilwater,0.8591345885315423
2024-07-29T00:00:00,Middle_Agriculture_Soilwater,0.7732211296783863
2024-07-30T00:00:00,Middle_Agriculture_Soilwater,0.6958990167105459
2024-07-31T00:00:00,Middle_Agriculture_Soilwater,0.6263091150394895
2024-08-01T00:00:00,Middle_Agriculture_Soilwater,0.5636782035355419
2024-08-02T00:00:00,Middle_Agriculture_Soilwater,0.5073103831819891
2024-08-03T00:00:00,Middle_Agriculture_Soilwater,0.4565793448637897
2024-08-04T00:00:00,Middle_Agriculture_Soilwater,0.4109214103774093
2024-08-05T00:00:00,Middle_Agriculture_Soilwater,0.3698292693396707
2024-08-06T00:00:00,Middle_Agriculture_Soilwater,0.33284634240570543
2024-08-07T00:00:00,Middle_Agriculture_Soilwater,0.29956170816513356
2024-08-08T00:00:00,Middle_Agriculture_Soilwater,0.4216055373486188
2024-08-09T00:00:00,Middle_Agriculture_Soilwater,0.6074449836137593
2024-08-10T00:00:00,Middle_Agriculture_Soilwater,0.6303004852523828
2024-08-11T00:00:00,Middle_Agriculture_Soilwater,0.5672704367271445
2024-08-12T00:00:00,Middle_Agriculture_Soilwater,0.5105433930544314
2024-08-13T00:00:00,Middle_Agriculture_Soilwater,0.45948905374898913
2024-08-14T00:00:00,Middle_Agriculture_Soilwater,0.5655401483740888
2024-08-15T00:00:00,Middle_Agriculture_Soilwater,0.5089861335366823
2024-08-16T00:00:00,Middle_Agriculture_Soilwater,0.45808752018301224
2024-08-17T00:00:00,Middle_Agriculture_Soilwater,0.4122787681647106
2024-08-18T00:00:00,Middle_Agriculture_Soilwater,0.3710508913482409
2024-08-19T00:00:00,Middle_Agriculture_Soilwater,0.45554580221341445
2024-08-20T00:00:00,Middle_Agriculture_Soilwater,0.4099912219920725
2024-08-21T00:00:00,Middle_Agriculture_Soilwater,0.5057920997928659
2024-08-22T00:00:00,Middle_Agriculture_Soilwater,0.4552128898135789
2024-08-23T00:00:00,Middle_Agriculture_Soilwater,0.40969160083222056
2024-08-24T00:00:00,Middle_Agriculture_Soilwater,0.36872244074899757
2024-08-25T00:00:00,Middle_Agriculture_Soilwater,0.33185019667409965
2024-08-26T00:00:00,Middle_Agriculture_Soilwater,0.48866517700668743
2024-08-27T00:00:00,Middle_Agriculture_Soilwater,0.5537986593060215
2024-08-28T00:00:00,Middle_Agriculture_Soilwater,0.4984187933754175
2024-08-29T00:00:00,Middle_Agriculture_Soilwater,0.5625769140378771
2024-08-30T00:00:00,Middle_Agriculture_Soilwater,0.506319222634088
2024-08-31T00:00:00,Middle_Agriculture_Soilwater,0.45568730037067784
2024-09-01T00:00:00,Middle_Agriculture_Soilwater,0.744518570333612
2024-09-02T00:00:00,Middle_Agriculture_Soilwater,0.6700667133002526
2024-09-03T00:00:00,Middle_Agriculture_Soilwater,0.6030600419702297
2024-09-04T00:00:00,Middle_Agriculture_Soilwater,0.5427540377732066
2024-09-05T00:00:00,Middle_Agriculture_Soilwater,0.48847863399588737
2024-09-06T00:00:00,Middle_Agriculture_Soilwater,0.43963077059629996
2024-09-07T00:00:00,Middle_Agriculture_Soilwater,0.3956676935366705
2024-09-08T00:00:00,Middle_Agriculture_Soilwater,0.3561009241830016
2024-09-09T00:00:00,Middle_Agriculture_Soilwater,0.9132908317647026
2024-09-10T00:00:00,Middle_Agriculture_Soilwater,1.3463617485882333
2024-09-11T00:00:00,Middle_Agriculture_Soilwater,1.2117255737294093
2024-09-12T00:00:00,Middle_Agriculture_Soilwater,1.0905530163564663
2024-09-13T00:00:00,Middle_Agriculture_Soilwater,1.5210977147208178
2024-09-14T00:00:00,Middle_Agriculture_Soilwater,1.5361879432487333
2024-09-15T00:00:00,Middle_Agriculture_Soilwater,1.7245691489238564
2024-09-16T00:00:00,Middle_Agriculture_Soilwater,1.55211223403147
2024-09-17T00:00:00,Middle_Agriculture_Soilwater,1.3969010106283215
2024-09-18T00:00:00,Middle_Agriculture_Soilwater,1.257210909565488
2024-09-19T00:00:00,Middle_Agriculture_Soilwater,1.3138898186089365
2024-09-20T00:00:00,Middle_Agriculture_Soilwater,1.1825008367480405
2024-09-21T00:00:00,Middle_Agriculture_Soilwater,1.0642507530732384
2024-09-22T00:00:00,Middle_Agriculture_Soilwater,0.9578256777659135
2024-09-23T00:00:00,Middle_Agriculture_Soilwater,0.8620431099893223
2024-09-24T00:00:00,Middle_Agriculture_Soilwater,0.7758387989903895
2024-09-25T00:00:00,Middle_Agriculture_Soilwater,1.1694549190913495
2024-09-26T00:00:00,Middle_Agriculture_Soilwater,1.0525094271822126
2024-09-27T00:00:00,Middle_Agriculture_Soilwater,0.9472584844639915
2024-09-28T00:00:00,Middle_Agriculture_Soilwater,0.8525326360175906
2024-09-29T00:00:00,Middle_Agriculture_Soilwater,0.7672793724158329
2024-09-30T00:00:00,Middle_Agriculture_Soilwater,0.6905514351742478
2024-10-01T00:00:00,Middle_Agriculture_Soilwater,0.6214962916568221
2024-10-02T00:00:00,Middle_Agriculture_Soilwater,0.559346662491139
2024-10-03T00:00:00,Middle_Agriculture_Soilwater,0.5034119962420255
2024-10-04T00:00:00,Middle_Agriculture_Soilwater,0.45307079661782157
2024-10-05T00:00:00,Middle_Agriculture_Soilwater,0.4077637169560376
2024-10-06T00:00:00,Middle_Agriculture_Soilwater,0.3669873452604316
2024-10-07T00:00:00,Middle_Agriculture_Soilwater,0.33028861073438753
2024-10-08T00:00:00,Middle_Agriculture_Soilwater,0.29725974966094787
2024-10-09T00:00:00,Middle_Agriculture_Soilwater,0.37393377469485134
2024-10-10T00:00:00,Middle_Agriculture_Soilwater,1.0205403972253682
2024-10-11T00:00:00,Middle_Agriculture_Soilwater,0.9184863575028294
2024-10-12T00:00:00,Middle_Agriculture_Soilwater,0.8266377217525451
2024-10-13T00:00:00,Middle_Agriculture_Soilwater,0.7439739495772892
2024-10-14T00:00:00,Middle_Agriculture_Soilwater,0.6695765546195617
2024-10-15T00:00:00,Middle_Agriculture_Soilwater,0.6026188991576056
2024-10-16T00:00:00,Middle_Agriculture_Soilwater,0.5423570092418458
2024-10-17T00:00:00,Middle_Agriculture_Soilwater,0.488121308317659
2024-10-18T00:00:00,Middle_Agriculture_Soilwater,0.4393091774858931
2024-10-19T00:00:00,Middle_Agriculture_Soilwater,0.39537825973730384
2024-10-20T00:00:00,Middle_Agriculture_Soilwater,0.3558404337635739
2024-10-21T00:00:00,Middle_Agriculture_Soilwater,0.320256390387217
2024-10-22T00:00:00,Middle_Agriculture_Soilwater,0.2882307513484966
2024-10-23T00:00:00,Middle_Agriculture_Soilwater,0.25940767621364563
2024-10-24T00:00:00,Middle_Agriculture_Soilwater,0.2334669085922815
2024-10-25T00:00:00,Middle_Agriculture_Soilwater,0.2101202177330515
2024-10-26T00:00:00,Middle_Agriculture_Soilwater,0.18910819595974773
2024-10-27T00:00:00,Middle_Agriculture_Soilwater,0.1701973763637716
2024-10-28T00:00:00,Middle_Agriculture_Soilwater,0.22917763872739216
2024-10-29T00:00:00,Middle_Agriculture_Soilwater,0.2062598748546543
2024-10-30T00:00:00,Middle_Agriculture_Soilwater,1.7664338873691898
2024-10-31T00:00:00,Middle_Agriculture_Soilwater,1.9165904986322677
2024-11-01T00:00:00,Middle_Agriculture_Soilwater,1.9225314487690413
2024-11-02T00:00:00,Middle_Agriculture_Soilwater,1.7302783038921374
2024-11-03T00:00:00,Middle_Agriculture_Soilwater,1.6636504735029214
2024-11-04T00:00:00,Middle_Agriculture_Soilwater,1.4972854261526303
2024-11-05T00:00:00,Middle_Agriculture_Soilwater,1.347556883537368
2024-11-06T00:00:00,Middle_Agriculture_Soilwater,1.212801195183629
2024-11-07T00:00:00,Middle_Agriculture_Soilwater,1.0915210756652642
2024-11-08T00:00:00,Middle_Agriculture_Soilwater,2.335168968098738
2024-11-09T00:00:00,Middle_Agriculture_Soilwater,2.1016520712888638
2024-11-10T00:00:00,Middle_Agriculture_Soilwater,1.891486864159979
2024-11-11T00:00:00,Middle_Agriculture_Soilwater,2.6903381777439836
2024-11-12T00:00:00,Middle_Agriculture_Soilwater,2.421304359969586
2024-11-13T00:00:00,Middle_Agriculture_Soilwater,2.179173923972626
2024-11-14T00:00:00,Middle_Agriculture_Soilwater,2.1056565315753644
2024-11-15T00:00:00,Middle_Agriculture_Soilwater,1.8950908784178275
2024-11-16T00:00:00,Middle_Agriculture_Soilwater,1.8043817905760446
2024-11-17T00:00:00,Middle_Agriculture_Soilwater,1.6239436115184391
2024-11-18T00:00:00,Middle_Agriculture_Soilwater,1.9783492503665958
2024-11-19T00:00:00,Middle_Agriculture_Soilwater,1.7805143253299367
2024-11-20T00:00:00,Middle_Agriculture_Soilwater,1.6024628927969435
2024-11-21T00:00:00,Middle_Agriculture_Soilwater,1.4422166035172497
2024-11-22T00:00:00,Middle_Agriculture_Soilwater,1.2979949431655224
2024-11-23T00:00:00,Middle_Agriculture_Soilwater,1.1681954488489692
2024-11-24T00:00:00,Middle_Agriculture_Soilwater,1.0513759039640718
2024-11-25T00:00:00,Middle_Agriculture_Soilwater,0.9462383135676646
2024-11-26T00:00:00,Middle_Agriculture_Soilwater,0.8516144822108983
2024-11-27T00:00:00,Middle_Agriculture_Soilwater,0.7664530339898102
2024-11-28T00:00:00,Middle_Agriculture_Soilwater,0.6898077305908283
2024-11-29T00:00:00,Middle_Agriculture_Soilwater,0.6208269575317445
2024-11-30T00:00:00,Middle_Agriculture_Soilwater,0.7791442617785698
2024-12-01T00:00:00,Middle_Agriculture_Soilwater,1.3016298356007112
2024-12-02T00:00:00,Middle_Agriculture_Soilwater,1.2854668520406405
2024-12-03T00:00:00,Middle_Agriculture_Soilwater,1.2709201668365768
2024-12-04T00:00:00,Middle_Agriculture_Soilwater,1.1438281501529175
2024-12-05T00:00:00,Middle_Agriculture_Soilwater,1.0294453351376252
2024-12-06T00:00:00,Middle_Agriculture_Soilwater,0.926500801623861
2024-12-07T00:00:00,Middle_Agriculture_Soilwater,0.8338507214614765
2024-12-08T00:00:00,Middle_Agriculture_Soilwater,0.7504656493153289
2024-12-09T00:00:00,Middle_Agriculture_Soilwater,0.6754190843837979
2024-12-10T00:00:00,Middle_Agriculture_Soilwater,0.6078771759454185
2024-12-11T00:00:00,Middle_Agriculture_Soilwater,0.5470894583508744
2024-12-12T00:00:00,Middle_Agriculture_Soilwater,0.49238051251578785
2024-12-13T00:00:00,Middle_Agriculture_Soilwater,0.4431424612642104
2024-12-14T00:00:00,Middle_Agriculture_Soilwater,0.39882821513779165
2024-12-15T00:00:00,Middle_Agriculture_Soilwater,0.3589453936240125
2024-12-16T00:00:00,Middle_Agriculture_Soilwater,0.8854508542616077
2024-12-17T00:00:00,Middle_Agriculture_Soilwater,1.3365057688354456
2024-12-18T00:00:00,Middle_Agriculture_Soilwater,1.5600551919519015
2024-12-19T00:00:00,Middle_Agriculture_Soilwater,1.4040496727567098
2024-12-20T00:00:00,Middle_Agriculture_Soilwater,1.567644705481039
2024-12-21T00:00:00,Middle_Agriculture_Soilwater,1.4108802349329337
2024-12-22T00:00:00,Middle_Agriculture_Soilwater,1.2697922114396398
2024-12-23T00:00:00,Middle_Agriculture_Soilwater,1.2492129902956732
2024-12-24T00:00:00,Middle_Agriculture_Soilwater,1.2458916912661062
2024-12-25T00:00:00,Middle_Agriculture_Soilwater,1.1213025221394948
2024-12-26T00:00:00,Middle_Agriculture_Soilwater,1.0091722699255434
2024-12-27T00:00:00,Middle_Agriculture_Soilwater,0.9082550429329876
2024-12-28T00:00:00,Middle_Agriculture_Soilwater,0.9998295386396876
2024-12-29T00:00:00,Middle_Agriculture_Soilwater,0.8998465847757189
2024-12-30T00:00:00,Middle_Agriculture_Soilwater,0.8098619262981448
2024-12-31T00:00:00,Middle_Agriculture_Soilwater,0.7288757336683285
2025-01-01T00:00:00,Middle_Agriculture_Soilwater,0.6559881603014948
2025-01-02T00:00:00,Middle_Agriculture_Soilwater,0.5903893442713434
2025-01-03T00:00:00,Middle_Agriculture_Soilwater,0.5313504098442081
2025-01-04T00:00:00,Middle_Agriculture_Soilwater,0.4782153688597873
2025-01-05T00:00:00,Middle_Agriculture_Soilwater,0.954793831973807
2025-01-06T00:00:00,Middle_Agriculture_Soilwater,0.8593144487764267
2025-01-07T00:00:00,Middle_Agriculture_Soilwater,0.7733830038987844
2025-01-08T00:00:00,Middle_Agriculture_Soilwater,1.1672447035089044
2025-01-09T00:00:00,Middle_Agriculture_Soilwater,1.0505202331580132
2025-01-10T00:00:00,Middle_Agriculture_Soilwater,0.945468209842211
2025-01-11T00:00:00,Middle_Agriculture_Soilwater,0.8509213888579916
2025-01-12T00:00:00,Middle_Agriculture_Soilwater,0.7658292499721938
2025-01-13T00:00:00,Middle_Agriculture_Soilwater,0.6892463249749745
2025-01-14T00:00:00,Middle_Agriculture_Soilwater,0.6203216924774779
2025-01-15T00:00:00,Middle_Agriculture_Soilwater,0.5582895232297325
2025-01-16T00:00:00,Middle_Agriculture_Soilwater,0.5024605709067601
2025-01-17T00:00:00,Middle_Agriculture_Soilwater,1.4478145138160836
2025-01-18T00:00:00,Middle_Agriculture_Soilwater,1.3030330624344744
2025-01-19T00:00:00,Middle_Agriculture_Soilwater,1.172729756191029
2025-01-20T00:00:00,Middle_Agriculture_Soilwater,1.0554567805719264
2025-01-21T00:00:00,Middle_Agriculture_Soilwater,0.9499111025147342
2025-01-22T00:00:00,Middle_Agriculture_Soilwater,1.2881199922632642
2025-01-23T00:00:00,Middle_Agriculture_Soilwater,1.2885079930369376
2025-01-24T00:00:00,Middle_Agriculture_Soilwater,1.159657193733242
2025-01-25T00:00:00,Middle_Agriculture_Soilwater,1.2412914743599188
2025-01-26T00:00:00,Middle_Agriculture_Soilwater,1.1171623269239264
2025-01-27T00:00:00,Middle_Agriculture_Soilwater,1.1726460942315318
2025-01-28T00:00:00,Middle_Agriculture_Soilwater,2.1345814848083777
2025-01-29T00:00:00,Middle_Agriculture_Soilwater,1.9211233363275415
2025-01-30T00:00:00,Middle_Agriculture_Soilwater,1.729011002694788
2025-01-31T00:00:00,Middle_Agriculture_Soilwater,1.6625099024253087
2025-02-01T00:00:00,Middle_Agriculture_Soilwater,1.6254589121827803
2025-02-02T00:00:00,Middle_Agriculture_Soilwater,1.462913020964502
2025-02-03T00:00:00,Middle_Agriculture_Soilwater,1.9778217188680494
2025-02-04T00:00:00,Middle_Agriculture_Soilwater,2.464039546981244
2025-02-05T00:00:00,Middle_Agriculture_Soilwater,2.47603559228312
2025-02-06T00:00:00,Middle_Agriculture_Soilwater,2.3348320330548042
2025-02-07T00:00:00,Middle_Agriculture_Soilwater,2.3141488297493242
2025-02-08T00:00:00,Middle_Agriculture_Soilwater,2.082733946774393
2025-02-09T00:00:00,Middle_Agriculture_Soilwater,2.642060552096955
2025-02-10T00:00:00,Middle_Agriculture_Soilwater,2.4994544968872563
2025-02-11T00:00:00,Middle_Agriculture_Soilwater,2.2495090471985306
2025-02-12T00:00:00,Middle_Agriculture_Soilwater,2.244958142478677
2025-02-13T00:00:00,Middle_Agriculture_Soilwater,2.0204623282308107
2025-02-14T00:00:00,Middle_Agriculture_Soilwater,1.8640160954077285
2025-02-15T00:00:00,Middle_Agriculture_Soilwater,1.8752144858669593
2025-02-16T00:00:00,Middle_Agriculture_Soilwater,1.6876930372802645
2025-02-17T00:00:00,Middle_Agriculture_Soilwater,1.5189237335522376
2025-02-18T00:00:00,Middle_Agriculture_Soilwater,1.4658313601970168
2025-02-19T00:00:00,Middle_Agriculture_Soilwater,1.3192482241773134
2025-02-20T00:00:00,Middle_Agriculture_Soilwater,1.32412340175958
2025-02-21T00:00:00,Middle_Agriculture_Soilwater,1.275311061583625
2025-02-22T00:00:00,Middle_Agriculture_Soilwater,1.1477799554252626
2025-02-23T00:00:00,Middle_Agriculture_Soilwater,1.0330019598827358
2025-02-24T00:00:00,Middle_Agriculture_Soilwater,0.9297017638944637
2025-02-25T00:00:00,Middle_Agriculture_Soilwater,0.8367315875050191
2025-02-26T00:00:00,Middle_Agriculture_Soilwater,0.8518584287545172
2025-02-27T00:00:00,Middle_Agriculture_Soilwater,0.7666725858790642
2025-02-28T00:00:00,Middle_Agriculture_Soilwater,0.6900053272911556
2025-03-01T00:00:00,Middle_Agriculture_Soilwater,0.6210047945620409
2025-03-02T00:00:00,Middle_Agriculture_Soilwater,0.5589043151058377
2025-03-03T00:00:00,Middle_Agriculture_Soilwater,0.5030138835952539
2025-03-04T00:00:00,Middle_Agriculture_Soilwater,0.4527124952357281
2025-03-05T00:00:00,Middle_Agriculture_Soilwater,0.8558412457121586
2025-03-06T00:00:00,Middle_Agriculture_Soilwater,0.7702571211409441
2025-03-07T00:00:00,Middle_Agriculture_Soilwater,1.004831409026847
2025-03-08T00:00:00,Middle_Agriculture_Soilwater,1.0563482681241614
2025-03-09T00:00:00,Middle_Agriculture_Soilwater,0.9507134413117456
2025-03-10T00:00:00,Middle_Agriculture_Soilwater,0.8556420971805712
2025-03-11T00:00:00,Middle_Agriculture_Soilwater,0.8536778874625134
2025-03-12T00:00:00,Middle_Agriculture_Soilwater,0.7683100987162608
2025-03-13T00:00:00,Middle_Agriculture_Soilwater,0.6914790888446352
2025-03-14T00:00:00,Middle_Agriculture_Soilwater,0.6223311799601698
2025-03-15T00:00:00,Middle_Agriculture_Soilwater,0.5600980619641541
2025-03-16T00:00:00,Middle_Agriculture_Soilwater,0.7168882557677398
2025-03-17T00:00:00,Middle_Agriculture_Soilwater,0.7515994301909633
2025-03-18T00:00:00,Middle_Agriculture_Soilwater,0.6764394871718651
2025-03-19T00:00:00,Middle_Agriculture_Soilwater,0.6087955384546786
2025-03-20T00:00:00,Middle_Agriculture_Soilwater,0.5479159846092125
2025-03-21T00:00:00,Middle_Agriculture_Soilwater,0.7135243861482924
2025-03-22T00:00:00,Middle_Agriculture_Soilwater,0.6421719475334613
2025-03-23T00:00:00,Middle_Agriculture_Soilwater,0.7223547527801157
2025-03-24T00:00:00,Middle_Agriculture_Soilwater,0.6501192775021036
2025-03-25T00:00:00,Middle_Agriculture_Soilwater,0.7979073497518949
2025-03-26T00:00:00,Middle_Agriculture_Soilwater,0.8169166147767056
2025-03-27T00:00:00,Middle_Agriculture_Soilwater,1.0544249532990353
2025-03-28T00:00:00,Middle_Agriculture_Soilwater,1.1465824579691344
2025-03-29T00:00:00,Middle_Agriculture_Soilwater,1.5867242121722214
2025-03-30T00:00:00,Middle_Agriculture_Soilwater,1.428051790955001
2025-03-31T00:00:00,Middle_Agriculture_Soilwater,1.2852466118595023
2025-04-01T00:00:00,Middle_Agriculture_Soilwater,1.1567219506735502
2025-04-02T00:00:00,Middle_Agriculture_Soilwater,1.0410497556061955
2025-04-03T00:00:00,Middle_Agriculture_Soilwater,0.9369447800455784
2025-04-04T00:00:00,Middle_Agriculture_Soilwater,0.8964503020410212
2025-04-05T00:00:00,Middle_Agriculture_Soilwater,0.8904052718369213
2025-04-06T00:00:00,Middle_Agriculture_Soilwater,1.07496474465323
2025-04-07T00:00:00,Middle_Agriculture_Soilwater,1.0206682701879073
2025-04-08T00:00:00,Middle_Agriculture_Soilwater,1.0326014431691193
2025-04-09T00:00:00,Middle_Agriculture_Soilwater,1.0889412988522054
2025-04-10T00:00:00,Middle_Agriculture_Soilwater,1.0256471689669844
2025-04-11T00:00:00,Middle_Agriculture_Soilwater,1.8122824520702854
2025-04-12T00:00:00,Middle_Agriculture_Soilwater,1.8134542068632529
2025-04-13T00:00:00,Middle_Agriculture_Soilwater,1.7233087861769265
2025-04-14T00:00:00,Middle_Agriculture_Soilwater,1.5509779075592363
2025-04-15T00:00:00,Middle_Agriculture_Soilwater,1.3958801168033144
2025-04-16T00:00:00,Middle_Agriculture_Soilwater,1.2562921051229843
2025-04-17T00:00:00,Middle_Agriculture_Soilwater,1.199062894610688
2025-04-18T00:00:00,Middle_Agriculture_Soilwater,1.0791566051496193
2025-04-19T00:00:00,Middle_Agriculture_Soilwater,0.9712409446346556
2025-04-20T00:00:00,Middle_Agriculture_Soilwater,0.8741168501711901
2025-04-21T00:00:00,Middle_Agriculture_Soilwater,0.7867051651540715
2025-04-22T00:00:00,Middle_Agriculture_Soilwater,0.7080346486386635
2025-04-23T00:00:00,Middle_Agriculture_Soilwater,0.6372311837747976
2025-04-24T00:00:00,Middle_Agriculture_Soilwater,0.5735080653973182
2025-04-25T00:00:00,Middle_Agriculture_Soilwater,0.5161572588575883
2025-04-26T00:00:00,Middle_Agriculture_Soilwater,0.4645415329718299
2025-04-27T00:00:00,Middle_Agriculture_Soilwater,0.41808737967464826
2025-04-28T00:00:00,Middle_Agriculture_Soilwater,0.3762786417071857
2025-04-29T00:00:00,Middle_Agriculture_Soilwater,0.40705077753646957
2025-04-30T00:00:00,Middle_Agriculture_Soilwater,0.36634569978282344
2025-05-01T00:00:00,Middle_Agriculture_Soilwater,0.32971112980454115
2025-05-02T00:00:00,Middle_Agriculture_Soilwater,0.29674001682408746
2025-05-03T00:00:00,Middle_Agriculture_Soilwater,0.6546660151416792
2025-05-04T00:00:00,Middle_Agriculture_Soilwater,0.5891994136275116
2025-05-05T00:00:00,Middle_Agriculture_Soilwater,0.6138794722647618
2025-05-06T00:00:00,Middle_Agriculture_Soilwater,0.5524915250382856
2025-05-07T00:00:00,Middle_Agriculture_Soilwater,0.49724237253445613
2025-05-08T00:00:00,Middle_Agriculture_Soilwater,0.44751813528101136
2025-05-09T00:00:00,Middle_Agriculture_Soilwater,0.4027663217529107
2025-05-10T00:00:00,Middle_Agriculture_Soilwater,1.0464896895776201
2025-05-11T00:00:00,Middle_Agriculture_Soilwater,1.0178407206198565
2025-05-12T00:00:00,Middle_Agriculture_Soilwater,1.0072566485578685
2025-05-13T00:00:00,Middle_Agriculture_Soilwater,1.0585309837020807
2025-05-14T00:00:00,Middle_Agriculture_Soilwater,1.028677885331872
2025-05-15T00:00:00,Middle_Agriculture_Soilwater,0.9258100967986866
2025-05-16T00:00:00,Middle_Agriculture_Soilwater,1.015629087118814
2025-05-17T00:00:00,Middle_Agriculture_Soilwater,0.9140661784069336
2025-05-18T00:00:00,Middle_Agriculture_Soilwater,0.9898595605662378
2025-05-19T00:00:00,Middle_Agriculture_Soilwater,0.9516736045096151
2025-05-20T00:00:00,Middle_Agriculture_Soilwater,0.8565062440586554
2025-05-21T00:00:00,Middle_Agriculture_Soilwater,0.7708556196527889
2025-05-22T00:00:00,Middle_Agriculture_Soilwater,0.9825700576875125
2025-05-23T00:00:00,Middle_Agriculture_Soilwater,1.0667130519187595
2025-05-24T00:00:00,Middle_Agriculture_Soilwater,1.8112417467268824
2025-05-25T00:00:00,Middle_Agriculture_Soilwater,1.630117572054196
2025-05-26T00:00:00,Middle_Agriculture_Soilwater,1.4671058148487783
2025-05-27T00:00:00,Middle_Agriculture_Soilwater,1.320395233363902
2025-05-28T00:00:00,Middle_Agriculture_Soilwater,1.188355710027513
2025-05-29T00:00:00,Middle_Agriculture_Soilwater,1.0695201390247622
2025-05-30T00:00:00,Middle_Agriculture_Soilwater,1.1373681251222842
2025-05-31T00:00:00,Middle_Agriculture_Soilwater,1.023631312610055
2025-06-01T00:00:00,Middle_Agriculture_Soilwater,0.9212681813490509
2025-06-02T00:00:00,Middle_Agriculture_Soilwater,1.1255413632141427
2025-06-03T00:00:00,Middle_Agriculture_Soilwater,1.0129872268927285
2025-06-04T00:00:00,Middle_Agriculture_Soilwater,0.9116885042034574
2025-06-05T00:00:00,Middle_Agriculture_Soilwater,0.8205196537831126
2025-06-06T00:00:00,Middle_Agriculture_Soilwater,0.7384676884048031
2025-06-07T00:00:00,Middle_Agriculture_Soilwater,0.6646209195643223
2025-06-08T00:00:00,Middle_Agriculture_Soilwater,0.5981588276078902
2025-06-09T00:00:00,Middle_Agriculture_Soilwater,0.5383429448470998
2025-06-10T00:00:00,Middle_Agriculture_Soilwater,0.6365086503623889
2025-06-11T00:00:00,Middle_Agriculture_Soilwater,0.5728577853261505
2025-06-12T00:00:00,Middle_Agriculture_Soilwater,0.5155720067935363
2025-06-13T00:00:00,Middle_Agriculture_Soilwater,0.46401480611418267
2025-06-14T00:00:00,Middle_Agriculture_Soilwater,1.7172133255027668
2025-06-15T00:00:00,Middle_Agriculture_Soilwater,1.5454919929524886
2025-06-16T00:00:00,Middle_Agriculture_Soilwater,1.6265427936572405
2025-06-17T00:00:00,Middle_Agriculture_Soilwater,1.4638885142915161
2025-06-18T00:00:00,Middle_Agriculture_Soilwater,1.317499662862365
2025-06-19T00:00:00,Middle_Agriculture_Soilwater,2.0293496965761277
2025-06-20T00:00:00,Middle_Agriculture_Soilwater,1.9176147269185142
2025-06-21T00:00:00,Middle_Agriculture_Soilwater,1.7258532542266634
2025-06-22T00:00:00,Middle_Agriculture_Soilwater,1.553267928803998
2025-06-23T00:00:00,Middle_Agriculture_Soilwater,1.3979411359235976
2025-06-24T00:00:00,Middle_Agriculture_Soilwater,1.2581470223312365
2025-06-25T00:00:00,Middle_Agriculture_Soilwater,1.2463323200981131
2025-06-26T00:00:00,Middle_Agriculture_Soilwater,1.121699088088303
2025-06-27T00:00:00,Middle_Agriculture_Soilwater,1.0095291792794707
2025-06-28T00:00:00,Middle_Agriculture_Soilwater,0.9085762613515227
2025-06-29T00:00:00,Middle_Agriculture_Soilwater,0.81771863521637
2025-06-30T00:00:00,Middle_Agriculture_Soilwater,0.7359467716947348
2025-07-01T00:00:00,Middle_Agriculture_Soilwater,0.6623520945252631
2025-07-02T00:00:00,Middle_Agriculture_Soilwater,0.5961168850727382
2025-07-03T00:00:00,Middle_Agriculture_Soilwater,0.5365051965654629
2025-07-04T00:00:00,Middle_Agriculture_Soilwater,0.48285467690891903
2025-07-05T00:00:00,Middle_Agriculture_Soilwater,0.4345692092180253
2025-07-06T00:00:00,Middle_Agriculture_Soilwater,0.3911122882962218
2025-07-07T00:00:00,Middle_Agriculture_Soilwater,0.6560010594666029
2025-07-08T00:00:00,Middle_Agriculture_Soilwater,1.2364009535199423
2025-07-09T00:00:00,Middle_Agriculture_Soilwater,1.963960858167948
2025-07-10T00:00:00,Middle_Agriculture_Soilwater,1.767564772351152
2025-07-11T00:00:00,Middle_Agriculture_Soilwater,1.5908082951160352
2025-07-12T00:00:00,Middle_Agriculture_Soilwater,1.4317274656044312
2025-07-13T00:00:00,Middle_Agriculture_Soilwater,1.425354719043985
2025-07-14T00:00:00,Middle_Agriculture_Soilwater,1.282819247139587
2025-07-15T00:00:00,Middle_Agriculture_Soilwater,1.1545373224256266
2025-07-16T00:00:00,Middle_Agriculture_Soilwater,1.0390835901830635
2025-07-17T00:00:00,Middle_Agriculture_Soilwater,0.9351752311647579
2025-07-18T00:00:00,Middle_Agriculture_Soilwater,0.9252577080482842
2025-07-19T00:00:00,Middle_Agriculture_Soilwater,0.8327319372434568
2025-07-20T00:00:00,Middle_Agriculture_Soilwater,0.7494587435191126
2025-07-21T00:00:00,Middle_Agriculture_Soilwater,0.6745128691672018
2025-07-22T00:00:00,Middle_Agriculture_Soilwater,0.6070615822504806
2025-07-23T00:00:00,Middle_Agriculture_Soilwater,0.5463554240254326
2025-07-24T00:00:00,Middle_Agriculture_Soilwater,0.4917198816228894
2025-07-25T00:00:00,Middle_Agriculture_Soilwater,0.4425478934606008
2025-07-26T00:00:00,Middle_Agriculture_Soilwater,0.3982931041145412
2025-07-27T00:00:00,Middle_Agriculture_Soilwater,0.35846379370308573
2025-07-28T00:00:00,Middle_Agriculture_Soilwater,0.32261741433277624
2025-07-29T00:00:00,Middle_Agriculture_Soilwater,0.2903556728995
2025-07-30T00:00:00,Middle_Agriculture_Soilwater,0.2613201056095477
2025-07-31T00:00:00,Middle_Agriculture_Soilwater,1.1015880950485917
2025-08-01T00:00:00,Middle_Agriculture_Soilwater,0.9914292855437318
2025-08-02T00:00:00,Middle_Agriculture_Soilwater,0.8922863569893571
2025-08-03T00:00:00,Middle_Agriculture_Soilwater,0.8030577212904201
2025-08-04T00:00:00,Middle_Agriculture_Soilwater,0.7227519491613794
2025-08-05T00:00:00,Middle_Agriculture_Soilwater,0.650476754245242
2025-08-06T00:00:00,Middle_Agriculture_Soilwater,0.7222290788207147
2025-08-07T00:00:00,Middle_Agriculture_Soilwater,1.128806170938642
2025-08-08T00:00:00,Middle_Agriculture_Soilwater,1.487125553844776
2025-08-09T00:00:00,Middle_Agriculture_Soilwater,1.5512129984603007
2025-08-10T00:00:00,Middle_Agriculture_Soilwater,1.5404916986142736
2025-08-11T00:00:00,Middle_Agriculture_Soilwater,1.6144425287528474
2025-08-12T00:00:00,Middle_Agriculture_Soilwater,1.4529982758775626
2025-08-13T00:00:00,Middle_Agriculture_Soilwater,1.307698448289807
2025-08-14T00:00:00,Middle_Agriculture_Soilwater,1.1769286034608286
2025-08-15T00:00:00,Middle_Agriculture_Soilwater,1.0592357431147457
2025-08-16T00:00:00,Middle_Agriculture_Soilwater,0.9533121688032726
2025-08-17T00:00:00,Middle_Agriculture_Soilwater,0.8579809519229458
2025-08-18T00:00:00,Middle_Agriculture_Soilwater,0.7721828567306512
2025-08-19T00:00:00,Middle_Agriculture_Soilwater,2.2149645710575854
2025-08-20T00:00:00,Middle_Agriculture_Soilwater,1.9934681139518262
2025-08-21T00:00:00,Middle_Agriculture_Soilwater,1.7941213025566414
2025-08-22T00:00:00,Middle_Agriculture_Soilwater,1.6147091723009774
2025-08-23T00:00:00,Middle_Agriculture_Soilwater,1.4532382550708782
2025-08-24T00:00:00,Middle_Agriculture_Soilwater,1.307914429563789
2025-08-25T00:00:00,Middle_Agriculture_Soilwater,1.1771229866074102
2025-08-26T00:00:00,Middle_Agriculture_Soilwater,1.05941068794667
2025-08-27T00:00:00,Middle_Agriculture_Soilwater,0.9534696191520017
2025-08-28T00:00:00,Middle_Agriculture_Soilwater,0.8581226572367996
2025-08-29T00:00:00,Middle_Agriculture_Soilwater,0.7723103915131198
2025-08-30T00:00:00,Middle_Agriculture_Soilwater,1.1054793523618083
2025-08-31T00:00:00,Middle_Agriculture_Soilwater,1.2381314171256284
2025-09-01T00:00:00,Middle_Agriculture_Soilwater,1.1143182754130658
2025-09-02T00:00:00,Middle_Agriculture_Soilwater,1.0028864478717607
2025-09-03T00:00:00,Middle_Agriculture_Soilwater,1.0697978030845845
2025-09-04T00:00:00,Middle_Agriculture_Soilwater,0.9628180227761277
2025-09-05T00:00:00,Middle_Agriculture_Soilwater,0.866536220498515
2025-09-06T00:00:00,Middle_Agriculture_Soilwater,0.7798825984486621
2025-09-07T00:00:00,Middle_Agriculture_Soilwater,0.7018943386037972
2025-09-08T00:00:00,Middle_Agriculture_Soilwater,0.6317049047434193
2025-09-09T00:00:00,Middle_Agriculture_Soilwater,0.5685344142690792
2025-09-10T00:00:00,Middle_Agriculture_Soilwater,0.5116809728421732
2025-09-11T00:00:00,Middle_Agriculture_Soilwater,0.46051287555795634
2025-09-12T00:00:00,Middle_Agriculture_Soilwater,0.8172615880021614
2025-09-13T00:00:00,Middle_Agriculture_Soilwater,0.7355354292019456
2025-09-14T00:00:00,Middle_Agriculture_Soilwater,0.661981886281751
2025-09-15T00:00:00,Middle_Agriculture_Soilwater,0.5957836976535783
2025-09-16T00:00:00,Middle_Agriculture_Soilwater,0.5362053278882195
2025-09-17T00:00:00,Middle_Agriculture_Soilwater,0.48258479509939667
2025-09-18T00:00:00,Middle_Agriculture_Soilwater,0.5331263155894568
2025-09-19T00:00:00,Middle_Agriculture_Soilwater,1.1638136840305107
2025-09-20T00:00:00,Middle_Agriculture_Soilwater,1.0474323156274614
2025-09-21T00:00:00,Middle_Agriculture_Soilwater,0.9426890840647139
2025-09-22T00:00:00,Middle_Agriculture_Soilwater,0.9700201756582421
2025-09-23T00:00:00,Middle_Agriculture_Soilwater,0.9642181580924172
2025-09-24T00:00:00,Middle_Agriculture_Soilwater,0.8677963422831771
2025-09-25T00:00:00,Middle_Agriculture_Soilwater,0.7810167080548581
2025-09-26T00:00:00,Middle_Agriculture_Soilwater,0.7029150372493724
2025-09-27T00:00:00,Middle_Agriculture_Soilwater,1.1418235335244347
2025-09-28T00:00:00,Middle_Agriculture_Soilwater,1.8180411801719902
2025-09-29T00:00:00,Middle_Agriculture_Soilwater,1.636237062154792
2025-09-30T00:00:00,Middle_Agriculture_Soilwater,1.4726133559393113
2025-10-01T00:00:00,Middle_Agriculture_Soilwater,1.325352020345381
2025-10-02T00:00:00,Middle_Agriculture_Soilwater,1.1928168183108439
2025-10-03T00:00:00,Middle_Agriculture_Soilwater,1.2939351364797587
2025-10-04T00:00:00,Middle_Agriculture_Soilwater,1.1645416228317846
2025-10-05T00:00:00,Middle_Agriculture_Soilwater,1.0480874605486044
2025-10-06T00:00:00,Middle_Agriculture_Soilwater,0.9432787144937449
2025-10-07T00:00:00,Middle_Agriculture_Soilwater,0.8489508430443721
2025-10-08T00:00:00,Middle_Agriculture_Soilwater,0.7640557587399326
2025-10-09T00:00:00,Middle_Agriculture_Soilwater,0.6876501828659412
2025-10-10T00:00:00,Middle_Agriculture_Soilwater,0.6188851645793467
2025-10-11T00:00:00,Middle_Agriculture_Soilwater,0.5569966481214124
2025-10-12T00:00:00,Middle_Agriculture_Soilwater,0.5012969833092712
2025-10-13T00:00:00,Middle_Agriculture_Soilwater,0.45116728497834635
2025-10-14T00:00:00,Middle_Agriculture_Soilwater,0.4060505564805135
2025-10-15T00:00:00,Middle_Agriculture_Soilwater,0.3654455008324613
2025-10-16T00:00:00,Middle_Agriculture_Soilwater,0.3289009507492165
2025-10-17T00:00:00,Middle_Agriculture_Soilwater,0.29601085567429436
2025-10-18T00:00:00,Middle_Agriculture_Soilwater,0.2664097701068659
2025-10-19T00:00:00,Middle_Agriculture_Soilwater,0.3309687930961764
2025-10-20T00:00:00,Middle_Agriculture_Soilwater,0.29787191378655736
2025-10-21T00:00:00,Middle_Agriculture_Soilwater,0.8228847224079028
2025-10-22T00:00:00,Middle_Agriculture_Soilwater,0.7405962501671138
2025-10-23T00:00:00,Middle_Agriculture_Soilwater,0.666536625150402
2025-10-24T00:00:00,Middle_Agriculture_Soilwater,0.5998829626353609
2025-10-25T00:00:00,Middle_Agriculture_Soilwater,0.5398946663718244
2025-10-26T00:00:00,Middle_Agriculture_Soilwater,0.4859051997346433
2025-10-27T00:00:00,Middle_Agriculture_Soilwater,0.4373146797611798
2025-10-28T00:00:00,Middle_Agriculture_Soilwater,0.39358321178506234
2025-10-29T00:00:00,Middle_Agriculture_Soilwater,0.35422489060655615
2025-10-30T00:00:00,Middle_Agriculture_Soilwater,1.732402401545901
2025-10-31T00:00:00,Middle_Agriculture_Soilwater,1.5591621613913096
2025-11-01T00:00:00,Middle_Agriculture_Soilwater,1.403245945252179
2025-11-02T00:00:00,Middle_Agriculture_Soilwater,2.007721350726961
2025-11-03T00:00:00,Middle_Agriculture_Soilwater,1.806949215654263
2025-11-04T00:00:00,Middle_Agriculture_Soilwater,1.6262542940888354
2025-11-05T00:00:00,Middle_Agriculture_Soilwater,1.585228864679948
2025-11-06T00:00:00,Middle_Agriculture_Soilwater,2.6655059782119546
2025-11-07T00:00:00,Middle_Agriculture_Soilwater,3.2729553803907585
2025-11-08T00:00:00,Middle_Agriculture_Soilwater,2.945659842351684
2025-11-09T00:00:00,Middle_Agriculture_Soilwater,3.1450938581165158
2025-11-10T00:00:00,Middle_Agriculture_Soilwater,2.8305844723048637
2025-11-11T00:00:00,Middle_Agriculture_Soilwater,3.368326025074375
2025-11-12T00:00:00,Middle_Agriculture_Soilwater,3.031493422566937
2025-11-13T00:00:00,Middle_Agriculture_Soilwater,3.100744080310242
2025-11-14T00:00:00,Middle_Agriculture_Soilwater,2.790669672279219
2025-11-15T00:00:00,Middle_Agriculture_Soilwater,2.944802705051298
2025-11-16T00:00:00,Middle_Agriculture_Soilwater,2.65032243454617
2025-11-17T00:00:00,Middle_Agriculture_Soilwater,2.8184901910915556
2025-11-18T00:00:00,Middle_Agriculture_Soilwater,2.6962411719824018
2025-11-19T00:00:00,Middle_Agriculture_Soilwater,2.86741705478416
2025-11-20T00:00:00,Middle_Agriculture_Soilwater,2.877075349305742
2025-11-21T00:00:00,Middle_Agriculture_Soilwater,2.589367814375169
2025-11-22T00:00:00,Middle_Agriculture_Soilwater,2.3304310329376494
2025-11-23T00:00:00,Middle_Agriculture_Soilwater,2.4925879296438826
2025-11-24T00:00:00,Middle_Agriculture_Soilwater,2.334529136679494
2025-11-25T00:00:00,Middle_Agriculture_Soilwater,2.306276223011546
2025-11-26T00:00:00,Middle_Agriculture_Soilwater,2.3264486007103917
2025-11-27T00:00:00,Middle_Agriculture_Soilwater,2.0938037406393506
2025-11-28T00:00:00,Middle_Agriculture_Soilwater,1.8844233665754158
2025-11-29T00:00:00,Middle_Agriculture_Soilwater,1.6959810299178752
2025-11-30T00:00:00,Middle_Agriculture_Soilwater,1.5263829269260896
2025-12-01T00:00:00,Middle_Agriculture_Soilwater,1.3737446342334807
2025-12-02T00:00:00,Middle_Agriculture_Soilwater,1.2363701708101327
2025-12-03T00:00:00,Middle_Agriculture_Soilwater,1.1127331537291185
2025-12-04T00:00:00,Middle_Agriculture_Soilwater,1.0014598383562043
2025-12-05T00:00:00,Middle_Agriculture_Soilwater,0.9013138545205858
2025-12-06T00:00:00,Middle_Agriculture_Soilwater,0.8111824690685263
2025-12-07T00:00:00,Middle_Agriculture_Soilwater,0.7300642221616727
2025-12-08T00:00:00,Middle_Agriculture_Soilwater,0.6570577999455054
2025-12-09T00:00:00,Middle_Agriculture_Soilwater,0.9485520199509528
2025-12-10T00:00:00,Middle_Agriculture_Soilwater,0.8536968179558562
2025-12-11T00:00:00,Middle_Agriculture_Soilwater,0.7683271361602693
2025-12-12T00:00:00,Middle_Agriculture_Soilwater,0.6914944225442423
2025-12-13T00:00:00,Middle_Agriculture_Soilwater,0.6223449802898178
2025-12-14T00:00:00,Middle_Agriculture_Soilwater,0.5601104822608342
2025-12-15T00:00:00,Middle_Agriculture_Soilwater,0.5040994340347517
2025-12-16T00:00:00,Middle_Agriculture_Soilwater,0.4536894906312774
2025-12-17T00:00:00,Middle_Agriculture_Soilwater,0.4083205415681505
2025-12-18T00:00:00,Middle_Agriculture_Soilwater,0.36748848741133777
2025-12-19T00:00:00,Middle_Agriculture_Soilwater,0.3307396386702022
2025-12-20T00:00:00,Middle_Agriculture_Soilwater,0.2976656748031838
2025-12-21T00:00:00,Middle_Agriculture_Soilwater,0.2678991073228644
2025-12-22T00:00:00,Middle_Agriculture_Soilwater,1.9739091965905802
2025-12-23T00:00:00,Middle_Agriculture_Soilwater,1.943718276931518
2025-12-24T00:00:00,Middle_Agriculture_Soilwater,1.7493464492383648
2025-12-25T00:00:00,Middle_Agriculture_Soilwater,1.802411804314529
2025-12-26T00:00:00,Middle_Agriculture_Soilwater,2.0553706238830776
2025-12-27T00:00:00,Middle_Agriculture_Soilwater,1.8498335614947703
2025-12-28T00:00:00,Middle_Agriculture_Soilwater,1.6648502053452923
2025-12-29T00:00:00,Middle_Agriculture_Soilwater,1.498365184810764
2025-12-30T00:00:00,Middle_Agriculture_Soilwater,1.3485286663296894
2025-12-31T00:00:00,Middle_Agriculture_Soilwater,1.213675799696721
2026-01-01T00:00:00,Middle_Agriculture_Soilwater,1.092308219727047
2026-01-02T00:00:00,Middle_Agriculture_Soilwater,1.1350773977543396
2026-01-03T00:00:00,Middle_Agriculture_Soilwater,1.0215696579789075
2026-01-04T00:00:00,Middle_Agriculture_Soilwater,0.9194126921810176
2026-01-05T00:00:00,Middle_Agriculture_Soilwater,0.8274714229629172
2026-01-06T00:00:00,Middle_Agriculture_Soilwater,0.8207242806666228
2026-01-07T00:00:00,Middle_Agriculture_Soilwater,2.4106518525999583
2026-01-08T00:00:00,Middle_Agriculture_Soilwater,2.648386667339965
2026-01-09T00:00:00,Middle_Agriculture_Soilwater,2.565948000605968
2026-01-10T00:00:00,Middle_Agriculture_Soilwater,2.30935320054537
2026-01-11T00:00:00,Middle_Agriculture_Soilwater,2.0784178804908335
2026-01-12T00:00:00,Middle_Agriculture_Soilwater,2.62297609244175
2026-01-13T00:00:00,Middle_Agriculture_Soilwater,2.360678483197576
2026-01-14T00:00:00,Middle_Agriculture_Soilwater,2.124610634877818
2026-01-15T00:00:00,Middle_Agriculture_Soilwater,1.912149571390037
2026-01-16T00:00:00,Middle_Agriculture_Soilwater,1.7209346142510324
2026-01-17T00:00:00,Middle_Agriculture_Soilwater,1.5488411528259305
2026-01-18T00:00:00,Middle_Agriculture_Soilwater,2.4047570375433365
2026-01-19T00:00:00,Middle_Agriculture_Soilwater,2.285881333789003
2026-01-20T00:00:00,Middle_Agriculture_Soilwater,2.2168932004101047
2026-01-21T00:00:00,Middle_Agriculture_Soilwater,1.995203880369095
2026-01-22T00:00:00,Middle_Agriculture_Soilwater,1.795683492332187
2026-01-23T00:00:00,Middle_Agriculture_Soilwater,1.68451514309897
2026-01-24T00:00:00,Middle_Agriculture_Soilwater,1.6528636287890732
2026-01-25T00:00:00,Middle_Agriculture_Soilwater,1.6851772659101698
2026-01-26T00:00:00,Middle_Agriculture_Soilwater,1.5166595393191529
2026-01-27T00:00:00,Middle_Agriculture_Soilwater,1.3649935853872377
2026-01-28T00:00:00,Middle_Agriculture_Soilwater,1.2284942268485157
2026-01-29T00:00:00,Middle_Agriculture_Soilwater,1.1056448041636624
2026-01-30T00:00:00,Middle_Agriculture_Soilwater,0.9950803237472976
2026-01-31T00:00:00,Middle_Agriculture_Soilwater,0.8955722913725686
2026-02-01T00:00:00,Middle_Agriculture_Soilwater,1.512815062235309
2026-02-02T00:00:00,Middle_Agriculture_Soilwater,1.3615335560117776
2026-02-03T00:00:00,Middle_Agriculture_Soilwater,1.331780200410599
2026-02-04T00:00:00,Middle_Agriculture_Soilwater,1.1986021803695395
2026-02-05T00:00:00,Middle_Agriculture_Soilwater,1.0787419623325878
2026-02-06T00:00:00,Middle_Agriculture_Soilwater,1.3964677660993268
2026-02-07T00:00:00,Middle_Agriculture_Soilwater,1.2568209894893927
2026-02-08T00:00:00,Middle_Agriculture_Soilwater,1.1311388905404511
2026-02-09T00:00:00,Middle_Agriculture_Soilwater,1.1016250014864093
2026-02-10T00:00:00,Middle_Agriculture_Soilwater,1.363862501337767
2026-02-11T00:00:00,Middle_Agriculture_Soilwater,1.227476251203989
2026-02-12T00:00:00,Middle_Agriculture_Soilwater,1.1047286260835882
2026-02-13T00:00:00,Middle_Agriculture_Soilwater,0.9942557634752304
2026-02-14T00:00:00,Middle_Agriculture_Soilwater,0.8948301871277091
2026-02-15T00:00:00,Middle_Agriculture_Soilwater,0.8053471684149373
2026-02-16T00:00:00,Middle_Agriculture_Soilwater,0.7248124515734435
2026-02-17T00:00:00,Middle_Agriculture_Soilwater,0.6523312064160973
2026-02-18T00:00:00,Middle_Agriculture_Soilwater,0.5870980857744872
2026-02-19T00:00:00,Middle_Agriculture_Soilwater,0.5283882771970366
2026-02-20T00:00:00,Middle_Agriculture_Soilwater,0.5439494494773363
2026-02-21T00:00:00,Middle_Agriculture_Soilwater,0.5503545045296006
2026-02-22T00:00:00,Middle_Agriculture_Soilwater,0.49531905407664
2026-02-23T00:00:00,Middle_Agriculture_Soilwater,0.4457871486689783
2026-02-24T00:00:00,Middle_Agriculture_Soilwater,0.7432084338020787
2026-02-25T00:00:00,Middle_Agriculture_Soilwater,0.6688875904218731
2026-02-26T00:00:00,Middle_Agriculture_Soilwater,0.6019988313796877
2026-02-27T00:00:00,Middle_Agriculture_Soilwater,0.541798948241717
2026-02-28T00:00:00,Middle_Agriculture_Soilwater,0.4876190534175476
2026-03-01T00:00:00,Middle_Agriculture_Soilwater,0.4388571480757946
2026-03-02T00:00:00,Middle_Agriculture_Soilwater,0.3949714332682152
2026-03-03T00:00:00,Middle_Agriculture_Soilwater,0.35547428994139413
2026-03-04T00:00:00,Middle_Agriculture_Soilwater,0.3199268609472529
2026-03-05T00:00:00,Middle_Agriculture_Soilwater,0.2879341748525258
2026-03-06T00:00:00,Middle_Agriculture_Soilwater,0.2591407573672723
2026-03-07T00:00:00,Middle_Agriculture_Soilwater,0.370026681630543
2026-03-08T00:00:00,Middle_Agriculture_Soilwater,0.4014240134674902
2026-03-09T00:00:00,Middle_Agriculture_Soilwater,0.5588816121207447
2026-03-10T00:00:00,Middle_Agriculture_Soilwater,0.5029934509086708
2026-03-11T00:00:00,Middle_Agriculture_Soilwater,0.45269410581780456
2026-03-12T00:00:00,Middle_Agriculture_Soilwater,0.5518246952360233
2026-03-13T00:00:00,Middle_Agriculture_Soilwater,0.49664222571242145
2026-03-14T00:00:00,Middle_Agriculture_Soilwater,0.8649780031411821
2026-03-15T00:00:00,Middle_Agriculture_Soilwater,0.7784802028270633
2026-03-16T00:00:00,Middle_Agriculture_Soilwater,0.7006321825443593
2026-03-17T00:00:00,Middle_Agriculture_Soilwater,0.8053689642899236
2026-03-18T00:00:00,Middle_Agriculture_Soilwater,0.7248320678609299
2026-03-19T00:00:00,Middle_Agriculture_Soilwater,0.8955488610748399
2026-03-20T00:00:00,Middle_Agriculture_Soilwater,1.2391939749673568
2026-03-21T00:00:00,Middle_Agriculture_Soilwater,1.1152745774706228
2026-03-22T00:00:00,Middle_Agriculture_Soilwater,1.003747119723562
2026-03-23T00:00:00,Middle_Agriculture_Soilwater,1.0325724077512042
2026-03-24T00:00:00,Middle_Agriculture_Soilwater,0.9293151669760846
2026-03-25T00:00:00,Middle_Agriculture_Soilwater,0.8363836502784763
2026-03-26T00:00:00,Middle_Agriculture_Soilwater,0.7527452852506304
2026-03-27T00:00:00,Middle_Agriculture_Soilwater,0.6774707567255656
2026-03-28T00:00:00,Middle_Agriculture_Soilwater,0.6097236810530103
2026-03-29T00:00:00,Middle_Agriculture_Soilwater,0.5487513129477112
2026-03-30T00:00:00,Middle_Agriculture_Soilwater,0.49387618165294045
2026-03-31T00:00:00,Middle_Agriculture_Soilwater,0.6268885634876461
2026-04-01T00:00:00,Middle_Agriculture_Soilwater,0.5641997071388823
2026-04-02T00:00:00,Middle_Agriculture_Soilwater,0.5077797364249955
2026-04-03T00:00:00,Middle_Agriculture_Soilwater,0.5482017627824963
2026-04-04T00:00:00,Middle_Agriculture_Soilwater,0.5617815865042485
2026-04-05T00:00:00,Middle_Agriculture_Soilwater,0.5056034278538255
2026-04-06T00:00:00,Middle_Agriculture_Soilwater,0.4550430850684416
2026-04-07T00:00:00,Middle_Agriculture_Soilwater,0.4095387765615988
2026-04-08T00:00:00,Middle_Agriculture_Soilwater,0.42178489890543913
2026-04-09T00:00:00,Middle_Agriculture_Soilwater,0.49360640901489666
2026-04-10T00:00:00,Middle_Agriculture_Soilwater,0.6190457681134058
2026-04-11T00:00:00,Middle_Agriculture_Soilwater,0.5571411913020666
2026-04-12T00:00:00,Middle_Agriculture_Soilwater,1.2234270721718579
2026-04-13T00:00:00,Middle_Agriculture_Soilwater,1.245484364954673
2026-04-14T00:00:00,Middle_Agriculture_Soilwater,1.561735928459207
2026-04-15T00:00:00,Middle_Agriculture_Soilwater,1.4055623356132856
2026-04-16T00:00:00,Middle_Agriculture_Soilwater,1.2650061020519572
2026-04-17T00:00:00,Middle_Agriculture_Soilwater,1.700905491846761
2026-04-18T00:00:00,Middle_Agriculture_Soilwater,1.5308149426620867
2026-04-19T00:00:00,Middle_Agriculture_Soilwater,1.3777334483958796
2026-04-20T00:00:00,Middle_Agriculture_Soilwater,1.3235601035562923
2026-04-21T00:00:00,Middle_Agriculture_Soilwater,1.2596040932006645
2026-04-22T00:00:00,Middle_Agriculture_Soilwater,1.1336436838806003
2026-04-23T00:00:00,Middle_Agriculture_Soilwater,1.3014793154925384
2026-04-24T00:00:00,Middle_Agriculture_Soilwater,1.4677313839432828
2026-04-25T00:00:00,Middle_Agriculture_Soilwater,1.3209582455489546
2026-04-26T00:00:00,Middle_Agriculture_Soilwater,1.287662420994061
2026-04-27T00:00:00,Middle_Agriculture_Soilwater,1.1588961788946563
2026-04-28T00:00:00,Middle_Agriculture_Soilwater,1.4230065610051907
2026-04-29T00:00:00,Middle_Agriculture_Soilwater,1.2807059049046714
2026-04-30T00:00:00,Middle_Agriculture_Soilwater,1.4490353144142047
2026-05-01T00:00:00,Middle_Agriculture_Soilwater,1.3725317829727874
2026-05-02T00:00:00,Middle_Agriculture_Soilwater,1.531678604675508
2026-05-03T00:00:00,Middle_Agriculture_Soilwater,2.2373107442079574
2026-05-04T00:00:00,Middle_Agriculture_Soilwater,2.4543796697871585
2026-05-05T00:00:00,Middle_Agriculture_Soilwater,2.550941702808441
2026-05-06T00:00:00,Middle_Agriculture_Soilwater,2.4706475325275963
2026-05-07T00:00:00,Middle_Agriculture_Soilwater,2.223582779274839
2026-05-08T00:00:00,Middle_Agriculture_Soilwater,2.001224501347356
2026-05-09T00:00:00,Middle_Agriculture_Soilwater,1.80110205121262
2026-05-10T00:00:00,Middle_Agriculture_Soilwater,1.6209918460913562
2026-05-11T00:00:00,Middle_Agriculture_Soilwater,1.6640926614822185
2026-05-12T00:00:00,Middle_Agriculture_Soilwater,1.4976833953339976
2026-05-13T00:00:00,Middle_Agriculture_Soilwater,1.3479150558005997
2026-05-14T00:00:00,Middle_Agriculture_Soilwater,1.2131235502205393
2026-05-15T00:00:00,Middle_Agriculture_Soilwater,1.091811195198484
2026-05-16T00:00:00,Middle_Agriculture_Soilwater,0.9826300756786351
2026-05-17T00:00:00,Middle_Agriculture_Soilwater,0.8843670681107734
2026-05-18T00:00:00,Middle_Agriculture_Soilwater,0.7959303612996974
2026-05-19T00:00:00,Middle_Agriculture_Soilwater,0.7163373251697295
2026-05-20T00:00:00,Middle_Agriculture_Soilwater,0.6447035926527588
2026-05-21T00:00:00,Middle_Agriculture_Soilwater,0.5802332333874848
2026-05-22T00:00:00,Middle_Agriculture_Soilwater,0.5222099100487367
2026-05-23T00:00:00,Middle_Agriculture_Soilwater,0.4699889190438626
2026-05-24T00:00:00,Middle_Agriculture_Soilwater,0.8713900271394778
2026-05-25T00:00:00,Middle_Agriculture_Soilwater,0.7842510244255301
2026-05-26T00:00:00,Middle_Agriculture_Soilwater,0.8426259219829764
2026-05-27T00:00:00,Middle_Agriculture_Soilwater,0.7583633297846792
2026-05-28T00:00:00,Middle_Agriculture_Soilwater,0.6825269968062094
2026-05-29T00:00:00,Middle_Agriculture_Soilwater,0.6142742971255895
2026-05-30T00:00:00,Middle_Agriculture_Soilwater,0.5528468674130318
2026-05-31T00:00:00,Middle_Agriculture_Soilwater,0.49756218067172997
2026-06-01T00:00:00,Middle_Agriculture_Soilwater,0.5998059626045552
2026-06-02T00:00:00,Middle_Agriculture_Soilwater,0.5398253663440983
2026-06-03T00:00:00,Middle_Agriculture_Soilwater,0.683442829709693
2026-06-04T00:00:00,Middle_Agriculture_Soilwater,0.6150985467387228
2026-06-05T00:00:00,Middle_Agriculture_Soilwater,0.9335886920648501
2026-06-06T00:00:00,Middle_Agriculture_Soilwater,0.9162298228583632
2026-06-07T00:00:00,Middle_Agriculture_Soilwater,0.8246068405725282
2026-06-08T00:00:00,Middle_Agriculture_Soilwater,0.7421461565152732
2026-06-09T00:00:00,Middle_Agriculture_Soilwater,0.6679315408637468
2026-06-10T00:00:00,Middle_Agriculture_Soilwater,0.6011383867773703
2026-06-11T00:00:00,Middle_Agriculture_Soilwater,0.541024548099631
2026-06-12T00:00:00,Middle_Agriculture_Soilwater,0.48692209328966785
2026-06-13T00:00:00,Middle_Agriculture_Soilwater,0.4382298839607029
2026-06-14T00:00:00,Middle_Agriculture_Soilwater,0.39440689556463443
2026-06-15T00:00:00,Middle_Agriculture_Soilwater,0.354966206008171
2026-06-16T00:00:00,Middle_Agriculture_Soilwater,0.31946958540735526
2026-06-17T00:00:00,Middle_Agriculture_Soilwater,0.28752262686662106
2026-06-18T00:00:00,Middle_Agriculture_Soilwater,0.25877036417995897
2026-06-19T00:00:00,Middle_Agriculture_Soilwater,0.23289332776196262
2026-06-20T00:00:00,Middle_Agriculture_Soilwater,0.7036039949857651
2026-06-21T00:00:00,Middle_Agriculture_Soilwater,0.6332435954871881
2026-06-22T00:00:00,Middle_Agriculture_Soilwater,0.5699192359384688
2026-06-23T00:00:00,Middle_Agriculture_Soilwater,0.6573273123446235
2026-06-24T00:00:00,Middle_Agriculture_Soilwater,0.5915945811101619
2026-06-25T00:00:00,Middle_Agriculture_Soilwater,0.5324351229991454
2026-06-26T00:00:00,Middle_Agriculture_Soilwater,0.9123916106992329
2026-06-27T00:00:00,Middle_Agriculture_Soilwater,0.995952449629308
2026-06-28T00:00:00,Middle_Agriculture_Soilwater,0.8963572046663786
2026-06-29T00:00:00,Middle_Agriculture_Soilwater,1.4603214841997443
2026-06-30T00:00:00,Middle_Agriculture_Soilwater,1.8082893357797685
2026-07-01T00:00:00,Middle_Agriculture_Soilwater,1.6274604022017911
2026-07-02T00:00:00,Middle_Agriculture_Soilwater,1.4647143619816143
2026-07-03T00:00:00,Middle_Agriculture_Soilwater,1.3182429257834523
2026-07-04T00:00:00,Middle_Agriculture_Soilwater,1.1864186332051077
2026-07-05T00:00:00,Middle_Agriculture_Soilwater,1.0677767698845948
2026-07-06T00:00:00,Middle_Agriculture_Soilwater,0.9609990928961362
2026-07-07T00:00:00,Middle_Agriculture_Soilwater,0.8648991836065216
2026-07-08T00:00:00,Middle_Agriculture_Soilwater,0.7784092652458686
2026-07-09T00:00:00,Middle_Agriculture_Soilwater,0.7005683387212822
2026-07-10T00:00:00,Middle_Agriculture_Soilwater,0.6305115048491553
2026-07-11T00:00:00,Middle_Agriculture_Soilwater,0.5674603543642388
2026-07-12T00:00:00,Middle_Agriculture_Soilwater,0.6019143189278158
2026-07-13T00:00:00,Middle_Agriculture_Soilwater,0.6025228870350339
2026-07-14T00:00:00,Middle_Agriculture_Soilwater,0.5422705983315291
2026-07-15T00:00:00,Middle_Agriculture_Soilwater,0.4880435384983776
2026-07-16T00:00:00,Middle_Agriculture_Soilwater,0.4392391846485407
2026-07-17T00:00:00,Middle_Agriculture_Soilwater,0.5549152661836889
2026-07-18T00:00:00,Middle_Agriculture_Soilwater,0.49942373956531816
2026-07-19T00:00:00,Middle_Agriculture_Soilwater,0.44948136560878543
2026-07-20T00:00:00,Middle_Agriculture_Soilwater,0.40453322904790645
2026-07-21T00:00:00,Middle_Agriculture_Soilwater,0.3640799061431153
2026-07-22T00:00:00,Middle_Agriculture_Soilwater,0.3276719155288038
2026-07-23T00:00:00,Middle_Agriculture_Soilwater,0.2949047239759239
2026-07-24T00:00:00,Middle_Agriculture_Soilwater,0.2654142515783315
2026-07-25T00:00:00,Middle_Agriculture_Soilwater,0.23887282642049745
2026-07-26T00:00:00,Middle_Agriculture_Soilwater,0.3213855437784469
2026-07-27T00:00:00,Middle_Agriculture_Soilwater,0.28924698940060356
2026-07-28T00:00:00,Middle_Agriculture_Soilwater,0.26032229046054456
2026-07-29T00:00:00,Middle_Agriculture_Soilwater,0.2342900614144901
2026-07-30T00:00:00,Middle_Agriculture_Soilwater,0.30966105527304083
2026-07-31T00:00:00,Middle_Agriculture_Soilwater,0.5522949497457376
2026-08-01T00:00:00,Middle_Agriculture_Soilwater,0.5882654547711628
2026-08-02T00:00:00,Middle_Agriculture_Soilwater,0.5294389092940447
2026-08-03T00:00:00,Middle_Agriculture_Soilwater,0.47649501836463976
2026-08-04T00:00:00,Middle_Agriculture_Soilwater,0.4288455165281767
2026-08-05T00:00:00,Middle_Agriculture_Soilwater,0.9559609648753578
2026-08-06T00:00:00,Middle_Agriculture_Soilwater,0.8603648683878238
2026-08-07T00:00:00,Middle_Agriculture_Soilwater,0.9719283815490418
2026-08-08T00:00:00,Middle_Agriculture_Soilwater,0.8747355433941357
2026-08-09T00:00:00,Middle_Agriculture_Soilwater,1.1368619890547236
2026-08-10T00:00:00,Middle_Agriculture_Soilwater,1.106775790149254
2026-08-11T00:00:00,Middle_Agriculture_Soilwater,0.9960982111343312
2026-08-12T00:00:00,Middle_Agriculture_Soilwater,1.6944883900209018
2026-08-13T00:00:00,Middle_Agriculture_Soilwater,2.209039551018814
2026-08-14T00:00:00,Middle_Agriculture_Soilwater,1.9881355959169333
2026-08-15T00:00:00,Middle_Agriculture_Soilwater,1.7893220363252387
2026-08-16T00:00:00,Middle_Agriculture_Soilwater,2.1119898326927116
2026-08-17T00:00:00,Middle_Agriculture_Soilwater,3.071190849423438
2026-08-18T00:00:00,Middle_Agriculture_Soilwater,2.764071764481096
2026-08-19T00:00:00,Middle_Agriculture_Soilwater,2.746064588032987
2026-08-20T00:00:00,Middle_Agriculture_Soilwater,2.4714581292296867
2026-08-21T00:00:00,Middle_Agriculture_Soilwater,2.2243123163067184
2026-08-22T00:00:00,Middle_Agriculture_Soilwater,2.0018810846760475
2026-08-23T00:00:00,Middle_Agriculture_Soilwater,1.8016929762084422
2026-08-24T00:00:00,Middle_Agriculture_Soilwater,1.621523678587596
2026-08-25T00:00:00,Middle_Agriculture_Soilwater,1.4593713107288389
2026-08-26T00:00:00,Middle_Agriculture_Soilwater,1.3134341796559559
2026-08-27T00:00:00,Middle_Agriculture_Soilwater,1.3340907616903588
2026-08-28T00:00:00,Middle_Agriculture_Soilwater,1.200681685521322
2026-08-29T00:00:00,Middle_Agriculture_Soilwater,1.080613516969188
2026-08-30T00:00:00,Middle_Agriculture_Soilwater,2.40135216527227
2026-08-31T00:00:00,Middle_Agriculture_Soilwater,2.548816948745044
2026-09-01T00:00:00,Middle_Agriculture_Soilwater,2.582735253870542
2026-09-02T00:00:00,Middle_Agriculture_Soilwater,2.537261728483491
2026-09-03T00:00:00,Middle_Agriculture_Soilwater,2.2835355556351398
2026-09-04T00:00:00,Middle_Agriculture_Soilwater,2.0551820000716274
2026-09-05T00:00:00,Middle_Agriculture_Soilwater,1.8496638000644634
2026-09-06T00:00:00,Middle_Agriculture_Soilwater,1.664697420058019
2026-09-07T00:00:00,Middle_Agriculture_Soilwater,1.6426276780522178
2026-09-08T00:00:00,Middle_Agriculture_Soilwater,1.4783649102469965
2026-09-09T00:00:00,Middle_Agriculture_Soilwater,1.3305284192222964
2026-09-10T00:00:00,Middle_Agriculture_Soilwater,1.1974755773000652
2026-09-11T00:00:00,Middle_Agriculture_Soilwater,1.0777280195700587
2026-09-12T00:00:00,Middle_Agriculture_Soilwater,0.969955217613051
2026-09-13T00:00:00,Middle_Agriculture_Soilwater,1.3289596958517451
2026-09-14T00:00:00,Middle_Agriculture_Soilwater,1.3252637262665714
2026-09-15T00:00:00,Middle_Agriculture_Soilwater,1.1927373536399137
2026-09-16T00:00:00,Middle_Agriculture_Soilwater,1.0734636182759232
2026-09-17T00:00:00,Middle_Agriculture_Soilwater,1.2245172564483349
2026-09-18T00:00:00,Middle_Agriculture_Soilwater,1.2616655308035025
2026-09-19T00:00:00,Middle_Agriculture_Soilwater,1.1354989777231503
2026-09-20T00:00:00,Middle_Agriculture_Soilwater,1.0219490799508368
2026-09-21T00:00:00,Middle_Agriculture_Soilwater,0.9197541719557512
2026-09-22T00:00:00,Middle_Agriculture_Soilwater,0.8277787547601747
2026-09-23T00:00:00,Middle_Agriculture_Soilwater,1.2770008792841556
2026-09-24T00:00:00,Middle_Agriculture_Soilwater,1.1493007913557405
2026-09-25T00:00:00,Middle_Agriculture_Soilwater,1.1635707122201666
2026-09-26T00:00:00,Middle_Agriculture_Soilwater,1.0472136409981523
2026-09-27T00:00:00,Middle_Agriculture_Soilwater,0.9424922768983379
2026-09-28T00:00:00,Middle_Agriculture_Soilwater,0.8482430492085042
2026-09-29T00:00:00,Middle_Agriculture_Soilwater,0.7634187442876557
2026-09-30T00:00:00,Middle_Agriculture_Soilwater,0.6870768698588883
2026-10-01T00:00:00,Middle_Agriculture_Soilwater,0.618369182872998
2026-10-02T00:00:00,Middle_Agriculture_Soilwater,0.5565322645856987
2026-10-03T00:00:00,Middle_Agriculture_Soilwater,0.5008790381271274
2026-10-04T00:00:00,Middle_Agriculture_Soilwater,0.4507911343144133
2026-10-05T00:00:00,Middle_Agriculture_Soilwater,0.40571202088297015
2026-10-06T00:00:00,Middle_Agriculture_Soilwater,0.7679408187946729
2026-10-07T00:00:00,Middle_Agriculture_Soilwater,0.8431467369152051
2026-10-08T00:00:00,Middle_Agriculture_Soilwater,1.8988320632236857
2026-10-09T00:00:00,Middle_Agriculture_Soilwater,2.4309488569013142
2026-10-10T00:00:00,Middle_Agriculture_Soilwater,2.2638539712111836
2026-10-11T00:00:00,Middle_Agriculture_Soilwater,2.037468574090067
2026-10-12T00:00:00,Middle_Agriculture_Soilwater,1.8337217166810615
2026-10-13T00:00:00,Middle_Agriculture_Soilwater,1.650349545012955
2026-10-14T00:00:00,Middle_Agriculture_Soilwater,1.4853145905116618
2026-10-15T00:00:00,Middle_Agriculture_Soilwater,1.845983131460498
2026-10-16T00:00:00,Middle_Agriculture_Soilwater,2.2389848183144525
2026-10-17T00:00:00,Middle_Agriculture_Soilwater,2.121486336483008
2026-10-18T00:00:00,Middle_Agriculture_Soilwater,2.0233377028347106
2026-10-19T00:00:00,Middle_Agriculture_Soilwater,1.821003932551239
2026-10-20T00:00:00,Middle_Agriculture_Soilwater,1.9125035392961174
2026-10-21T00:00:00,Middle_Agriculture_Soilwater,1.964453185366506
2026-10-22T00:00:00,Middle_Agriculture_Soilwater,1.7680078668298576
2026-10-23T00:00:00,Middle_Agriculture_Soilwater,1.6976070801468723
2026-10-24T00:00:00,Middle_Agriculture_Soilwater,1.527846372132185
2026-10-25T00:00:00,Middle_Agriculture_Soilwater,2.439061734918969
2026-10-26T00:00:00,Middle_Agriculture_Soilwater,2.461155561427072
2026-10-27T00:00:00,Middle_Agriculture_Soilwater,2.275840005284363
2026-10-28T00:00:00,Middle_Agriculture_Soilwater,2.0482560047559266
2026-10-29T00:00:00,Middle_Agriculture_Soilwater,3.203830404280334
2026-10-30T00:00:00,Middle_Agriculture_Soilwater,3.582647363852302
2026-10-31T00:00:00,Middle_Agriculture_Soilwater,3.224382627467071
2026-11-01T00:00:00,Middle_Agriculture_Soilwater,2.901944364720366
2026-11-02T00:00:00,Middle_Agriculture_Soilwater,2.6801499282483294
2026-11-03T00:00:00,Middle_Agriculture_Soilwater,2.412134935423497
2026-11-04T00:00:00,Middle_Agriculture_Soilwater,2.170921441881146
2026-11-05T00:00:00,Middle_Agriculture_Soilwater,2.1590292976930328
2026-11-06T00:00:00,Middle_Agriculture_Soilwater,1.9431263679237283
2026-11-07T00:00:00,Middle_Agriculture_Soilwater,1.748813731131354
2026-11-08T00:00:00,Middle_Agriculture_Soilwater,1.5739323580182192
2026-11-09T00:00:00,Middle_Agriculture_Soilwater,1.4165391222163954
2026-11-10T00:00:00,Middle_Agriculture_Soilwater,1.2748852099947545
2026-11-11T00:00:00,Middle_Agriculture_Soilwater,1.1473966889952771
2026-11-12T00:00:00,Middle_Agriculture_Soilwater,1.0326570200957486
2026-11-13T00:00:00,Middle_Agriculture_Soilwater,0.9293913180861728
2026-11-14T00:00:00,Middle_Agriculture_Soilwater,0.8364521862775565
2026-11-15T00:00:00,Middle_Agriculture_Soilwater,0.752806967649799
2026-11-16T00:00:00,Middle_Agriculture_Soilwater,0.6775262708848186
2026-11-17T00:00:00,Middle_Agriculture_Soilwater,0.6097736437963386
2026-11-18T00:00:00,Middle_Agriculture_Soilwater,0.5487962794167061
2026-11-19T00:00:00,Middle_Agriculture_Soilwater,0.49391665147503777
2026-11-20T00:00:00,Middle_Agriculture_Soilwater,0.4445249863275331
2026-11-21T00:00:00,Middle_Agriculture_Soilwater,0.4000724876947788
2026-11-22T00:00:00,Middle_Agriculture_Soilwater,0.3600652389252992
2026-11-23T00:00:00,Middle_Agriculture_Soilwater,0.3240587150327702
2026-11-24T00:00:00,Middle_Agriculture_Soilwater,0.29165284352949133
2026-11-25T00:00:00,Middle_Agriculture_Soilwater,0.44488755917654094
2026-11-26T00:00:00,Middle_Agriculture_Soilwater,0.40039880325888594
2026-11-27T00:00:00,Middle_Agriculture_Soilwater,0.45915892293299754
2026-11-28T00:00:00,Middle_Agriculture_Soilwater,0.4132430306396964
2026-11-29T00:00:00,Middle_Agriculture_Soilwater,0.37191872757572586
2026-11-30T00:00:00,Middle_Agriculture_Soilwater,0.3347268548181546
2026-12-01T00:00:00,Middle_Agriculture_Soilwater,0.4076541693363379
2026-12-02T00:00:00,Middle_Agriculture_Soilwater,2.4492887524027083
2026-12-03T00:00:00,Middle_Agriculture_Soilwater,2.721159877162436
2026-12-04T00:00:00,Middle_Agriculture_Soilwater,2.4490438894461932
2026-12-05T00:00:00,Middle_Agriculture_Soilwater,2.204139500501574
2026-12-06T00:00:00,Middle_Agriculture_Soilwater,3.914125550451418
2026-12-07T00:00:00,Middle_Agriculture_Soilwater,4.13071299540628
2026-12-08T00:00:00,Middle_Agriculture_Soilwater,3.7176416958656504
2026-12-09T00:00:00,Middle_Agriculture_Soilwater,3.3458775262790876
2026-12-10T00:00:00,Middle_Agriculture_Soilwater,3.011289773651179
2026-12-11T00:00:00,Middle_Agriculture_Soilwater,2.7101607962860594
2026-12-12T00:00:00,Middle_Agriculture_Soilwater,2.4391447166574522
2026-12-13T00:00:00,Middle_Agriculture_Soilwater,2.1952302449917083
2026-12-14T00:00:00,Middle_Agriculture_Soilwater,1.9757072204925366
2026-12-15T00:00:00,Middle_Agriculture_Soilwater,1.7781364984432824
2026-12-16T00:00:00,Middle_Agriculture_Soilwater,1.9955228485989531
2026-12-17T00:00:00,Middle_Agriculture_Soilwater,2.1759705637390563
2026-12-18T00:00:00,Middle_Agriculture_Soilwater,2.619573507365149
2026-12-19T00:00:00,Middle_Agriculture_Soilwater,3.170816156628635
2026-12-20T00:00:00,Middle_Agriculture_Soilwater,2.8537345409657706
2026-12-21T00:00:00,Middle_Agriculture_Soilwater,2.5683610868691953
2026-12-22T00:00:00,Middle_Agriculture_Soilwater,2.311524978182274
2026-12-23T00:00:00,Middle_Agriculture_Soilwater,2.338772480364051
2026-12-24T00:00:00,Middle_Agriculture_Soilwater,2.3328952323276466
2026-12-25T00:00:00,Middle_Agriculture_Soilwater,2.5328057090948826
2026-12-26T00:00:00,Middle_Agriculture_Soilwater,2.279525138185395
2026-12-27T00:00:00,Middle_Agriculture_Soilwater,2.0515726243668544
2026-12-28T00:00:00,Middle_Agriculture_Soilwater,1.846415361930167
2026-12-29T00:00:00,Middle_Agriculture_Soilwater,1.6617738257371504
2026-12-30T00:00:00,Middle_Agriculture_Soilwater,1.4955964431634357
2026-12-31T00:00:00,Middle_Agriculture_Soilwater,1.34603679884709
