7f89d713-b21c-48d1-8e25-f5c641a08ffc,location,waterInputs
2023-01-01T00:00:00,Middle_Forest_Soilwater,0.0
2023-01-02T00:00:00,Middle_Forest_Soilwater,0.0
2023-01-03T00:00:00,Middle_Forest_Soilwater,0.0
2023-01-04T00:00:00,Middle_Forest_Soilwater,0.0
2023-01-05T00:00:00,Middle_Forest_Soilwater,0.0
2023-01-06T00:00:00,Middle_Forest_Soilwater,0.0
2023-01-07T00:00:00,Middle_Forest_Soilwater,0.0
2023-01-08T00:00:00,Middle_Forest_Soilwater,0.0
2023-01-09T00:00:00,Middle_Forest_Soilwater,0.0
2023-01-10T00:00:00,Middle_Forest_Soilwater,0.0
2023-01-11T00:00:00,Middle_Forest_Soilwater,0.0
2023-01-12T00:00:00,Middle_Forest_Soilwater,0.0
2023-01-13T00:00:00,Middle_Forest_Soilwater,0.0
2023-01-14T00:00:00,Middle_Forest_Soilwater,0.0
2023-01-15T00:00:00,Middle_Forest_Soilwater,0.0
2023-01-16T00:00:00,Middle_Forest_Soilwater,0.0
2023-01-17T00:00:00,Middle_Forest_Soilwater,0.0
2023-01-18T00:00:00,Middle_Forest_Soilwater,0.0
2023-01-19T00:00:00,Middle_Forest_Soilwater,0.0
2023-01-20T00:00:00,Middle_Forest_Soilwater,0.0
2023-01-21T00:00:00,Middle_Forest_Soilwater,0.0
2023-01-22T00:00:00,Middle_Forest_Soilwater,0.0
2023-01-23T00:00:00,Middle_Forest_Soilwater,0.0
2023-01-24T00:00:00,Middle_Forest_Soilwater,0.0
2023-01-25T00:00:00,Middle_Forest_Soilwater,0.0
2023-01-26T00:00:00,Middle_Forest_Soilwater,0.0
2023-01-27T00:00:00,Middle_Forest_Soilwater,0.0
2023-01-28T00:00:00,Middle_Forest_Soilwater,0.0
2023-01-29T00:00:00,Middle_Forest_Soilwater,0.0
2023-01-30T00:00:00,Middle_Forest_Soilwater,0.0
2023-01-31T00:00:00,Middle_Forest_Soilwater,0.0
2023-02-01T00:00:00,Middle_Forest_Soilwater,0.0
2023-02-02T00:00:00,Middle_Forest_Soilwater,0.0
2023-02-03T00:00:00,Middle_Forest_Soilwater,0.0
2023-02-04T00:00:00,Middle_Forest_Soilwater,0.0
2023-02-05T00:00:00,Middle_Forest_Soilwater,0.0
2023-02-06T00:00:00,Middle_Forest_Soilwater,0.0
2023-02-07T00:00:00,Middle_Forest_Soilwater,0.0
2023-02-08T00:00:00,Middle_Forest_Soilwater,0.0
2023-02-09T00:00:00,Middle_Forest_Soilwater,0.0
2023-02-10T00:00:00,Middle_Forest_Soilwater,0.0
2023-02-11T00:00:00,Middle_Forest_Soilwater,0.0
2023-02-12T00:00:00,Middle_Forest_Soilwater,0.0
2023-02-13T00:00:00,Middle_Forest_Soilwater,0.0
2023-02-14T00:00:00,Middle_Forest_Soilwater,0.0
2023-02-15T00:00:00,Middle_Forest_Soilwater,0.0
2023-02-16T00:00:00,Middle_Forest_Soilwater,0.0
2023-02-17T00:00:00,Middle_Forest_Soilwater,0.0
2023-02-18T00:00:00,Middle_Forest_Soilwater,0.0
2023-02-19T00:00:00,Middle_Forest_Soilwater,0.0
2023-02-20T00:00:00,Middle_Forest_Soilwater,0.0
2023-02-21T00:00:00,Middle_Forest_Soilwater,0.0
2023-02-22T00:00:00,Middle_Forest_Soilwater,0.0
2023-02-23T00:00:00,Middle_Forest_Soilwater,0.0
2023-02-24T00:00:00,Middle_Forest_Soilwater,0.0
2023-02-25T00:00:00,Middle_Forest_Soilwater,0.0
2023-02-26T00:00:00,Middle_Forest_Soilwater,0.0
2023-02-27T00:00:00,Middle_Forest_Soilwater,0.0
2023-02-28T00:00:00,Middle_Forest_Soilwater,0.0
2023-03-01T00:00:00,Middle_Forest_Soilwater,0.0
2023-03-02T00:00:00,Middle_Forest_Soilwater,0.0
2023-03-03T00:00:00,Middle_Forest_Soilwater,0.0
2023-03-04T00:00:00,Middle_Forest_Soilwater,0.0
2023-03-05T00:00:00,Middle_Forest_Soilwater,0.0
2023-03-06T00:00:00,Middle_Forest_Soilwater,0.0
2023-03-07T00:00:00,Middle_Forest_Soilwater,0.0
2023-03-08T00:00:00,Middle_Forest_Soilwater,0.0
2023-03-09T00:00:00,Middle_Forest_Soilwater,0.0
2023-03-10T00:00:00,Middle_Forest_Soilwater,0.0
2023-03-11T00:00:00,Middle_Forest_Soilwater,0.0
2023-03-12T00:00:00,Middle_Forest_Soilwater,0.0
2023-03-13T00:00:00,Middle_Forest_Soilwater,0.0
2023-03-14T00:00:00,Middle_Forest_Soilwater,0.0
2023-03-15T00:00:00,Middle_Forest_Soilwater,0.0
2023-03-16T00:00:00,Middle_Forest_Soilwater,0.0
2023-03-17T00:00:00,Middle_Forest_Soilwater,0.0
2023-03-18T00:00:00,Middle_Forest_Soilwater,0.0
2023-03-19T00:00:00,Middle_Forest_Soilwater,0.0
2023-03-20T00:00:00,Middle_Forest_Soilwater,0.0
2023-03-21T00:00:00,Middle_Forest_Soilwater,0.0
2023-03-22T00:00:00,Middle_Forest_Soilwater,0.0
2023-03-23T00:00:00,Middle_Forest_Soilwater,0.0
2023-03-24T00:00:00,Middle_Forest_Soilwater,0.0
2023-03-25T00:00:00,Middle_Forest_Soilwater,0.0
2023-03-26T00:00:00,Middle_Forest_Soilwater,0.0
2023-03-27T00:00:00,Middle_Forest_Soilwater,0.0
2023-03-28T00:00:00,Middle_Forest_Soilwater,0.0
2023-03-29T00:00:00,Middle_Forest_Soilwater,0.0
2023-03-30T00:00:00,Middle_Forest_Soilwater,0.0
2023-03-31T00:00:00,Middle_Forest_Soilwater,0.0
2023-04-01T00:00:00,Middle_Forest_Soilwater,0.0
2023-04-02T00:00:00,Middle_Forest_Soilwater,0.0
2023-04-03T00:00:00,Middle_Forest_Soilwater,0.0
2023-04-04T00:00:00,Middle_Forest_Soilwater,0.0
2023-04-05T00:00:00,Middle_Forest_Soilwater,0.0
2023-04-06T00:00:00,Middle_Forest_Soilwater,0.0
2023-04-07T00:00:00,Middle_Forest_Soilwater,0.0
2023-04-08T00:00:00,Middle_Forest_Soilwater,0.0
2023-04-09T00:00:00,Middle_Forest_Soilwater,0.0
2023-04-10T00:00:00,Middle_Forest_Soilwater,0.0
2023-04-11T00:00:00,Middle_Forest_Soilwater,0.0
2023-04-12T00:00:00,Middle_Forest_Soilwater,0.0
2023-04-13T00:00:00,Middle_Forest_Soilwater,0.0
2023-04-14T00:00:00,Middle_Forest_Soilwater,0.0
2023-04-15T00:00:00,Middle_Forest_Soilwater,0.0
2023-04-16T00:00:00,Middle_Forest_Soilwater,0.0
2023-04-17T00:00:00,Middle_Forest_Soilwater,0.0
2023-04-18T00:00:00,Middle_Forest_Soilwater,0.0
2023-04-19T00:00:00,Middle_Forest_Soilwater,0.0
2023-04-20T00:00:00,Middle_Forest_Soilwater,0.0
2023-04-21T00:00:00,Middle_Forest_Soilwater,0.0
2023-04-22T00:00:00,Middle_Forest_Soilwater,0.0
2023-04-23T00:00:00,Middle_Forest_Soilwater,0.0
2023-04-24T00:00:00,Middle_Forest_Soilwater,0.0
2023-04-25T00:00:00,Middle_Forest_Soilwater,0.0
2023-04-26T00:00:00,Middle_Forest_Soilwater,0.0
2023-04-27T00:00:00,Middle_Forest_Soilwater,0.0
2023-04-28T00:00:00,Middle_Forest_Soilwater,0.0
2023-04-29T00:00:00,Middle_Forest_Soilwater,0.0
2023-04-30T00:00:00,Middle_Forest_Soilwater,0.0
2023-05-01T00:00:00,Middle_Forest_Soilwater,0.0
2023-05-02T00:00:00,Middle_Forest_Soilwater,0.0
2023-05-03T00:00:00,Middle_Forest_Soilwater,0.0
2023-05-04T00:00:00,Middle_Forest_Soilwater,0.0
2023-05-05T00:00:00,Middle_Forest_Soilwater,0.0
2023-05-06T00:00:00,Middle_Forest_Soilwater,0.0
2023-05-07T00:00:00,Middle_Forest_Soilwater,0.0
2023-05-08T00:00:00,Middle_Forest_Soilwater,0.0
2023-05-09T00:00:00,Middle_Forest_Soilwater,0.0
2023-05-10T00:00:00,Middle_Forest_Soilwater,0.0
2023-05-11T00:00:00,Middle_Forest_Soilwater,0.0
2023-05-12T00:00:00,Middle_Forest_Soilwater,0.0
2023-05-13T00:00:00,Middle_Forest_Soilwater,0.0
2023-05-14T00:00:00,Middle_Forest_Soilwater,0.0
2023-05-15T00:00:00,Middle_Forest_Soilwater,0.0
2023-05-16T00:00:00,Middle_Forest_Soilwater,0.0
2023-05-17T00:00:00,Middle_Forest_Soilwater,0.0
2023-05-18T00:00:00,Middle_Forest_Soilwater,0.0
2023-05-19T00:00:00,Middle_Forest_Soilwater,0.0
2023-05-20T00:00:00,Middle_Forest_Soilwater,0.0
2023-05-21T00:00:00,Middle_Forest_Soilwater,0.0
2023-05-22T00:00:00,Middle_Forest_Soilwater,0.0
2023-05-23T00:00:00,Middle_Forest_Soilwater,0.0
2023-05-24T00:00:00,Middle_Forest_Soilwater,0.0
2023-05-25T00:00:00,Middle_Forest_Soilwater,0.0
2023-05-26T00:00:00,Middle_Forest_Soilwater,0.0
2023-05-27T00:00:00,Middle_Forest_Soilwater,0.0
2023-05-28T00:00:00,Middle_Forest_Soilwater,0.0
2023-05-29T00:00:00,Middle_Forest_Soilwater,0.0
2023-05-30T00:00:00,Middle_Forest_Soilwater,0.0
2023-05-31T00:00:00,Middle_Forest_Soilwater,0.0
2023-06-01T00:00:00,Middle_Forest_Soilwater,0.0
2023-06-02T00:00:00,Middle_Forest_Soilwater,0.0
2023-06-03T00:00:00,Middle_Forest_Soilwater,0.0
2023-06-04T00:00:00,Middle_Forest_Soilwater,0.0
2023-06-05T00:00:00,Middle_Forest_Soilwater,0.0
2023-06-06T00:00:00,Middle_Forest_Soilwater,0.0
2023-06-07T00:00:00,Middle_Forest_Soilwater,0.0
2023-06-08T00:00:00,Middle_Forest_Soilwater,0.0
2023-06-09T00:00:00,Middle_Forest_Soilwater,0.0
2023-06-10T00:00:00,Middle_Forest_Soilwater,0.0
2023-06-11T00:00:00,Middle_Forest_Soilwater,0.0
2023-06-12T00:00:00,Middle_Forest_Soilwater,0.0
2023-06-13T00:00:00,Middle_Forest_Soilwater,0.0
2023-06-14T00:00:00,Middle_Forest_Soilwater,0.0
2023-06-15T00:00:00,Middle_Forest_Soilwater,0.0
2023-06-16T00:00:00,Middle_Forest_Soilwater,0.0
2023-06-17T00:00:00,Middle_Forest_Soilwater,0.0
2023-06-18T00:00:00,Middle_Forest_Soilwater,0.0
2023-06-19T00:00:00,Middle_Forest_Soilwater,0.0
2023-06-20T00:00:00,Middle_Forest_Soilwater,0.0
2023-06-21T00:00:00,Middle_Forest_Soilwater,0.0
2023-06-22T00:00:00,Middle_Forest_Soilwater,0.0
2023-06-23T00:00:00,Middle_Forest_Soilwater,0.0
2023-06-24T00:00:00,Middle_Forest_Soilwater,0.0
2023-06-25T00:00:00,Middle_Forest_Soilwater,0.0
2023-06-26T00:00:00,Middle_Forest_Soilwater,0.0
2023-06-27T00:00:00,Middle_Forest_Soilwater,0.0
2023-06-28T00:00:00,Middle_Forest_Soilwater,0.0
2023-06-29T00:00:00,Middle_Forest_Soilwater,0.0
2023-06-30T00:00:00,Middle_Forest_Soilwater,0.0
2023-07-01T00:00:00,Middle_Forest_Soilwater,0.0
2023-07-02T00:00:00,Middle_Forest_Soilwater,0.0
2023-07-03T00:00:00,Middle_Forest_Soilwater,0.0
2023-07-04T00:00:00,Middle_Forest_Soilwater,0.0
2023-07-05T00:00:00,Middle_Forest_Soilwater,0.0
2023-07-06T00:00:00,Middle_Forest_Soilwater,0.0
2023-07-07T00:00:00,Middle_Forest_Soilwater,0.0
2023-07-08T00:00:00,Middle_Forest_Soilwater,0.0
2023-07-09T00:00:00,Middle_Forest_Soilwater,0.0
2023-07-10T00:00:00,Middle_Forest_Soilwater,0.0
2023-07-11T00:00:00,Middle_Forest_Soilwater,0.0
2023-07-12T00:00:00,Middle_Forest_Soilwater,0.0
2023-07-13T00:00:00,Middle_Forest_Soilwater,0.0
2023-07-14T00:00:00,Middle_Forest_Soilwater,0.0
2023-07-15T00:00:00,Middle_Forest_Soilwater,0.0
2023-07-16T00:00:00,Middle_Forest_Soilwater,0.0
2023-07-17T00:00:00,Middle_Forest_Soilwater,0.0
2023-07-18T00:00:00,Middle_Forest_Soilwater,0.0
2023-07-19T00:00:00,Middle_Forest_Soilwater,0.0
2023-07-20T00:00:00,Middle_Forest_Soilwater,0.0
2023-07-21T00:00:00,Middle_Forest_Soilwater,0.0
2023-07-22T00:00:00,Middle_Forest_Soilwater,0.0
2023-07-23T00:00:00,Middle_Forest_Soilwater,0.0
2023-07-24T00:00:00,Middle_Forest_Soilwater,0.0
2023-07-25T00:00:00,Middle_Forest_Soilwater,0.0
2023-07-26T00:00:00,Middle_Forest_Soilwater,0.0
2023-07-27T00:00:00,Middle_Forest_Soilwater,0.0
2023-07-28T00:00:00,Middle_Forest_Soilwater,0.0
2023-07-29T00:00:00,Middle_Forest_Soilwater,0.0
2023-07-30T00:00:00,Middle_Forest_Soilwater,0.0
2023-07-31T00:00:00,Middle_Forest_Soilwater,0.0
2023-08-01T00:00:00,Middle_Forest_Soilwater,0.0
2023-08-02T00:00:00,Middle_Forest_Soilwater,0.0
2023-08-03T00:00:00,Middle_Forest_Soilwater,0.0
2023-08-04T00:00:00,Middle_Forest_Soilwater,0.0
2023-08-05T00:00:00,Middle_Forest_Soilwater,0.0
2023-08-06T00:00:00,Middle_Forest_Soilwater,0.0
2023-08-07T00:00:00,Middle_Forest_Soilwater,0.0
2023-08-08T00:00:00,Middle_Forest_Soilwater,0.0
2023-08-09T00:00:00,Middle_Forest_Soilwater,0.0
2023-08-10T00:00:00,Middle_Forest_Soilwater,0.0
2023-08-11T00:00:00,Middle_Forest_Soilwater,0.0
2023-08-12T00:00:00,Middle_Forest_Soilwater,0.0
2023-08-13T00:00:00,Middle_Forest_Soilwater,0.0
2023-08-14T00:00:00,Middle_Forest_Soilwater,0.0
2023-08-15T00:00:00,Middle_Forest_Soilwater,0.0
2023-08-16T00:00:00,Middle_Forest_Soilwater,0.0
2023-08-17T00:00:00,Middle_Forest_Soilwater,0.0
2023-08-18T00:00:00,Middle_Forest_Soilwater,0.0
2023-08-19T00:00:00,Middle_Forest_Soilwater,0.0
2023-08-20T00:00:00,Middle_Forest_Soilwater,0.0
2023-08-21T00:00:00,Middle_Forest_Soilwater,0.0
2023-08-22T00:00:00,Middle_Forest_Soilwater,0.0
2023-08-23T00:00:00,Middle_Forest_Soilwater,0.0
2023-08-24T00:00:00,Middle_Forest_Soilwater,0.0
2023-08-25T00:00:00,Middle_Forest_Soilwater,0.0
2023-08-26T00:00:00,Middle_Forest_Soilwater,0.0
2023-08-27T00:00:00,Middle_Forest_Soilwater,0.0
2023-08-28T00:00:00,Middle_Forest_Soilwater,0.0
2023-08-29T00:00:00,Middle_Forest_Soilwater,0.0
2023-08-30T00:00:00,Middle_Forest_Soilwater,0.0
2023-08-31T00:00:00,Middle_Forest_Soilwater,0.0
2023-09-01T00:00:00,Middle_Forest_Soilwater,0.0
2023-09-02T00:00:00,Middle_Forest_Soilwater,0.0
2023-09-03T00:00:00,Middle_Forest_Soilwater,0.18824999999999364
2023-09-04T00:00:00,Middle_Forest_Soilwater,0.31192499999999657
2023-09-05T00:00:00,Middle_Forest_Soilwater,0.37098249999999666
2023-09-06T00:00:00,Middle_Forest_Soilwater,0.4051342499999976
2023-09-07T00:00:00,Middle_Forest_Soilwater,0.36462082499999726
2023-09-08T00:00:00,Middle_Forest_Soilwater,0.328158742499997
2023-09-09T00:00:00,Middle_Forest_Soilwater,0.376092868249998
2023-09-10T00:00:00,Middle_Forest_Soilwater,0.37648358142499777
2023-09-11T00:00:00,Middle_Forest_Soilwater,0.5003352232824995
2023-09-12T00:00:00,Middle_Forest_Soilwater,0.60705170095425
2023-09-13T00:00:00,Middle_Forest_Soilwater,0.641346530858823
2023-09-14T00:00:00,Middle_Forest_Soilwater,0.5772118777729418
2023-09-15T00:00:00,Middle_Forest_Soilwater,0.5194906899956465
2023-09-16T00:00:00,Middle_Forest_Soilwater,0.46754162099608154
2023-09-17T00:00:00,Middle_Forest_Soilwater,0.8910374588964715
2023-09-18T00:00:00,Middle_Forest_Soilwater,1.5666837130068245
2023-09-19T00:00:00,Middle_Forest_Soilwater,1.5952653417061413
2023-09-20T00:00:00,Middle_Forest_Soilwater,1.4357388075355262
2023-09-21T00:00:00,Middle_Forest_Soilwater,1.2921649267819733
2023-09-22T00:00:00,Middle_Forest_Soilwater,1.1629484341037768
2023-09-23T00:00:00,Middle_Forest_Soilwater,1.0466535906933985
2023-09-24T00:00:00,Middle_Forest_Soilwater,0.9704882316240572
2023-09-25T00:00:00,Middle_Forest_Soilwater,1.1964394084616516
2023-09-26T00:00:00,Middle_Forest_Soilwater,1.5470454676154846
2023-09-27T00:00:00,Middle_Forest_Soilwater,1.4825909208539372
2023-09-28T00:00:00,Middle_Forest_Soilwater,1.3343318287685435
2023-09-29T00:00:00,Middle_Forest_Soilwater,1.2008986458916895
2023-09-30T00:00:00,Middle_Forest_Soilwater,1.2423087813025206
2023-10-01T00:00:00,Middle_Forest_Soilwater,1.1180779031722694
2023-10-02T00:00:00,Middle_Forest_Soilwater,1.006270112855043
2023-10-03T00:00:00,Middle_Forest_Soilwater,0.9056431015695381
2023-10-04T00:00:00,Middle_Forest_Soilwater,0.8150787914125829
2023-10-05T00:00:00,Middle_Forest_Soilwater,0.7335709122713241
2023-10-06T00:00:00,Middle_Forest_Soilwater,0.6602138210441922
2023-10-07T00:00:00,Middle_Forest_Soilwater,0.5941924389397741
2023-10-08T00:00:00,Middle_Forest_Soilwater,0.5347731950457956
2023-10-09T00:00:00,Middle_Forest_Soilwater,0.8565458755412152
2023-10-10T00:00:00,Middle_Forest_Soilwater,0.8183912879870917
2023-10-11T00:00:00,Middle_Forest_Soilwater,1.0168021591883842
2023-10-12T00:00:00,Middle_Forest_Soilwater,0.9626219432695451
2023-10-13T00:00:00,Middle_Forest_Soilwater,0.9043597489425906
2023-10-14T00:00:00,Middle_Forest_Soilwater,1.070423774048331
2023-10-15T00:00:00,Middle_Forest_Soilwater,1.2198813966434985
2023-10-16T00:00:00,Middle_Forest_Soilwater,1.4446432569791483
2023-10-17T00:00:00,Middle_Forest_Soilwater,1.3001789312812322
2023-10-18T00:00:00,Middle_Forest_Soilwater,1.2224110381531093
2023-10-19T00:00:00,Middle_Forest_Soilwater,1.1001699343377993
2023-10-20T00:00:00,Middle_Forest_Soilwater,0.9901529409040194
2023-10-21T00:00:00,Middle_Forest_Soilwater,1.1381376468136182
2023-10-22T00:00:00,Middle_Forest_Soilwater,1.0243238821322564
2023-10-23T00:00:00,Middle_Forest_Soilwater,0.9218914939190314
2023-10-24T00:00:00,Middle_Forest_Soilwater,0.8297023445271293
2023-10-25T00:00:00,Middle_Forest_Soilwater,0.7467321100744159
2023-10-26T00:00:00,Middle_Forest_Soilwater,0.672058899066974
2023-10-27T00:00:00,Middle_Forest_Soilwater,0.6048530091602772
2023-10-28T00:00:00,Middle_Forest_Soilwater,0.5443677082442492
2023-10-29T00:00:00,Middle_Forest_Soilwater,0.48993093741982535
2023-10-30T00:00:00,Middle_Forest_Soilwater,0.5739378436778452
2023-10-31T00:00:00,Middle_Forest_Soilwater,0.5165440593100613
2023-11-01T00:00:00,Middle_Forest_Soilwater,0.5503896533790539
2023-11-02T00:00:00,Middle_Forest_Soilwater,0.4953506880411482
2023-11-03T00:00:00,Middle_Forest_Soilwater,0.4458156192370325
2023-11-04T00:00:00,Middle_Forest_Soilwater,0.491484057313329
2023-11-05T00:00:00,Middle_Forest_Soilwater,0.4423356515819961
2023-11-06T00:00:00,Middle_Forest_Soilwater,0.39810208642379624
2023-11-07T00:00:00,Middle_Forest_Soilwater,1.2702918777814176
2023-11-08T00:00:00,Middle_Forest_Soilwater,1.4377626900032738
2023-11-09T00:00:00,Middle_Forest_Soilwater,2.2392364210029485
2023-11-10T00:00:00,Middle_Forest_Soilwater,2.015312778902654
2023-11-11T00:00:00,Middle_Forest_Soilwater,1.8137815010123888
2023-11-12T00:00:00,Middle_Forest_Soilwater,1.6324033509111502
2023-11-13T00:00:00,Middle_Forest_Soilwater,1.4691630158200355
2023-11-14T00:00:00,Middle_Forest_Soilwater,1.3222467142380312
2023-11-15T00:00:00,Middle_Forest_Soilwater,1.1900220428142292
2023-11-16T00:00:00,Middle_Forest_Soilwater,1.0710198385328056
2023-11-17T00:00:00,Middle_Forest_Soilwater,0.9639178546795251
2023-11-18T00:00:00,Middle_Forest_Soilwater,0.8675260692115728
2023-11-19T00:00:00,Middle_Forest_Soilwater,0.9280234622904147
2023-11-20T00:00:00,Middle_Forest_Soilwater,0.8352211160613735
2023-11-21T00:00:00,Middle_Forest_Soilwater,0.7516990044552359
2023-11-22T00:00:00,Middle_Forest_Soilwater,0.6765291040097111
2023-11-23T00:00:00,Middle_Forest_Soilwater,1.4591261936087392
2023-11-24T00:00:00,Middle_Forest_Soilwater,1.602963574247866
2023-11-25T00:00:00,Middle_Forest_Soilwater,1.5424172168230799
2023-11-26T00:00:00,Middle_Forest_Soilwater,1.4641754951407706
2023-11-27T00:00:00,Middle_Forest_Soilwater,1.859257945626692
2023-11-28T00:00:00,Middle_Forest_Soilwater,1.6733321510640224
2023-11-29T00:00:00,Middle_Forest_Soilwater,1.5677489359576215
2023-11-30T00:00:00,Middle_Forest_Soilwater,1.4109740423618604
2023-12-01T00:00:00,Middle_Forest_Soilwater,1.5263766381256745
2023-12-02T00:00:00,Middle_Forest_Soilwater,2.7512389743131083
2023-12-03T00:00:00,Middle_Forest_Soilwater,2.794365076881798
2023-12-04T00:00:00,Middle_Forest_Soilwater,2.5149285691936174
2023-12-05T00:00:00,Middle_Forest_Soilwater,2.263435712274256
2023-12-06T00:00:00,Middle_Forest_Soilwater,2.03709214104683
2023-12-07T00:00:00,Middle_Forest_Soilwater,1.8333829269421473
2023-12-08T00:00:00,Middle_Forest_Soilwater,1.716544634247933
2023-12-09T00:00:00,Middle_Forest_Soilwater,1.5448901708231404
2023-12-10T00:00:00,Middle_Forest_Soilwater,1.3904011537408252
2023-12-11T00:00:00,Middle_Forest_Soilwater,1.2513610383667413
2023-12-12T00:00:00,Middle_Forest_Soilwater,1.1262249345300661
2023-12-13T00:00:00,Middle_Forest_Soilwater,1.0611024410770598
2023-12-14T00:00:00,Middle_Forest_Soilwater,0.9549921969693543
2023-12-15T00:00:00,Middle_Forest_Soilwater,0.8594929772724186
2023-12-16T00:00:00,Middle_Forest_Soilwater,1.0395436795451758
2023-12-17T00:00:00,Middle_Forest_Soilwater,0.9355893115906583
2023-12-18T00:00:00,Middle_Forest_Soilwater,0.8420303804315922
2023-12-19T00:00:00,Middle_Forest_Soilwater,0.8338273423884317
2023-12-20T00:00:00,Middle_Forest_Soilwater,1.0449446081495866
2023-12-21T00:00:00,Middle_Forest_Soilwater,1.0069501473346265
2023-12-22T00:00:00,Middle_Forest_Soilwater,0.906255132601163
2023-12-23T00:00:00,Middle_Forest_Soilwater,1.485379619341046
2023-12-24T00:00:00,Middle_Forest_Soilwater,1.493591657406941
2023-12-25T00:00:00,Middle_Forest_Soilwater,1.3442324916662471
2023-12-26T00:00:00,Middle_Forest_Soilwater,1.2098092424996225
2023-12-27T00:00:00,Middle_Forest_Soilwater,1.2550783182496588
2023-12-28T00:00:00,Middle_Forest_Soilwater,1.7423204864246942
2023-12-29T00:00:00,Middle_Forest_Soilwater,1.6440884377822245
2023-12-30T00:00:00,Middle_Forest_Soilwater,1.5746795940040017
2023-12-31T00:00:00,Middle_Forest_Soilwater,1.516961634603601
2024-01-01T00:00:00,Middle_Forest_Soilwater,1.4887654711432419
2024-01-02T00:00:00,Middle_Forest_Soilwater,1.4538889240289166
2024-01-03T00:00:00,Middle_Forest_Soilwater,1.308500031626025
2024-01-04T00:00:00,Middle_Forest_Soilwater,1.38190002846342
2024-01-05T00:00:00,Middle_Forest_Soilwater,1.376710025617078
2024-01-06T00:00:00,Middle_Forest_Soilwater,1.2390390230553692
2024-01-07T00:00:00,Middle_Forest_Soilwater,1.1151351207498323
2024-01-08T00:00:00,Middle_Forest_Soilwater,1.0036216086748482
2024-01-09T00:00:00,Middle_Forest_Soilwater,0.9032594478073634
2024-01-10T00:00:00,Middle_Forest_Soilwater,0.8129335030266276
2024-01-11T00:00:00,Middle_Forest_Soilwater,0.7316401527239634
2024-01-12T00:00:00,Middle_Forest_Soilwater,0.6584761374515665
2024-01-13T00:00:00,Middle_Forest_Soilwater,0.5926285237064093
2024-01-14T00:00:00,Middle_Forest_Soilwater,0.5333656713357698
2024-01-15T00:00:00,Middle_Forest_Soilwater,0.632029104202195
2024-01-16T00:00:00,Middle_Forest_Soilwater,1.3383261937819755
2024-01-17T00:00:00,Middle_Forest_Soilwater,1.2044935744037788
2024-01-18T00:00:00,Middle_Forest_Soilwater,1.1600442169633993
2024-01-19T00:00:00,Middle_Forest_Soilwater,1.2862897952670609
2024-01-20T00:00:00,Middle_Forest_Soilwater,1.3096608157403553
2024-01-21T00:00:00,Middle_Forest_Soilwater,1.6536947341663195
2024-01-22T00:00:00,Middle_Forest_Soilwater,1.5215752607496882
2024-01-23T00:00:00,Middle_Forest_Soilwater,1.3694177346747183
2024-01-24T00:00:00,Middle_Forest_Soilwater,1.2324759612072456
2024-01-25T00:00:00,Middle_Forest_Soilwater,1.1092283650865198
2024-01-26T00:00:00,Middle_Forest_Soilwater,0.9983055285778676
2024-01-27T00:00:00,Middle_Forest_Soilwater,0.8984749757200803
2024-01-28T00:00:00,Middle_Forest_Soilwater,0.8086274781480711
2024-01-29T00:00:00,Middle_Forest_Soilwater,0.7277647303332628
2024-01-30T00:00:00,Middle_Forest_Soilwater,0.8402382572999358
2024-01-31T00:00:00,Middle_Forest_Soilwater,0.8369644315699418
2024-02-01T00:00:00,Middle_Forest_Soilwater,0.7532679884129465
2024-02-02T00:00:00,Middle_Forest_Soilwater,0.7824411895716509
2024-02-03T00:00:00,Middle_Forest_Soilwater,0.7041970706144867
2024-02-04T00:00:00,Middle_Forest_Soilwater,0.6337773635530368
2024-02-05T00:00:00,Middle_Forest_Soilwater,0.5703996271977332
2024-02-06T00:00:00,Middle_Forest_Soilwater,0.5133596644779601
2024-02-07T00:00:00,Middle_Forest_Soilwater,0.4620236980301627
2024-02-08T00:00:00,Middle_Forest_Soilwater,0.41582132822714757
2024-02-09T00:00:00,Middle_Forest_Soilwater,0.3742391954044337
2024-02-10T00:00:00,Middle_Forest_Soilwater,0.33681527586398946
2024-02-11T00:00:00,Middle_Forest_Soilwater,0.36013374827759037
2024-02-12T00:00:00,Middle_Forest_Soilwater,0.3953703734498305
2024-02-13T00:00:00,Middle_Forest_Soilwater,0.3558333361048483
2024-02-14T00:00:00,Middle_Forest_Soilwater,0.32025000249436464
2024-02-15T00:00:00,Middle_Forest_Soilwater,0.38797500224492865
2024-02-16T00:00:00,Middle_Forest_Soilwater,0.3491775020204358
2024-02-17T00:00:00,Middle_Forest_Soilwater,0.31425975181839194
2024-02-18T00:00:00,Middle_Forest_Soilwater,0.28283377663655357
2024-02-19T00:00:00,Middle_Forest_Soilwater,0.2545503989728985
2024-02-20T00:00:00,Middle_Forest_Soilwater,0.22909535907560896
2024-02-21T00:00:00,Middle_Forest_Soilwater,0.20618582316804748
2024-02-22T00:00:00,Middle_Forest_Soilwater,0.18556724085124188
2024-02-23T00:00:00,Middle_Forest_Soilwater,0.1670105167661177
2024-02-24T00:00:00,Middle_Forest_Soilwater,0.1503094650895065
2024-02-25T00:00:00,Middle_Forest_Soilwater,0.22077851858055342
2024-02-26T00:00:00,Middle_Forest_Soilwater,0.19870066672249892
2024-02-27T00:00:00,Middle_Forest_Soilwater,0.17883060005025017
2024-02-28T00:00:00,Middle_Forest_Soilwater,0.8116975400452248
2024-02-29T00:00:00,Middle_Forest_Soilwater,1.0107777860407026
2024-03-01T00:00:00,Middle_Forest_Soilwater,1.0189500074366322
2024-03-02T00:00:00,Middle_Forest_Soilwater,0.9788050066929685
2024-03-03T00:00:00,Middle_Forest_Soilwater,0.880924506023672
2024-03-04T00:00:00,Middle_Forest_Soilwater,0.792832055421306
2024-03-05T00:00:00,Middle_Forest_Soilwater,0.7135488498791744
2024-03-06T00:00:00,Middle_Forest_Soilwater,0.8986939648912569
2024-03-07T00:00:00,Middle_Forest_Soilwater,1.1318245684021293
2024-03-08T00:00:00,Middle_Forest_Soilwater,1.0186421115619169
2024-03-09T00:00:00,Middle_Forest_Soilwater,0.9547779004057247
2024-03-10T00:00:00,Middle_Forest_Soilwater,0.8593001103651517
2024-03-11T00:00:00,Middle_Forest_Soilwater,0.8636200993286366
2024-03-12T00:00:00,Middle_Forest_Soilwater,0.7772580893957723
2024-03-13T00:00:00,Middle_Forest_Soilwater,0.9370322804561966
2024-03-14T00:00:00,Middle_Forest_Soilwater,0.8433290524105758
2024-03-15T00:00:00,Middle_Forest_Soilwater,0.7589961471695177
2024-03-16T00:00:00,Middle_Forest_Soilwater,0.7305965324525658
2024-03-17T00:00:00,Middle_Forest_Soilwater,0.8237868792073102
2024-03-18T00:00:00,Middle_Forest_Soilwater,0.7889081912865777
2024-03-19T00:00:00,Middle_Forest_Soilwater,0.7717673721579218
2024-03-20T00:00:00,Middle_Forest_Soilwater,0.7800906349421297
2024-03-21T00:00:00,Middle_Forest_Soilwater,0.702081571447917
2024-03-22T00:00:00,Middle_Forest_Soilwater,0.6318734143031265
2024-03-23T00:00:00,Middle_Forest_Soilwater,0.6114360728728144
2024-03-24T00:00:00,Middle_Forest_Soilwater,0.5930424655855348
2024-03-25T00:00:00,Middle_Forest_Soilwater,0.5954882190269813
2024-03-26T00:00:00,Middle_Forest_Soilwater,0.6641893971242837
2024-03-27T00:00:00,Middle_Forest_Soilwater,0.783020457411854
2024-03-28T00:00:00,Middle_Forest_Soilwater,0.8804684116706682
2024-03-29T00:00:00,Middle_Forest_Soilwater,0.7924215705036005
2024-03-30T00:00:00,Middle_Forest_Soilwater,0.7131794134532413
2024-03-31T00:00:00,Middle_Forest_Soilwater,0.8081114721079161
2024-04-01T00:00:00,Middle_Forest_Soilwater,0.774800324897123
2024-04-02T00:00:00,Middle_Forest_Soilwater,0.8778202924074123
2024-04-03T00:00:00,Middle_Forest_Soilwater,0.7900382631666703
2024-04-04T00:00:00,Middle_Forest_Soilwater,0.7110344368500023
2024-04-05T00:00:00,Middle_Forest_Soilwater,0.7016809931650017
2024-04-06T00:00:00,Middle_Forest_Soilwater,0.6315128938485004
2024-04-07T00:00:00,Middle_Forest_Soilwater,0.5683616044636495
2024-04-08T00:00:00,Middle_Forest_Soilwater,0.5115254440172834
2024-04-09T00:00:00,Middle_Forest_Soilwater,0.6693728996155557
2024-04-10T00:00:00,Middle_Forest_Soilwater,0.6024356096540004
2024-04-11T00:00:00,Middle_Forest_Soilwater,0.5421920486885995
2024-04-12T00:00:00,Middle_Forest_Soilwater,0.5639728438197381
2024-04-13T00:00:00,Middle_Forest_Soilwater,0.5075755594377654
2024-04-14T00:00:00,Middle_Forest_Soilwater,0.45681800349399
2024-04-15T00:00:00,Middle_Forest_Soilwater,0.4111362031445907
2024-04-16T00:00:00,Middle_Forest_Soilwater,0.4175225828301308
2024-04-17T00:00:00,Middle_Forest_Soilwater,0.6512703245471188
2024-04-18T00:00:00,Middle_Forest_Soilwater,0.5861432920924073
2024-04-19T00:00:00,Middle_Forest_Soilwater,0.5275289628831672
2024-04-20T00:00:00,Middle_Forest_Soilwater,0.4747760665948505
2024-04-21T00:00:00,Middle_Forest_Soilwater,0.46529845993536584
2024-04-22T00:00:00,Middle_Forest_Soilwater,0.4187686139418304
2024-04-23T00:00:00,Middle_Forest_Soilwater,0.3768917525476468
2024-04-24T00:00:00,Middle_Forest_Soilwater,0.3392025772928833
2024-04-25T00:00:00,Middle_Forest_Soilwater,0.3052823195635938
2024-04-26T00:00:00,Middle_Forest_Soilwater,0.27475408760723496
2024-04-27T00:00:00,Middle_Forest_Soilwater,0.24727867884651006
2024-04-28T00:00:00,Middle_Forest_Soilwater,0.2225508109618602
2024-04-29T00:00:00,Middle_Forest_Soilwater,0.30479572986567405
2024-04-30T00:00:00,Middle_Forest_Soilwater,0.27431615687910665
2024-05-01T00:00:00,Middle_Forest_Soilwater,0.2468845411911957
2024-05-02T00:00:00,Middle_Forest_Soilwater,0.30769608707207396
2024-05-03T00:00:00,Middle_Forest_Soilwater,0.276926478364868
2024-05-04T00:00:00,Middle_Forest_Soilwater,0.24923383052838233
2024-05-05T00:00:00,Middle_Forest_Soilwater,0.22431044747554552
2024-05-06T00:00:00,Middle_Forest_Soilwater,0.201879402727991
2024-05-07T00:00:00,Middle_Forest_Soilwater,0.2624414624551918
2024-05-08T00:00:00,Middle_Forest_Soilwater,0.35494731620967174
2024-05-09T00:00:00,Middle_Forest_Soilwater,0.6519525845887046
2024-05-10T00:00:00,Middle_Forest_Soilwater,0.6817573261298322
2024-05-11T00:00:00,Middle_Forest_Soilwater,0.7133315935168497
2024-05-12T00:00:00,Middle_Forest_Soilwater,0.6419984341651657
2024-05-13T00:00:00,Middle_Forest_Soilwater,0.6727985907486471
2024-05-14T00:00:00,Middle_Forest_Soilwater,0.7385187316737842
2024-05-15T00:00:00,Middle_Forest_Soilwater,0.7691668585064037
2024-05-16T00:00:00,Middle_Forest_Soilwater,0.787250172655763
2024-05-17T00:00:00,Middle_Forest_Soilwater,0.7085251553901856
2024-05-18T00:00:00,Middle_Forest_Soilwater,0.6376726398511665
2024-05-19T00:00:00,Middle_Forest_Soilwater,0.5739053758660504
2024-05-20T00:00:00,Middle_Forest_Soilwater,0.5497648382794467
2024-05-21T00:00:00,Middle_Forest_Soilwater,0.5280383544515018
2024-05-22T00:00:00,Middle_Forest_Soilwater,0.4752345190063523
2024-05-23T00:00:00,Middle_Forest_Soilwater,0.4277110671057159
2024-05-24T00:00:00,Middle_Forest_Soilwater,0.384939960395144
2024-05-25T00:00:00,Middle_Forest_Soilwater,0.34644596435562963
2024-05-26T00:00:00,Middle_Forest_Soilwater,0.3118013679200658
2024-05-27T00:00:00,Middle_Forest_Soilwater,0.28062123112806037
2024-05-28T00:00:00,Middle_Forest_Soilwater,0.2525591080152538
2024-05-29T00:00:00,Middle_Forest_Soilwater,0.22730319721372894
2024-05-30T00:00:00,Middle_Forest_Soilwater,0.20457287749235606
2024-05-31T00:00:00,Middle_Forest_Soilwater,0.18411558974312073
2024-06-01T00:00:00,Middle_Forest_Soilwater,0.1657040307688078
2024-06-02T00:00:00,Middle_Forest_Soilwater,0.14913362769192703
2024-06-03T00:00:00,Middle_Forest_Soilwater,0.13422026492273462
2024-06-04T00:00:00,Middle_Forest_Soilwater,0.12079823843046143
2024-06-05T00:00:00,Middle_Forest_Soilwater,0.10871841458741471
2024-06-06T00:00:00,Middle_Forest_Soilwater,0.09784657312867467
2024-06-07T00:00:00,Middle_Forest_Soilwater,0.08806191581580834
2024-06-08T00:00:00,Middle_Forest_Soilwater,0.07925572423422694
2024-06-09T00:00:00,Middle_Forest_Soilwater,0.07133015181080396
2024-06-10T00:00:00,Middle_Forest_Soilwater,0.06419713662972414
2024-06-11T00:00:00,Middle_Forest_Soilwater,0.057777422966751146
2024-06-12T00:00:00,Middle_Forest_Soilwater,0.051999680670076036
2024-06-13T00:00:00,Middle_Forest_Soilwater,0.04679971260306957
2024-06-14T00:00:00,Middle_Forest_Soilwater,0.04211974134276204
2024-06-15T00:00:00,Middle_Forest_Soilwater,0.037907767208486126
2024-06-16T00:00:00,Middle_Forest_Soilwater,0.034116990487638076
2024-06-17T00:00:00,Middle_Forest_Soilwater,0.03070529143887484
2024-06-18T00:00:00,Middle_Forest_Soilwater,0.027634762294988492
2024-06-19T00:00:00,Middle_Forest_Soilwater,0.024871286065490494
2024-06-20T00:00:00,Middle_Forest_Soilwater,0.022384157458941446
2024-06-21T00:00:00,Middle_Forest_Soilwater,0.020145741713048438
2024-06-22T00:00:00,Middle_Forest_Soilwater,0.018131167541744733
2024-06-23T00:00:00,Middle_Forest_Soilwater,0.016318050787569406
2024-06-24T00:00:00,Middle_Forest_Soilwater,0.014686245708813318
2024-06-25T00:00:00,Middle_Forest_Soilwater,0.013217621137931701
2024-06-26T00:00:00,Middle_Forest_Soilwater,0.0118958590241391
2024-06-27T00:00:00,Middle_Forest_Soilwater,0.010706273121724053
2024-06-28T00:00:00,Middle_Forest_Soilwater,0.009635645809552784
2024-06-29T00:00:00,Middle_Forest_Soilwater,0.008672081228598928
2024-06-30T00:00:00,Middle_Forest_Soilwater,0.007804873105737898
2024-07-01T00:00:00,Middle_Forest_Soilwater,0.007024385795165245
2024-07-02T00:00:00,Middle_Forest_Soilwater,0.006321947215647584
2024-07-03T00:00:00,Middle_Forest_Soilwater,0.005689752494083678
2024-07-04T00:00:00,Middle_Forest_Soilwater,0.0051207772446758785
2024-07-05T00:00:00,Middle_Forest_Soilwater,0.004608699520207438
2024-07-06T00:00:00,Middle_Forest_Soilwater,0.004147829568185557
2024-07-07T00:00:00,Middle_Forest_Soilwater,0.0037330466113672856
2024-07-08T00:00:00,Middle_Forest_Soilwater,0.00335974195023141
2024-07-09T00:00:00,Middle_Forest_Soilwater,0.0030237677552094055
2024-07-10T00:00:00,Middle_Forest_Soilwater,0.0027213909796898863
2024-07-11T00:00:00,Middle_Forest_Soilwater,0.002449251881719761
2024-07-12T00:00:00,Middle_Forest_Soilwater,0.002204326693546932
2024-07-13T00:00:00,Middle_Forest_Soilwater,0.5909838940241912
2024-07-14T00:00:00,Middle_Forest_Soilwater,0.7218855046217727
2024-07-15T00:00:00,Middle_Forest_Soilwater,0.6496969541595945
2024-07-16T00:00:00,Middle_Forest_Soilwater,0.7367272587436361
2024-07-17T00:00:00,Middle_Forest_Soilwater,0.8625545328692739
2024-07-18T00:00:00,Middle_Forest_Soilwater,0.8475490795823476
2024-07-19T00:00:00,Middle_Forest_Soilwater,1.1475441716241137
2024-07-20T00:00:00,Middle_Forest_Soilwater,1.1040397544617038
2024-07-21T00:00:00,Middle_Forest_Soilwater,0.9936357790155341
2024-07-22T00:00:00,Middle_Forest_Soilwater,0.8942722011139808
2024-07-23T00:00:00,Middle_Forest_Soilwater,0.9093449810025818
2024-07-24T00:00:00,Middle_Forest_Soilwater,0.8184104829023227
2024-07-25T00:00:00,Middle_Forest_Soilwater,0.7365694346120905
2024-07-26T00:00:00,Middle_Forest_Soilwater,0.6629124911508826
2024-07-27T00:00:00,Middle_Forest_Soilwater,0.5966212420357948
2024-07-28T00:00:00,Middle_Forest_Soilwater,0.536959117832214
2024-07-29T00:00:00,Middle_Forest_Soilwater,0.4832632060489914
2024-07-30T00:00:00,Middle_Forest_Soilwater,0.43493688544409115
2024-07-31T00:00:00,Middle_Forest_Soilwater,0.3914431968996809
2024-08-01T00:00:00,Middle_Forest_Soilwater,0.35229887720971365
2024-08-02T00:00:00,Middle_Forest_Soilwater,0.3170689894887431
2024-08-03T00:00:00,Middle_Forest_Soilwater,0.28536209053986855
2024-08-04T00:00:00,Middle_Forest_Soilwater,0.2568258814858808
2024-08-05T00:00:00,Middle_Forest_Soilwater,0.23114329333729416
2024-08-06T00:00:00,Middle_Forest_Soilwater,0.20802896400356588
2024-08-07T00:00:00,Middle_Forest_Soilwater,0.18722606760320845
2024-08-08T00:00:00,Middle_Forest_Soilwater,0.2635034608428867
2024-08-09T00:00:00,Middle_Forest_Soilwater,0.37965311475859953
2024-08-10T00:00:00,Middle_Forest_Soilwater,0.3939378032827392
2024-08-11T00:00:00,Middle_Forest_Soilwater,0.3545440229544653
2024-08-12T00:00:00,Middle_Forest_Soilwater,0.31908962065901963
2024-08-13T00:00:00,Middle_Forest_Soilwater,0.2871806585931182
2024-08-14T00:00:00,Middle_Forest_Soilwater,0.35346259273380554
2024-08-15T00:00:00,Middle_Forest_Soilwater,0.31811633346042645
2024-08-16T00:00:00,Middle_Forest_Soilwater,0.28630470011438264
2024-08-17T00:00:00,Middle_Forest_Soilwater,0.2576742301029441
2024-08-18T00:00:00,Middle_Forest_Soilwater,0.23190680709265055
2024-08-19T00:00:00,Middle_Forest_Soilwater,0.284716126383384
2024-08-20T00:00:00,Middle_Forest_Soilwater,0.2562445137450453
2024-08-21T00:00:00,Middle_Forest_Soilwater,0.3161200623705412
2024-08-22T00:00:00,Middle_Forest_Soilwater,0.2845080561334868
2024-08-23T00:00:00,Middle_Forest_Soilwater,0.25605725052013784
2024-08-24T00:00:00,Middle_Forest_Soilwater,0.23045152546812347
2024-08-25T00:00:00,Middle_Forest_Soilwater,0.20740637292131225
2024-08-26T00:00:00,Middle_Forest_Soilwater,0.3054157356291796
2024-08-27T00:00:00,Middle_Forest_Soilwater,0.3461241620662634
2024-08-28T00:00:00,Middle_Forest_Soilwater,0.3115117458596359
2024-08-29T00:00:00,Middle_Forest_Soilwater,0.3516105712736732
2024-08-30T00:00:00,Middle_Forest_Soilwater,0.316449514146305
2024-08-31T00:00:00,Middle_Forest_Soilwater,0.28480456273167365
2024-09-01T00:00:00,Middle_Forest_Soilwater,0.46532410645850747
2024-09-02T00:00:00,Middle_Forest_Soilwater,0.41879169581265785
2024-09-03T00:00:00,Middle_Forest_Soilwater,0.3769125262313935
2024-09-04T00:00:00,Middle_Forest_Soilwater,0.33922127360825416
2024-09-05T00:00:00,Middle_Forest_Soilwater,0.3052991462474296
2024-09-06T00:00:00,Middle_Forest_Soilwater,0.27476923162268746
2024-09-07T00:00:00,Middle_Forest_Soilwater,0.24729230846041902
2024-09-08T00:00:00,Middle_Forest_Soilwater,0.222563077614376
2024-09-09T00:00:00,Middle_Forest_Soilwater,0.5708067698529391
2024-09-10T00:00:00,Middle_Forest_Soilwater,0.8414760928676458
2024-09-11T00:00:00,Middle_Forest_Soilwater,0.7573284835808807
2024-09-12T00:00:00,Middle_Forest_Soilwater,0.6815956352227914
2024-09-13T00:00:00,Middle_Forest_Soilwater,0.9506860717005111
2024-09-14T00:00:00,Middle_Forest_Soilwater,0.9601174645304582
2024-09-15T00:00:00,Middle_Forest_Soilwater,1.0778557180774102
2024-09-16T00:00:00,Middle_Forest_Soilwater,0.9700701462696686
2024-09-17T00:00:00,Middle_Forest_Soilwater,0.8730631316427009
2024-09-18T00:00:00,Middle_Forest_Soilwater,0.7857568184784299
2024-09-19T00:00:00,Middle_Forest_Soilwater,0.8211811366305852
2024-09-20T00:00:00,Middle_Forest_Soilwater,0.7390630229675254
2024-09-21T00:00:00,Middle_Forest_Soilwater,0.6651567206707739
2024-09-22T00:00:00,Middle_Forest_Soilwater,0.5986410486036959
2024-09-23T00:00:00,Middle_Forest_Soilwater,0.5387769437433264
2024-09-24T00:00:00,Middle_Forest_Soilwater,0.4848992493689934
2024-09-25T00:00:00,Middle_Forest_Soilwater,0.7309093244320934
2024-09-26T00:00:00,Middle_Forest_Soilwater,0.6578183919888829
2024-09-27T00:00:00,Middle_Forest_Soilwater,0.5920365527899947
2024-09-28T00:00:00,Middle_Forest_Soilwater,0.532832897510994
2024-09-29T00:00:00,Middle_Forest_Soilwater,0.4795496077598955
2024-09-30T00:00:00,Middle_Forest_Soilwater,0.4315946469839048
2024-10-01T00:00:00,Middle_Forest_Soilwater,0.38843518228551377
2024-10-02T00:00:00,Middle_Forest_Soilwater,0.34959166405696185
2024-10-03T00:00:00,Middle_Forest_Soilwater,0.31463249765126594
2024-10-04T00:00:00,Middle_Forest_Soilwater,0.28316924788613845
2024-10-05T00:00:00,Middle_Forest_Soilwater,0.2548523230975235
2024-10-06T00:00:00,Middle_Forest_Soilwater,0.22936709078776973
2024-10-07T00:00:00,Middle_Forest_Soilwater,0.2064303817089922
2024-10-08T00:00:00,Middle_Forest_Soilwater,0.1857873435380924
2024-10-09T00:00:00,Middle_Forest_Soilwater,0.23370860918428207
2024-10-10T00:00:00,Middle_Forest_Soilwater,0.637837748265855
2024-10-11T00:00:00,Middle_Forest_Soilwater,0.5740539734392683
2024-10-12T00:00:00,Middle_Forest_Soilwater,0.5166485760953407
2024-10-13T00:00:00,Middle_Forest_Soilwater,0.4649837184858058
2024-10-14T00:00:00,Middle_Forest_Soilwater,0.41848534663722603
2024-10-15T00:00:00,Middle_Forest_Soilwater,0.37663681197350346
2024-10-16T00:00:00,Middle_Forest_Soilwater,0.33897313077615365
2024-10-17T00:00:00,Middle_Forest_Soilwater,0.30507581769853687
2024-10-18T00:00:00,Middle_Forest_Soilwater,0.2745682359286832
2024-10-19T00:00:00,Middle_Forest_Soilwater,0.24711141233581488
2024-10-20T00:00:00,Middle_Forest_Soilwater,0.22240027110223368
2024-10-21T00:00:00,Middle_Forest_Soilwater,0.2001602439920106
2024-10-22T00:00:00,Middle_Forest_Soilwater,0.18014421959281038
2024-10-23T00:00:00,Middle_Forest_Soilwater,0.1621297976335285
2024-10-24T00:00:00,Middle_Forest_Soilwater,0.14591681787017594
2024-10-25T00:00:00,Middle_Forest_Soilwater,0.13132513608315718
2024-10-26T00:00:00,Middle_Forest_Soilwater,0.11819262247484233
2024-10-27T00:00:00,Middle_Forest_Soilwater,0.10637336022735724
2024-10-28T00:00:00,Middle_Forest_Soilwater,0.1432360242046201
2024-10-29T00:00:00,Middle_Forest_Soilwater,0.12891242178415893
2024-10-30T00:00:00,Middle_Forest_Soilwater,1.1040211796057435
2024-10-31T00:00:00,Middle_Forest_Soilwater,1.1978690616451673
2024-11-01T00:00:00,Middle_Forest_Soilwater,1.2015821554806507
2024-11-02T00:00:00,Middle_Forest_Soilwater,1.0814239399325858
2024-11-03T00:00:00,Middle_Forest_Soilwater,1.0397815459393258
2024-11-04T00:00:00,Middle_Forest_Soilwater,0.9358033913453938
2024-11-05T00:00:00,Middle_Forest_Soilwater,0.8422230522108549
2024-11-06T00:00:00,Middle_Forest_Soilwater,0.758000746989768
2024-11-07T00:00:00,Middle_Forest_Soilwater,0.6822006722907901
2024-11-08T00:00:00,Middle_Forest_Soilwater,1.459480605061711
2024-11-09T00:00:00,Middle_Forest_Soilwater,1.3135325445555397
2024-11-10T00:00:00,Middle_Forest_Soilwater,1.1821792900999868
2024-11-11T00:00:00,Middle_Forest_Soilwater,1.6814613610899898
2024-11-12T00:00:00,Middle_Forest_Soilwater,1.5133152249809911
2024-11-13T00:00:00,Middle_Forest_Soilwater,1.3619837024828911
2024-11-14T00:00:00,Middle_Forest_Soilwater,1.3160353322346028
2024-11-15T00:00:00,Middle_Forest_Soilwater,1.1844317990111422
2024-11-16T00:00:00,Middle_Forest_Soilwater,1.1277386191100278
2024-11-17T00:00:00,Middle_Forest_Soilwater,1.0149647571990243
2024-11-18T00:00:00,Middle_Forest_Soilwater,1.2364682814791224
2024-11-19T00:00:00,Middle_Forest_Soilwater,1.1128214533312104
2024-11-20T00:00:00,Middle_Forest_Soilwater,1.0015393079980897
2024-11-21T00:00:00,Middle_Forest_Soilwater,0.9013853771982809
2024-11-22T00:00:00,Middle_Forest_Soilwater,0.8112468394784514
2024-11-23T00:00:00,Middle_Forest_Soilwater,0.7301221555306058
2024-11-24T00:00:00,Middle_Forest_Soilwater,0.6571099399775449
2024-11-25T00:00:00,Middle_Forest_Soilwater,0.5913989459797904
2024-11-26T00:00:00,Middle_Forest_Soilwater,0.5322590513818114
2024-11-27T00:00:00,Middle_Forest_Soilwater,0.47903314624363136
2024-11-28T00:00:00,Middle_Forest_Soilwater,0.43112983161926766
2024-11-29T00:00:00,Middle_Forest_Soilwater,0.3880168484573403
2024-11-30T00:00:00,Middle_Forest_Soilwater,0.4869651636116061
2024-12-01T00:00:00,Middle_Forest_Soilwater,0.8135186472504444
2024-12-02T00:00:00,Middle_Forest_Soilwater,0.8034167825254003
2024-12-03T00:00:00,Middle_Forest_Soilwater,0.7943251042728605
2024-12-04T00:00:00,Middle_Forest_Soilwater,0.7148925938455734
2024-12-05T00:00:00,Middle_Forest_Soilwater,0.6434033344610157
2024-12-06T00:00:00,Middle_Forest_Soilwater,0.579063001014913
2024-12-07T00:00:00,Middle_Forest_Soilwater,0.5211567009134228
2024-12-08T00:00:00,Middle_Forest_Soilwater,0.46904103082208054
2024-12-09T00:00:00,Middle_Forest_Soilwater,0.42213692773987366
2024-12-10T00:00:00,Middle_Forest_Soilwater,0.37992323496588654
2024-12-11T00:00:00,Middle_Forest_Soilwater,0.3419309114692965
2024-12-12T00:00:00,Middle_Forest_Soilwater,0.3077378203223674
2024-12-13T00:00:00,Middle_Forest_Soilwater,0.2769640382901315
2024-12-14T00:00:00,Middle_Forest_Soilwater,0.24926763446111977
2024-12-15T00:00:00,Middle_Forest_Soilwater,0.2243408710150078
2024-12-16T00:00:00,Middle_Forest_Soilwater,0.5534067839135048
2024-12-17T00:00:00,Middle_Forest_Soilwater,0.8353161055221534
2024-12-18T00:00:00,Middle_Forest_Soilwater,0.9750344949699383
2024-12-19T00:00:00,Middle_Forest_Soilwater,0.8775310454729436
2024-12-20T00:00:00,Middle_Forest_Soilwater,0.9797779409256493
2024-12-21T00:00:00,Middle_Forest_Soilwater,0.8818001468330835
2024-12-22T00:00:00,Middle_Forest_Soilwater,0.7936201321497749
2024-12-23T00:00:00,Middle_Forest_Soilwater,0.7807581189347957
2024-12-24T00:00:00,Middle_Forest_Soilwater,0.7786823070413164
2024-12-25T00:00:00,Middle_Forest_Soilwater,0.7008140763371842
2024-12-26T00:00:00,Middle_Forest_Soilwater,0.6307326687034647
2024-12-27T00:00:00,Middle_Forest_Soilwater,0.5676594018331172
2024-12-28T00:00:00,Middle_Forest_Soilwater,0.6248934616498047
2024-12-29T00:00:00,Middle_Forest_Soilwater,0.5624041154848243
2024-12-30T00:00:00,Middle_Forest_Soilwater,0.5061637039363405
2024-12-31T00:00:00,Middle_Forest_Soilwater,0.45554733354270527
2025-01-01T00:00:00,Middle_Forest_Soilwater,0.4099926001884342
2025-01-02T00:00:00,Middle_Forest_Soilwater,0.3689933401695896
2025-01-03T00:00:00,Middle_Forest_Soilwater,0.3320940061526301
2025-01-04T00:00:00,Middle_Forest_Soilwater,0.29888460553736707
2025-01-05T00:00:00,Middle_Forest_Soilwater,0.5967461449836293
2025-01-06T00:00:00,Middle_Forest_Soilwater,0.5370715304852667
2025-01-07T00:00:00,Middle_Forest_Soilwater,0.48336437743674027
2025-01-08T00:00:00,Middle_Forest_Soilwater,0.7295279396930653
2025-01-09T00:00:00,Middle_Forest_Soilwater,0.6565751457237582
2025-01-10T00:00:00,Middle_Forest_Soilwater,0.5909176311513819
2025-01-11T00:00:00,Middle_Forest_Soilwater,0.5318258680362448
2025-01-12T00:00:00,Middle_Forest_Soilwater,0.4786432812326211
2025-01-13T00:00:00,Middle_Forest_Soilwater,0.43077895310935904
2025-01-14T00:00:00,Middle_Forest_Soilwater,0.3877010577984237
2025-01-15T00:00:00,Middle_Forest_Soilwater,0.34893095201858276
2025-01-16T00:00:00,Middle_Forest_Soilwater,0.314037856816725
2025-01-17T00:00:00,Middle_Forest_Soilwater,0.9048840711350522
2025-01-18T00:00:00,Middle_Forest_Soilwater,0.8143956640215464
2025-01-19T00:00:00,Middle_Forest_Soilwater,0.7329560976193932
2025-01-20T00:00:00,Middle_Forest_Soilwater,0.6596604878574539
2025-01-21T00:00:00,Middle_Forest_Soilwater,0.5936944390717088
2025-01-22T00:00:00,Middle_Forest_Soilwater,0.8050749951645401
2025-01-23T00:00:00,Middle_Forest_Soilwater,0.805317495648086
2025-01-24T00:00:00,Middle_Forest_Soilwater,0.7247857460832763
2025-01-25T00:00:00,Middle_Forest_Soilwater,0.7758071714749492
2025-01-26T00:00:00,Middle_Forest_Soilwater,0.6982264543274539
2025-01-27T00:00:00,Middle_Forest_Soilwater,0.7329038088947073
2025-01-28T00:00:00,Middle_Forest_Soilwater,1.334113428005236
2025-01-29T00:00:00,Middle_Forest_Soilwater,1.2007020852047134
2025-01-30T00:00:00,Middle_Forest_Soilwater,1.0806318766842424
2025-01-31T00:00:00,Middle_Forest_Soilwater,1.0390686890158178
2025-02-01T00:00:00,Middle_Forest_Soilwater,1.0159118201142376
2025-02-02T00:00:00,Middle_Forest_Soilwater,0.9143206381028137
2025-02-03T00:00:00,Middle_Forest_Soilwater,1.2361385742925308
2025-02-04T00:00:00,Middle_Forest_Soilwater,1.5400247168632775
2025-02-05T00:00:00,Middle_Forest_Soilwater,1.5475222451769497
2025-02-06T00:00:00,Middle_Forest_Soilwater,1.4592700206592526
2025-02-07T00:00:00,Middle_Forest_Soilwater,1.4463430185933277
2025-02-08T00:00:00,Middle_Forest_Soilwater,1.3017087167339954
2025-02-09T00:00:00,Middle_Forest_Soilwater,1.6512878450605968
2025-02-10T00:00:00,Middle_Forest_Soilwater,1.562159060554535
2025-02-11T00:00:00,Middle_Forest_Soilwater,1.4059431544990817
2025-02-12T00:00:00,Middle_Forest_Soilwater,1.403098839049173
2025-02-13T00:00:00,Middle_Forest_Soilwater,1.2627889551442566
2025-02-14T00:00:00,Middle_Forest_Soilwater,1.1650100596298303
2025-02-15T00:00:00,Middle_Forest_Soilwater,1.1720090536668495
2025-02-16T00:00:00,Middle_Forest_Soilwater,1.0548081483001652
2025-02-17T00:00:00,Middle_Forest_Soilwater,0.9493273334701485
2025-02-18T00:00:00,Middle_Forest_Soilwater,0.9161446001231355
2025-02-19T00:00:00,Middle_Forest_Soilwater,0.8245301401108208
2025-02-20T00:00:00,Middle_Forest_Soilwater,0.8275771260997374
2025-02-21T00:00:00,Middle_Forest_Soilwater,0.7970694134897656
2025-02-22T00:00:00,Middle_Forest_Soilwater,0.7173624721407891
2025-02-23T00:00:00,Middle_Forest_Soilwater,0.6456262249267098
2025-02-24T00:00:00,Middle_Forest_Soilwater,0.5810636024340398
2025-02-25T00:00:00,Middle_Forest_Soilwater,0.5229572421906369
2025-02-26T00:00:00,Middle_Forest_Soilwater,0.5324115179715733
2025-02-27T00:00:00,Middle_Forest_Soilwater,0.4791703661744151
2025-02-28T00:00:00,Middle_Forest_Soilwater,0.4312533295569722
2025-03-01T00:00:00,Middle_Forest_Soilwater,0.38812799660127556
2025-03-02T00:00:00,Middle_Forest_Soilwater,0.34931519694114854
2025-03-03T00:00:00,Middle_Forest_Soilwater,0.3143836772470337
2025-03-04T00:00:00,Middle_Forest_Soilwater,0.28294530952233005
2025-03-05T00:00:00,Middle_Forest_Soilwater,0.5349007785700991
2025-03-06T00:00:00,Middle_Forest_Soilwater,0.48141070071309006
2025-03-07T00:00:00,Middle_Forest_Soilwater,0.6280196306417793
2025-03-08T00:00:00,Middle_Forest_Soilwater,0.6602176675776008
2025-03-09T00:00:00,Middle_Forest_Soilwater,0.594195900819841
2025-03-10T00:00:00,Middle_Forest_Soilwater,0.5347763107378569
2025-03-11T00:00:00,Middle_Forest_Soilwater,0.5335486796640708
2025-03-12T00:00:00,Middle_Forest_Soilwater,0.48019381169766295
2025-03-13T00:00:00,Middle_Forest_Soilwater,0.43217443052789695
2025-03-14T00:00:00,Middle_Forest_Soilwater,0.3889569874751061
2025-03-15T00:00:00,Middle_Forest_Soilwater,0.35006128872759634
2025-03-16T00:00:00,Middle_Forest_Soilwater,0.4480551598548374
2025-03-17T00:00:00,Middle_Forest_Soilwater,0.46974964386935203
2025-03-18T00:00:00,Middle_Forest_Soilwater,0.42277467948241565
2025-03-19T00:00:00,Middle_Forest_Soilwater,0.3804972115341741
2025-03-20T00:00:00,Middle_Forest_Soilwater,0.34244749038075784
2025-03-21T00:00:00,Middle_Forest_Soilwater,0.4459527413426827
2025-03-22T00:00:00,Middle_Forest_Soilwater,0.40135746720841325
2025-03-23T00:00:00,Middle_Forest_Soilwater,0.4514717204875723
2025-03-24T00:00:00,Middle_Forest_Soilwater,0.40632454843881477
2025-03-25T00:00:00,Middle_Forest_Soilwater,0.49869209359493427
2025-03-26T00:00:00,Middle_Forest_Soilwater,0.510572884235441
2025-03-27T00:00:00,Middle_Forest_Soilwater,0.6590155958118971
2025-03-28T00:00:00,Middle_Forest_Soilwater,0.716614036230709
2025-03-29T00:00:00,Middle_Forest_Soilwater,0.9917026326076382
2025-03-30T00:00:00,Middle_Forest_Soilwater,0.8925323693468755
2025-03-31T00:00:00,Middle_Forest_Soilwater,0.8032791324121888
2025-04-01T00:00:00,Middle_Forest_Soilwater,0.7229512191709688
2025-04-02T00:00:00,Middle_Forest_Soilwater,0.6506560972538722
2025-04-03T00:00:00,Middle_Forest_Soilwater,0.5855904875284864
2025-04-04T00:00:00,Middle_Forest_Soilwater,0.5602814387756382
2025-04-05T00:00:00,Middle_Forest_Soilwater,0.5565032948980758
2025-04-06T00:00:00,Middle_Forest_Soilwater,0.6718529654082688
2025-04-07T00:00:00,Middle_Forest_Soilwater,0.6379176688674421
2025-04-08T00:00:00,Middle_Forest_Soilwater,0.6453759019806995
2025-04-09T00:00:00,Middle_Forest_Soilwater,0.6805883117826284
2025-04-10T00:00:00,Middle_Forest_Soilwater,0.6410294806043653
2025-04-11T00:00:00,Middle_Forest_Soilwater,1.1326765325439283
2025-04-12T00:00:00,Middle_Forest_Soilwater,1.133408879289533
2025-04-13T00:00:00,Middle_Forest_Soilwater,1.077067991360579
2025-04-14T00:00:00,Middle_Forest_Soilwater,0.9693611922245225
2025-04-15T00:00:00,Middle_Forest_Soilwater,0.8724250730020714
2025-04-16T00:00:00,Middle_Forest_Soilwater,0.7851825657018652
2025-04-17T00:00:00,Middle_Forest_Soilwater,0.7494143091316801
2025-04-18T00:00:00,Middle_Forest_Soilwater,0.6744728782185121
2025-04-19T00:00:00,Middle_Forest_Soilwater,0.6070255903966597
2025-04-20T00:00:00,Middle_Forest_Soilwater,0.5463230313569938
2025-04-21T00:00:00,Middle_Forest_Soilwater,0.49169072822129467
2025-04-22T00:00:00,Middle_Forest_Soilwater,0.44252165539916466
2025-04-23T00:00:00,Middle_Forest_Soilwater,0.3982694898592485
2025-04-24T00:00:00,Middle_Forest_Soilwater,0.3584425408733239
2025-04-25T00:00:00,Middle_Forest_Soilwater,0.32259828678599267
2025-04-26T00:00:00,Middle_Forest_Soilwater,0.29033845810739367
2025-04-27T00:00:00,Middle_Forest_Soilwater,0.26130461229665514
2025-04-28T00:00:00,Middle_Forest_Soilwater,0.23517415106699105
2025-04-29T00:00:00,Middle_Forest_Soilwater,0.25440673596029345
2025-04-30T00:00:00,Middle_Forest_Soilwater,0.22896606236426464
2025-05-01T00:00:00,Middle_Forest_Soilwater,0.2060694561278382
2025-05-02T00:00:00,Middle_Forest_Soilwater,0.18546251051505466
2025-05-03T00:00:00,Middle_Forest_Soilwater,0.40916625946354945
2025-05-04T00:00:00,Middle_Forest_Soilwater,0.36824963351719475
2025-05-05T00:00:00,Middle_Forest_Soilwater,0.3836746701654761
2025-05-06T00:00:00,Middle_Forest_Soilwater,0.3453072031489285
2025-05-07T00:00:00,Middle_Forest_Soilwater,0.3107764828340351
2025-05-08T00:00:00,Middle_Forest_Soilwater,0.2796988345506321
2025-05-09T00:00:00,Middle_Forest_Soilwater,0.2517289510955692
2025-05-10T00:00:00,Middle_Forest_Soilwater,0.6540560559860126
2025-05-11T00:00:00,Middle_Forest_Soilwater,0.6361504503874102
2025-05-12T00:00:00,Middle_Forest_Soilwater,0.6295354053486677
2025-05-13T00:00:00,Middle_Forest_Soilwater,0.6615818648138003
2025-05-14T00:00:00,Middle_Forest_Soilwater,0.64292367833242
2025-05-15T00:00:00,Middle_Forest_Soilwater,0.5786313104991792
2025-05-16T00:00:00,Middle_Forest_Soilwater,0.6347681794492588
2025-05-17T00:00:00,Middle_Forest_Soilwater,0.5712913615043335
2025-05-18T00:00:00,Middle_Forest_Soilwater,0.6186622253538986
2025-05-19T00:00:00,Middle_Forest_Soilwater,0.5947960028185094
2025-05-20T00:00:00,Middle_Forest_Soilwater,0.5353164025366596
2025-05-21T00:00:00,Middle_Forest_Soilwater,0.48178476228299305
2025-05-22T00:00:00,Middle_Forest_Soilwater,0.6141062860546953
2025-05-23T00:00:00,Middle_Forest_Soilwater,0.6666956574492247
2025-05-24T00:00:00,Middle_Forest_Soilwater,1.1320260917043015
2025-05-25T00:00:00,Middle_Forest_Soilwater,1.0188234825338724
2025-05-26T00:00:00,Middle_Forest_Soilwater,0.9169411342804864
2025-05-27T00:00:00,Middle_Forest_Soilwater,0.8252470208524386
2025-05-28T00:00:00,Middle_Forest_Soilwater,0.7427223187671956
2025-05-29T00:00:00,Middle_Forest_Soilwater,0.6684500868904764
2025-05-30T00:00:00,Middle_Forest_Soilwater,0.7108550782014277
2025-05-31T00:00:00,Middle_Forest_Soilwater,0.6397695703812843
2025-06-01T00:00:00,Middle_Forest_Soilwater,0.5757926133431568
2025-06-02T00:00:00,Middle_Forest_Soilwater,0.7034633520088391
2025-06-03T00:00:00,Middle_Forest_Soilwater,0.6331170168079553
2025-06-04T00:00:00,Middle_Forest_Soilwater,0.5698053151271608
2025-06-05T00:00:00,Middle_Forest_Soilwater,0.5128247836144454
2025-06-06T00:00:00,Middle_Forest_Soilwater,0.46154230525300194
2025-06-07T00:00:00,Middle_Forest_Soilwater,0.41538807472770145
2025-06-08T00:00:00,Middle_Forest_Soilwater,0.37384926725493134
2025-06-09T00:00:00,Middle_Forest_Soilwater,0.33646434052943736
2025-06-10T00:00:00,Middle_Forest_Soilwater,0.39781790647649307
2025-06-11T00:00:00,Middle_Forest_Soilwater,0.35803611582884404
2025-06-12T00:00:00,Middle_Forest_Soilwater,0.32223250424596017
2025-06-13T00:00:00,Middle_Forest_Soilwater,0.29000925382136417
2025-06-14T00:00:00,Middle_Forest_Soilwater,1.0732583284392292
2025-06-15T00:00:00,Middle_Forest_Soilwater,0.9659324955953054
2025-06-16T00:00:00,Middle_Forest_Soilwater,1.0165892460357753
2025-06-17T00:00:00,Middle_Forest_Soilwater,0.9149303214321975
2025-06-18T00:00:00,Middle_Forest_Soilwater,0.8234372892889781
2025-06-19T00:00:00,Middle_Forest_Soilwater,1.26834356036008
2025-06-20T00:00:00,Middle_Forest_Soilwater,1.1985092043240713
2025-06-21T00:00:00,Middle_Forest_Soilwater,1.0786582838916645
2025-06-22T00:00:00,Middle_Forest_Soilwater,0.9707924555024988
2025-06-23T00:00:00,Middle_Forest_Soilwater,0.8737132099522484
2025-06-24T00:00:00,Middle_Forest_Soilwater,0.7863418889570227
2025-06-25T00:00:00,Middle_Forest_Soilwater,0.7789577000613207
2025-06-26T00:00:00,Middle_Forest_Soilwater,0.7010619300551895
2025-06-27T00:00:00,Middle_Forest_Soilwater,0.6309557370496691
2025-06-28T00:00:00,Middle_Forest_Soilwater,0.5678601633447017
2025-06-29T00:00:00,Middle_Forest_Soilwater,0.5110741470102312
2025-06-30T00:00:00,Middle_Forest_Soilwater,0.4599667323092092
2025-07-01T00:00:00,Middle_Forest_Soilwater,0.41397005907828943
2025-07-02T00:00:00,Middle_Forest_Soilwater,0.37257305317046135
2025-07-03T00:00:00,Middle_Forest_Soilwater,0.33531574785341434
2025-07-04T00:00:00,Middle_Forest_Soilwater,0.30178417306807437
2025-07-05T00:00:00,Middle_Forest_Soilwater,0.2716057557612658
2025-07-06T00:00:00,Middle_Forest_Soilwater,0.2444451801851386
2025-07-07T00:00:00,Middle_Forest_Soilwater,0.4100006621666268
2025-07-08T00:00:00,Middle_Forest_Soilwater,0.7727505959499639
2025-07-09T00:00:00,Middle_Forest_Soilwater,1.2274755363549674
2025-07-10T00:00:00,Middle_Forest_Soilwater,1.10472798271947
2025-07-11T00:00:00,Middle_Forest_Soilwater,0.9942551844475219
2025-07-12T00:00:00,Middle_Forest_Soilwater,0.8948296660027695
2025-07-13T00:00:00,Middle_Forest_Soilwater,0.8908466994024906
2025-07-14T00:00:00,Middle_Forest_Soilwater,0.8017620294622418
2025-07-15T00:00:00,Middle_Forest_Soilwater,0.7215858265160165
2025-07-16T00:00:00,Middle_Forest_Soilwater,0.6494272438644146
2025-07-17T00:00:00,Middle_Forest_Soilwater,0.5844845194779736
2025-07-18T00:00:00,Middle_Forest_Soilwater,0.5782860675301776
2025-07-19T00:00:00,Middle_Forest_Soilwater,0.5204574607771605
2025-07-20T00:00:00,Middle_Forest_Soilwater,0.4684117146994453
2025-07-21T00:00:00,Middle_Forest_Soilwater,0.42157054322950105
2025-07-22T00:00:00,Middle_Forest_Soilwater,0.37941348890655036
2025-07-23T00:00:00,Middle_Forest_Soilwater,0.3414721400158953
2025-07-24T00:00:00,Middle_Forest_Soilwater,0.30732492601430583
2025-07-25T00:00:00,Middle_Forest_Soilwater,0.2765924334128755
2025-07-26T00:00:00,Middle_Forest_Soilwater,0.24893319007158823
2025-07-27T00:00:00,Middle_Forest_Soilwater,0.22403987106442858
2025-07-28T00:00:00,Middle_Forest_Soilwater,0.20163588395798515
2025-07-29T00:00:00,Middle_Forest_Soilwater,0.18147229556218747
2025-07-30T00:00:00,Middle_Forest_Soilwater,0.1633250660059673
2025-07-31T00:00:00,Middle_Forest_Soilwater,0.6884925594053698
2025-08-01T00:00:00,Middle_Forest_Soilwater,0.6196433034648323
2025-08-02T00:00:00,Middle_Forest_Soilwater,0.5576789731183481
2025-08-03T00:00:00,Middle_Forest_Soilwater,0.5019110758065125
2025-08-04T00:00:00,Middle_Forest_Soilwater,0.45171996822586213
2025-08-05T00:00:00,Middle_Forest_Soilwater,0.4065479714032762
2025-08-06T00:00:00,Middle_Forest_Soilwater,0.4513931742629467
2025-08-07T00:00:00,Middle_Forest_Soilwater,0.7055038568366513
2025-08-08T00:00:00,Middle_Forest_Soilwater,0.9294534711529849
2025-08-09T00:00:00,Middle_Forest_Soilwater,0.9695081240376879
2025-08-10T00:00:00,Middle_Forest_Soilwater,0.962807311633921
2025-08-11T00:00:00,Middle_Forest_Soilwater,1.0090265804705296
2025-08-12T00:00:00,Middle_Forest_Soilwater,0.9081239224234765
2025-08-13T00:00:00,Middle_Forest_Soilwater,0.8173115301811293
2025-08-14T00:00:00,Middle_Forest_Soilwater,0.7355803771630178
2025-08-15T00:00:00,Middle_Forest_Soilwater,0.6620223394467161
2025-08-16T00:00:00,Middle_Forest_Soilwater,0.5958201055020453
2025-08-17T00:00:00,Middle_Forest_Soilwater,0.536238094951841
2025-08-18T00:00:00,Middle_Forest_Soilwater,0.48261428545665697
2025-08-19T00:00:00,Middle_Forest_Soilwater,1.3843528569109909
2025-08-20T00:00:00,Middle_Forest_Soilwater,1.2459175712198913
2025-08-21T00:00:00,Middle_Forest_Soilwater,1.1213258140979008
2025-08-22T00:00:00,Middle_Forest_Soilwater,1.0091932326881108
2025-08-23T00:00:00,Middle_Forest_Soilwater,0.9082739094192989
2025-08-24T00:00:00,Middle_Forest_Soilwater,0.817446518477368
2025-08-25T00:00:00,Middle_Forest_Soilwater,0.7357018666296313
2025-08-26T00:00:00,Middle_Forest_Soilwater,0.6621316799666688
2025-08-27T00:00:00,Middle_Forest_Soilwater,0.595918511970001
2025-08-28T00:00:00,Middle_Forest_Soilwater,0.5363266607729997
2025-08-29T00:00:00,Middle_Forest_Soilwater,0.4826939946956998
2025-08-30T00:00:00,Middle_Forest_Soilwater,0.6909245952261301
2025-08-31T00:00:00,Middle_Forest_Soilwater,0.7738321357035176
2025-09-01T00:00:00,Middle_Forest_Soilwater,0.6964489221331661
2025-09-02T00:00:00,Middle_Forest_Soilwater,0.6268040299198504
2025-09-03T00:00:00,Middle_Forest_Soilwater,0.6686236269278653
2025-09-04T00:00:00,Middle_Forest_Soilwater,0.6017612642350798
2025-09-05T00:00:00,Middle_Forest_Soilwater,0.5415851378115718
2025-09-06T00:00:00,Middle_Forest_Soilwater,0.4874266240304138
2025-09-07T00:00:00,Middle_Forest_Soilwater,0.4386839616273733
2025-09-08T00:00:00,Middle_Forest_Soilwater,0.3948155654646371
2025-09-09T00:00:00,Middle_Forest_Soilwater,0.3553340089181745
2025-09-10T00:00:00,Middle_Forest_Soilwater,0.31980060802635824
2025-09-11T00:00:00,Middle_Forest_Soilwater,0.2878205472237227
2025-09-12T00:00:00,Middle_Forest_Soilwater,0.5107884925013508
2025-09-13T00:00:00,Middle_Forest_Soilwater,0.459709643251216
2025-09-14T00:00:00,Middle_Forest_Soilwater,0.4137386789260944
2025-09-15T00:00:00,Middle_Forest_Soilwater,0.3723648110334864
2025-09-16T00:00:00,Middle_Forest_Soilwater,0.3351283299301372
2025-09-17T00:00:00,Middle_Forest_Soilwater,0.3016154969371229
2025-09-18T00:00:00,Middle_Forest_Soilwater,0.33320394724341046
2025-09-19T00:00:00,Middle_Forest_Soilwater,0.7273835525190692
2025-09-20T00:00:00,Middle_Forest_Soilwater,0.6546451972671634
2025-09-21T00:00:00,Middle_Forest_Soilwater,0.5891806775404461
2025-09-22T00:00:00,Middle_Forest_Soilwater,0.6062626097864012
2025-09-23T00:00:00,Middle_Forest_Soilwater,0.6026363488077607
2025-09-24T00:00:00,Middle_Forest_Soilwater,0.5423727139269857
2025-09-25T00:00:00,Middle_Forest_Soilwater,0.4881354425342863
2025-09-26T00:00:00,Middle_Forest_Soilwater,0.4393218982808577
2025-09-27T00:00:00,Middle_Forest_Soilwater,0.7136397084527716
2025-09-28T00:00:00,Middle_Forest_Soilwater,1.136275737607494
2025-09-29T00:00:00,Middle_Forest_Soilwater,1.0226481638467448
2025-09-30T00:00:00,Middle_Forest_Soilwater,0.9203833474620695
2025-10-01T00:00:00,Middle_Forest_Soilwater,0.8283450127158631
2025-10-02T00:00:00,Middle_Forest_Soilwater,0.7455105114442774
2025-10-03T00:00:00,Middle_Forest_Soilwater,0.8087094602998491
2025-10-04T00:00:00,Middle_Forest_Soilwater,0.7278385142698653
2025-10-05T00:00:00,Middle_Forest_Soilwater,0.6550546628428777
2025-10-06T00:00:00,Middle_Forest_Soilwater,0.5895491965585905
2025-10-07T00:00:00,Middle_Forest_Soilwater,0.5305942769027325
2025-10-08T00:00:00,Middle_Forest_Soilwater,0.47753484921245787
2025-10-09T00:00:00,Middle_Forest_Soilwater,0.4297813642912132
2025-10-10T00:00:00,Middle_Forest_Soilwater,0.38680322786209165
2025-10-11T00:00:00,Middle_Forest_Soilwater,0.3481229050758827
2025-10-12T00:00:00,Middle_Forest_Soilwater,0.31331061456829445
2025-10-13T00:00:00,Middle_Forest_Soilwater,0.28197955311146644
2025-10-14T00:00:00,Middle_Forest_Soilwater,0.25378159780032095
2025-10-15T00:00:00,Middle_Forest_Soilwater,0.22840343802028829
2025-10-16T00:00:00,Middle_Forest_Soilwater,0.2055630942182603
2025-10-17T00:00:00,Middle_Forest_Soilwater,0.18500678479643398
2025-10-18T00:00:00,Middle_Forest_Soilwater,0.16650610631679116
2025-10-19T00:00:00,Middle_Forest_Soilwater,0.20685549568511022
2025-10-20T00:00:00,Middle_Forest_Soilwater,0.18616994611659834
2025-10-21T00:00:00,Middle_Forest_Soilwater,0.5143029515049392
2025-10-22T00:00:00,Middle_Forest_Soilwater,0.46287265635444613
2025-10-23T00:00:00,Middle_Forest_Soilwater,0.41658539071900125
2025-10-24T00:00:00,Middle_Forest_Soilwater,0.37492685164710055
2025-10-25T00:00:00,Middle_Forest_Soilwater,0.3374341664823902
2025-10-26T00:00:00,Middle_Forest_Soilwater,0.30369074983415206
2025-10-27T00:00:00,Middle_Forest_Soilwater,0.2733216748507374
2025-10-28T00:00:00,Middle_Forest_Soilwater,0.24598950736566394
2025-10-29T00:00:00,Middle_Forest_Soilwater,0.22139055662909757
2025-10-30T00:00:00,Middle_Forest_Soilwater,1.082751500966188
2025-10-31T00:00:00,Middle_Forest_Soilwater,0.9744763508695684
2025-11-01T00:00:00,Middle_Forest_Soilwater,0.8770287157826119
2025-11-02T00:00:00,Middle_Forest_Soilwater,1.2548258442043505
2025-11-03T00:00:00,Middle_Forest_Soilwater,1.1293432597839144
2025-11-04T00:00:00,Middle_Forest_Soilwater,1.016408933805522
2025-11-05T00:00:00,Middle_Forest_Soilwater,0.9907680404249675
2025-11-06T00:00:00,Middle_Forest_Soilwater,1.6659412363824715
2025-11-07T00:00:00,Middle_Forest_Soilwater,2.045597112744224
2025-11-08T00:00:00,Middle_Forest_Soilwater,1.8410374014698023
2025-11-09T00:00:00,Middle_Forest_Soilwater,1.9656836613228224
2025-11-10T00:00:00,Middle_Forest_Soilwater,1.7691152951905396
2025-11-11T00:00:00,Middle_Forest_Soilwater,2.1052037656714844
2025-11-12T00:00:00,Middle_Forest_Soilwater,1.8946833891043355
2025-11-13T00:00:00,Middle_Forest_Soilwater,1.9379650501939012
2025-11-14T00:00:00,Middle_Forest_Soilwater,1.7441685451745117
2025-11-15T00:00:00,Middle_Forest_Soilwater,1.840501690657061
2025-11-16T00:00:00,Middle_Forest_Soilwater,1.656451521591356
2025-11-17T00:00:00,Middle_Forest_Soilwater,1.761556369432222
2025-11-18T00:00:00,Middle_Forest_Soilwater,1.685150732489001
2025-11-19T00:00:00,Middle_Forest_Soilwater,1.7921356592400999
2025-11-20T00:00:00,Middle_Forest_Soilwater,1.7981720933160887
2025-11-21T00:00:00,Middle_Forest_Soilwater,1.6183548839844804
2025-11-22T00:00:00,Middle_Forest_Soilwater,1.456519395586031
2025-11-23T00:00:00,Middle_Forest_Soilwater,1.5578674560274266
2025-11-24T00:00:00,Middle_Forest_Soilwater,1.4590807104246837
2025-11-25T00:00:00,Middle_Forest_Soilwater,1.4414226393822163
2025-11-26T00:00:00,Middle_Forest_Soilwater,1.4540303754439947
2025-11-27T00:00:00,Middle_Forest_Soilwater,1.308627337899594
2025-11-28T00:00:00,Middle_Forest_Soilwater,1.1777646041096348
2025-11-29T00:00:00,Middle_Forest_Soilwater,1.059988143698672
2025-11-30T00:00:00,Middle_Forest_Soilwater,0.953989329328806
2025-12-01T00:00:00,Middle_Forest_Soilwater,0.8585903963959254
2025-12-02T00:00:00,Middle_Forest_Soilwater,0.7727313567563329
2025-12-03T00:00:00,Middle_Forest_Soilwater,0.695458221080699
2025-12-04T00:00:00,Middle_Forest_Soilwater,0.6259123989726277
2025-12-05T00:00:00,Middle_Forest_Soilwater,0.5633211590753661
2025-12-06T00:00:00,Middle_Forest_Soilwater,0.5069890431678289
2025-12-07T00:00:00,Middle_Forest_Soilwater,0.4562901388510454
2025-12-08T00:00:00,Middle_Forest_Soilwater,0.41066112496594087
2025-12-09T00:00:00,Middle_Forest_Soilwater,0.5928450124693455
2025-12-10T00:00:00,Middle_Forest_Soilwater,0.5335605112224101
2025-12-11T00:00:00,Middle_Forest_Soilwater,0.48020446010016826
2025-12-12T00:00:00,Middle_Forest_Soilwater,0.43218401409015145
2025-12-13T00:00:00,Middle_Forest_Soilwater,0.38896561268113605
2025-12-14T00:00:00,Middle_Forest_Soilwater,0.3500690514130213
2025-12-15T00:00:00,Middle_Forest_Soilwater,0.31506214627171975
2025-12-16T00:00:00,Middle_Forest_Soilwater,0.28355593164454834
2025-12-17T00:00:00,Middle_Forest_Soilwater,0.25520033848009405
2025-12-18T00:00:00,Middle_Forest_Soilwater,0.22968030463208608
2025-12-19T00:00:00,Middle_Forest_Soilwater,0.20671227416887633
2025-12-20T00:00:00,Middle_Forest_Soilwater,0.18604104675198985
2025-12-21T00:00:00,Middle_Forest_Soilwater,0.16743694207679027
2025-12-22T00:00:00,Middle_Forest_Soilwater,1.2336932478691125
2025-12-23T00:00:00,Middle_Forest_Soilwater,1.2148239230821987
2025-12-24T00:00:00,Middle_Forest_Soilwater,1.093341530773978
2025-12-25T00:00:00,Middle_Forest_Soilwater,1.1265073776965806
2025-12-26T00:00:00,Middle_Forest_Soilwater,1.2846066399269234
2025-12-27T00:00:00,Middle_Forest_Soilwater,1.1561459759342314
2025-12-28T00:00:00,Middle_Forest_Soilwater,1.0405313783408077
2025-12-29T00:00:00,Middle_Forest_Soilwater,0.9364782405067275
2025-12-30T00:00:00,Middle_Forest_Soilwater,0.8428304164560558
2025-12-31T00:00:00,Middle_Forest_Soilwater,0.7585473748104505
2026-01-01T00:00:00,Middle_Forest_Soilwater,0.6826926373294043
2026-01-02T00:00:00,Middle_Forest_Soilwater,0.7094233735964622
2026-01-03T00:00:00,Middle_Forest_Soilwater,0.6384810362368172
2026-01-04T00:00:00,Middle_Forest_Soilwater,0.574632932613136
2026-01-05T00:00:00,Middle_Forest_Soilwater,0.5171696393518233
2026-01-06T00:00:00,Middle_Forest_Soilwater,0.5129526754166392
2026-01-07T00:00:00,Middle_Forest_Soilwater,1.506657407874974
2026-01-08T00:00:00,Middle_Forest_Soilwater,1.6552416670874779
2026-01-09T00:00:00,Middle_Forest_Soilwater,1.6037175003787298
2026-01-10T00:00:00,Middle_Forest_Soilwater,1.4433457503408562
2026-01-11T00:00:00,Middle_Forest_Soilwater,1.299011175306771
2026-01-12T00:00:00,Middle_Forest_Soilwater,1.6393600577760936
2026-01-13T00:00:00,Middle_Forest_Soilwater,1.475424051998485
2026-01-14T00:00:00,Middle_Forest_Soilwater,1.327881646798636
2026-01-15T00:00:00,Middle_Forest_Soilwater,1.195093482118773
2026-01-16T00:00:00,Middle_Forest_Soilwater,1.0755841339068952
2026-01-17T00:00:00,Middle_Forest_Soilwater,0.9680257205162065
2026-01-18T00:00:00,Middle_Forest_Soilwater,1.5029731484645852
2026-01-19T00:00:00,Middle_Forest_Soilwater,1.4286758336181267
2026-01-20T00:00:00,Middle_Forest_Soilwater,1.3855582502563153
2026-01-21T00:00:00,Middle_Forest_Soilwater,1.2470024252306844
2026-01-22T00:00:00,Middle_Forest_Soilwater,1.1223021827076167
2026-01-23T00:00:00,Middle_Forest_Soilwater,1.0528219644368562
2026-01-24T00:00:00,Middle_Forest_Soilwater,1.0330397679931707
2026-01-25T00:00:00,Middle_Forest_Soilwater,1.0532357911938561
2026-01-26T00:00:00,Middle_Forest_Soilwater,0.9479122120744705
2026-01-27T00:00:00,Middle_Forest_Soilwater,0.8531209908670235
2026-01-28T00:00:00,Middle_Forest_Soilwater,0.7678088917803223
2026-01-29T00:00:00,Middle_Forest_Soilwater,0.6910280026022889
2026-01-30T00:00:00,Middle_Forest_Soilwater,0.621925202342061
2026-01-31T00:00:00,Middle_Forest_Soilwater,0.5597326821078553
2026-02-01T00:00:00,Middle_Forest_Soilwater,0.945509413897068
2026-02-02T00:00:00,Middle_Forest_Soilwater,0.8509584725073609
2026-02-03T00:00:00,Middle_Forest_Soilwater,0.8323626252566243
2026-02-04T00:00:00,Middle_Forest_Soilwater,0.7491263627309621
2026-02-05T00:00:00,Middle_Forest_Soilwater,0.6742137264578674
2026-02-06T00:00:00,Middle_Forest_Soilwater,0.8727923538120792
2026-02-07T00:00:00,Middle_Forest_Soilwater,0.7855131184308703
2026-02-08T00:00:00,Middle_Forest_Soilwater,0.706961806587782
2026-02-09T00:00:00,Middle_Forest_Soilwater,0.6885156259290057
2026-02-10T00:00:00,Middle_Forest_Soilwater,0.8524140633361044
2026-02-11T00:00:00,Middle_Forest_Soilwater,0.767172657002493
2026-02-12T00:00:00,Middle_Forest_Soilwater,0.6904553913022426
2026-02-13T00:00:00,Middle_Forest_Soilwater,0.6214098521720189
2026-02-14T00:00:00,Middle_Forest_Soilwater,0.5592688669548181
2026-02-15T00:00:00,Middle_Forest_Soilwater,0.5033419802593357
2026-02-16T00:00:00,Middle_Forest_Soilwater,0.4530077822334022
2026-02-17T00:00:00,Middle_Forest_Soilwater,0.4077070040100608
2026-02-18T00:00:00,Middle_Forest_Soilwater,0.3669363036090545
2026-02-19T00:00:00,Middle_Forest_Soilwater,0.3302426732481479
2026-02-20T00:00:00,Middle_Forest_Soilwater,0.33996840592333516
2026-02-21T00:00:00,Middle_Forest_Soilwater,0.3439715653310003
2026-02-22T00:00:00,Middle_Forest_Soilwater,0.3095744087979
2026-02-23T00:00:00,Middle_Forest_Soilwater,0.2786169679181114
2026-02-24T00:00:00,Middle_Forest_Soilwater,0.46450527112629914
2026-02-25T00:00:00,Middle_Forest_Soilwater,0.41805474401367065
2026-02-26T00:00:00,Middle_Forest_Soilwater,0.37624926961230476
2026-02-27T00:00:00,Middle_Forest_Soilwater,0.3386243426510731
2026-02-28T00:00:00,Middle_Forest_Soilwater,0.30476190838596723
2026-03-01T00:00:00,Middle_Forest_Soilwater,0.27428571754737163
2026-03-02T00:00:00,Middle_Forest_Soilwater,0.24685714579263449
2026-03-03T00:00:00,Middle_Forest_Soilwater,0.22217143121337132
2026-03-04T00:00:00,Middle_Forest_Soilwater,0.19995428809203306
2026-03-05T00:00:00,Middle_Forest_Soilwater,0.17995885928282862
2026-03-06T00:00:00,Middle_Forest_Soilwater,0.16196297335454518
2026-03-07T00:00:00,Middle_Forest_Soilwater,0.23126667601908935
2026-03-08T00:00:00,Middle_Forest_Soilwater,0.25089000841718134
2026-03-09T00:00:00,Middle_Forest_Soilwater,0.34930100757546545
2026-03-10T00:00:00,Middle_Forest_Soilwater,0.3143709068179192
2026-03-11T00:00:00,Middle_Forest_Soilwater,0.28293381613612784
2026-03-12T00:00:00,Middle_Forest_Soilwater,0.34489043452251456
2026-03-13T00:00:00,Middle_Forest_Soilwater,0.3104013910702634
2026-03-14T00:00:00,Middle_Forest_Soilwater,0.5406112519632388
2026-03-15T00:00:00,Middle_Forest_Soilwater,0.48655012676691456
2026-03-16T00:00:00,Middle_Forest_Soilwater,0.4378951140902245
2026-03-17T00:00:00,Middle_Forest_Soilwater,0.5033556026812022
2026-03-18T00:00:00,Middle_Forest_Soilwater,0.45302004241308114
2026-03-19T00:00:00,Middle_Forest_Soilwater,0.5597180381717749
2026-03-20T00:00:00,Middle_Forest_Soilwater,0.7744962343545979
2026-03-21T00:00:00,Middle_Forest_Soilwater,0.6970466109191392
2026-03-22T00:00:00,Middle_Forest_Soilwater,0.6273419498272261
2026-03-23T00:00:00,Middle_Forest_Soilwater,0.6453577548445026
2026-03-24T00:00:00,Middle_Forest_Soilwater,0.5808219793600529
2026-03-25T00:00:00,Middle_Forest_Soilwater,0.5227397814240476
2026-03-26T00:00:00,Middle_Forest_Soilwater,0.470465803281644
2026-03-27T00:00:00,Middle_Forest_Soilwater,0.42341922295347845
2026-03-28T00:00:00,Middle_Forest_Soilwater,0.38107730065813145
2026-03-29T00:00:00,Middle_Forest_Soilwater,0.3429695705923195
2026-03-30T00:00:00,Middle_Forest_Soilwater,0.3086726135330878
2026-03-31T00:00:00,Middle_Forest_Soilwater,0.3918053521797788
2026-04-01T00:00:00,Middle_Forest_Soilwater,0.3526248169618015
2026-04-02T00:00:00,Middle_Forest_Soilwater,0.3173623352656222
2026-04-03T00:00:00,Middle_Forest_Soilwater,0.34262610173906016
2026-04-04T00:00:00,Middle_Forest_Soilwater,0.3511134915651553
2026-04-05T00:00:00,Middle_Forest_Soilwater,0.31600214240864094
2026-04-06T00:00:00,Middle_Forest_Soilwater,0.284401928167776
2026-04-07T00:00:00,Middle_Forest_Soilwater,0.25596173535099925
2026-04-08T00:00:00,Middle_Forest_Soilwater,0.26361556181589946
2026-04-09T00:00:00,Middle_Forest_Soilwater,0.3085040056343104
2026-04-10T00:00:00,Middle_Forest_Soilwater,0.3869036050708786
2026-04-11T00:00:00,Middle_Forest_Soilwater,0.3482132445637916
2026-04-12T00:00:00,Middle_Forest_Soilwater,0.764641920107411
2026-04-13T00:00:00,Middle_Forest_Soilwater,0.7784277280966706
2026-04-14T00:00:00,Middle_Forest_Soilwater,0.9760849552870042
2026-04-15T00:00:00,Middle_Forest_Soilwater,0.8784764597583035
2026-04-16T00:00:00,Middle_Forest_Soilwater,0.7906288137824732
2026-04-17T00:00:00,Middle_Forest_Soilwater,1.0630659324042255
2026-04-18T00:00:00,Middle_Forest_Soilwater,0.9567593391638042
2026-04-19T00:00:00,Middle_Forest_Soilwater,0.8610834052474247
2026-04-20T00:00:00,Middle_Forest_Soilwater,0.8272250647226826
2026-04-21T00:00:00,Middle_Forest_Soilwater,0.7872525582504153
2026-04-22T00:00:00,Middle_Forest_Soilwater,0.7085273024253752
2026-04-23T00:00:00,Middle_Forest_Soilwater,0.8134245721828365
2026-04-24T00:00:00,Middle_Forest_Soilwater,0.9173321149645517
2026-04-25T00:00:00,Middle_Forest_Soilwater,0.8255989034680966
2026-04-26T00:00:00,Middle_Forest_Soilwater,0.8047890131212881
2026-04-27T00:00:00,Middle_Forest_Soilwater,0.7243101118091602
2026-04-28T00:00:00,Middle_Forest_Soilwater,0.8893791006282442
2026-04-29T00:00:00,Middle_Forest_Soilwater,0.8004411905654195
2026-04-30T00:00:00,Middle_Forest_Soilwater,0.9056470715088779
2026-05-01T00:00:00,Middle_Forest_Soilwater,0.8578323643579921
2026-05-02T00:00:00,Middle_Forest_Soilwater,0.9572991279221924
2026-05-03T00:00:00,Middle_Forest_Soilwater,1.3983192151299733
2026-05-04T00:00:00,Middle_Forest_Soilwater,1.533987293616974
2026-05-05T00:00:00,Middle_Forest_Soilwater,1.5943385642552756
2026-05-06T00:00:00,Middle_Forest_Soilwater,1.5441547078297475
2026-05-07T00:00:00,Middle_Forest_Soilwater,1.3897392370467743
2026-05-08T00:00:00,Middle_Forest_Soilwater,1.2507653133420975
2026-05-09T00:00:00,Middle_Forest_Soilwater,1.1256887820078874
2026-05-10T00:00:00,Middle_Forest_Soilwater,1.0131199038070975
2026-05-11T00:00:00,Middle_Forest_Soilwater,1.0400579134263865
2026-05-12T00:00:00,Middle_Forest_Soilwater,0.9360521220837484
2026-05-13T00:00:00,Middle_Forest_Soilwater,0.8424469098753747
2026-05-14T00:00:00,Middle_Forest_Soilwater,0.758202218887837
2026-05-15T00:00:00,Middle_Forest_Soilwater,0.6823819969990524
2026-05-16T00:00:00,Middle_Forest_Soilwater,0.6141437972991469
2026-05-17T00:00:00,Middle_Forest_Soilwater,0.5527294175692333
2026-05-18T00:00:00,Middle_Forest_Soilwater,0.49745647581231084
2026-05-19T00:00:00,Middle_Forest_Soilwater,0.4477108282310809
2026-05-20T00:00:00,Middle_Forest_Soilwater,0.4029397454079742
2026-05-21T00:00:00,Middle_Forest_Soilwater,0.362645770867178
2026-05-22T00:00:00,Middle_Forest_Soilwater,0.32638119378046043
2026-05-23T00:00:00,Middle_Forest_Soilwater,0.2937430744024141
2026-05-24T00:00:00,Middle_Forest_Soilwater,0.5446187669621736
2026-05-25T00:00:00,Middle_Forest_Soilwater,0.49015689026595627
2026-05-26T00:00:00,Middle_Forest_Soilwater,0.5266412012393602
2026-05-27T00:00:00,Middle_Forest_Soilwater,0.47397708111542447
2026-05-28T00:00:00,Middle_Forest_Soilwater,0.4265793730038809
2026-05-29T00:00:00,Middle_Forest_Soilwater,0.38392143570349335
2026-05-30T00:00:00,Middle_Forest_Soilwater,0.34552929213314487
2026-05-31T00:00:00,Middle_Forest_Soilwater,0.3109763629198312
2026-06-01T00:00:00,Middle_Forest_Soilwater,0.374878726627847
2026-06-02T00:00:00,Middle_Forest_Soilwater,0.3373908539650614
2026-06-03T00:00:00,Middle_Forest_Soilwater,0.4271517685685581
2026-06-04T00:00:00,Middle_Forest_Soilwater,0.3844365917117017
2026-06-05T00:00:00,Middle_Forest_Soilwater,0.5834929325405313
2026-06-06T00:00:00,Middle_Forest_Soilwater,0.572643639286477
2026-06-07T00:00:00,Middle_Forest_Soilwater,0.5153792753578301
2026-06-08T00:00:00,Middle_Forest_Soilwater,0.4638413478220457
2026-06-09T00:00:00,Middle_Forest_Soilwater,0.41745721303984173
2026-06-10T00:00:00,Middle_Forest_Soilwater,0.3757114917358564
2026-06-11T00:00:00,Middle_Forest_Soilwater,0.3381403425622693
2026-06-12T00:00:00,Middle_Forest_Soilwater,0.3043263083060424
2026-06-13T00:00:00,Middle_Forest_Soilwater,0.2738936774754393
2026-06-14T00:00:00,Middle_Forest_Soilwater,0.2465043097278965
2026-06-15T00:00:00,Middle_Forest_Soilwater,0.22185387875510687
2026-06-16T00:00:00,Middle_Forest_Soilwater,0.19966849087959704
2026-06-17T00:00:00,Middle_Forest_Soilwater,0.17970164179163817
2026-06-18T00:00:00,Middle_Forest_Soilwater,0.16173147761247436
2026-06-19T00:00:00,Middle_Forest_Soilwater,0.14555832985122663
2026-06-20T00:00:00,Middle_Forest_Soilwater,0.4397524968661031
2026-06-21T00:00:00,Middle_Forest_Soilwater,0.39577724717949253
2026-06-22T00:00:00,Middle_Forest_Soilwater,0.356199522461543
2026-06-23T00:00:00,Middle_Forest_Soilwater,0.41082957021538963
2026-06-24T00:00:00,Middle_Forest_Soilwater,0.3697466131938512
2026-06-25T00:00:00,Middle_Forest_Soilwater,0.33277195187446584
2026-06-26T00:00:00,Middle_Forest_Soilwater,0.5702447566870206
2026-06-27T00:00:00,Middle_Forest_Soilwater,0.6224702810183175
2026-06-28T00:00:00,Middle_Forest_Soilwater,0.5602232529164866
2026-06-29T00:00:00,Middle_Forest_Soilwater,0.9127009276248401
2026-06-30T00:00:00,Middle_Forest_Soilwater,1.1301808348623552
2026-07-01T00:00:00,Middle_Forest_Soilwater,1.0171627513761194
2026-07-02T00:00:00,Middle_Forest_Soilwater,0.9154464762385089
2026-07-03T00:00:00,Middle_Forest_Soilwater,0.8239018286146575
2026-07-04T00:00:00,Middle_Forest_Soilwater,0.7415116457531923
2026-07-05T00:00:00,Middle_Forest_Soilwater,0.6673604811778717
2026-07-06T00:00:00,Middle_Forest_Soilwater,0.6006244330600851
2026-07-07T00:00:00,Middle_Forest_Soilwater,0.540561989754076
2026-07-08T00:00:00,Middle_Forest_Soilwater,0.48650579077866785
2026-07-09T00:00:00,Middle_Forest_Soilwater,0.43785521170080133
2026-07-10T00:00:00,Middle_Forest_Soilwater,0.39406969053072205
2026-07-11T00:00:00,Middle_Forest_Soilwater,0.35466272147764927
2026-07-12T00:00:00,Middle_Forest_Soilwater,0.37619644932988483
2026-07-13T00:00:00,Middle_Forest_Soilwater,0.37657680439689617
2026-07-14T00:00:00,Middle_Forest_Soilwater,0.3389191239572057
2026-07-15T00:00:00,Middle_Forest_Soilwater,0.305027211561486
2026-07-16T00:00:00,Middle_Forest_Soilwater,0.27452449040533794
2026-07-17T00:00:00,Middle_Forest_Soilwater,0.34682204136480554
2026-07-18T00:00:00,Middle_Forest_Soilwater,0.31213983722832384
2026-07-19T00:00:00,Middle_Forest_Soilwater,0.2809258535054909
2026-07-20T00:00:00,Middle_Forest_Soilwater,0.2528332681549415
2026-07-21T00:00:00,Middle_Forest_Soilwater,0.22754994133944706
2026-07-22T00:00:00,Middle_Forest_Soilwater,0.20479494720550237
2026-07-23T00:00:00,Middle_Forest_Soilwater,0.1843154524849524
2026-07-24T00:00:00,Middle_Forest_Soilwater,0.16588390723645718
2026-07-25T00:00:00,Middle_Forest_Soilwater,0.1492955165128109
2026-07-26T00:00:00,Middle_Forest_Soilwater,0.2008659648615293
2026-07-27T00:00:00,Middle_Forest_Soilwater,0.18077936837537723
2026-07-28T00:00:00,Middle_Forest_Soilwater,0.16270143153784034
2026-07-29T00:00:00,Middle_Forest_Soilwater,0.1464312883840563
2026-07-30T00:00:00,Middle_Forest_Soilwater,0.1935381595456505
2026-07-31T00:00:00,Middle_Forest_Soilwater,0.34518434359108596
2026-08-01T00:00:00,Middle_Forest_Soilwater,0.36766590923197673
2026-08-02T00:00:00,Middle_Forest_Soilwater,0.3308993183087779
2026-08-03T00:00:00,Middle_Forest_Soilwater,0.29780938647789984
2026-08-04T00:00:00,Middle_Forest_Soilwater,0.26802844783011043
2026-08-05T00:00:00,Middle_Forest_Soilwater,0.5974756030470986
2026-08-06T00:00:00,Middle_Forest_Soilwater,0.5377280427423898
2026-08-07T00:00:00,Middle_Forest_Soilwater,0.6074552384681511
2026-08-08T00:00:00,Middle_Forest_Soilwater,0.5467097146213348
2026-08-09T00:00:00,Middle_Forest_Soilwater,0.7105387431592022
2026-08-10T00:00:00,Middle_Forest_Soilwater,0.6917348688432838
2026-08-11T00:00:00,Middle_Forest_Soilwater,0.6225613819589569
2026-08-12T00:00:00,Middle_Forest_Soilwater,1.0590552437630636
2026-08-13T00:00:00,Middle_Forest_Soilwater,1.3806497193867586
2026-08-14T00:00:00,Middle_Forest_Soilwater,1.2425847474480833
2026-08-15T00:00:00,Middle_Forest_Soilwater,1.1183262727032741
2026-08-16T00:00:00,Middle_Forest_Soilwater,1.3199936454329446
2026-08-17T00:00:00,Middle_Forest_Soilwater,1.9194942808896487
2026-08-18T00:00:00,Middle_Forest_Soilwater,1.727544852800685
2026-08-19T00:00:00,Middle_Forest_Soilwater,1.7162903675206167
2026-08-20T00:00:00,Middle_Forest_Soilwater,1.544661330768554
2026-08-21T00:00:00,Middle_Forest_Soilwater,1.390195197691699
2026-08-22T00:00:00,Middle_Forest_Soilwater,1.2511756779225296
2026-08-23T00:00:00,Middle_Forest_Soilwater,1.1260581101302762
2026-08-24T00:00:00,Middle_Forest_Soilwater,1.0134522991172474
2026-08-25T00:00:00,Middle_Forest_Soilwater,0.9121070692055242
2026-08-26T00:00:00,Middle_Forest_Soilwater,0.8208963622849723
2026-08-27T00:00:00,Middle_Forest_Soilwater,0.8338067260564742
2026-08-28T00:00:00,Middle_Forest_Soilwater,0.7504260534508262
2026-08-29T00:00:00,Middle_Forest_Soilwater,0.6753834481057425
2026-08-30T00:00:00,Middle_Forest_Soilwater,1.5008451032951684
2026-08-31T00:00:00,Middle_Forest_Soilwater,1.5930105929656522
2026-09-01T00:00:00,Middle_Forest_Soilwater,1.6142095336690887
2026-09-02T00:00:00,Middle_Forest_Soilwater,1.5857885803021816
2026-09-03T00:00:00,Middle_Forest_Soilwater,1.4272097222719624
2026-09-04T00:00:00,Middle_Forest_Soilwater,1.284488750044767
2026-09-05T00:00:00,Middle_Forest_Soilwater,1.1560398750402896
2026-09-06T00:00:00,Middle_Forest_Soilwater,1.0404358875362618
2026-09-07T00:00:00,Middle_Forest_Soilwater,1.026642298782636
2026-09-08T00:00:00,Middle_Forest_Soilwater,0.9239780689043727
2026-09-09T00:00:00,Middle_Forest_Soilwater,0.8315802620139352
2026-09-10T00:00:00,Middle_Forest_Soilwater,0.7484222358125407
2026-09-11T00:00:00,Middle_Forest_Soilwater,0.6735800122312867
2026-09-12T00:00:00,Middle_Forest_Soilwater,0.6062220110081569
2026-09-13T00:00:00,Middle_Forest_Soilwater,0.8305998099073406
2026-09-14T00:00:00,Middle_Forest_Soilwater,0.8282898289166071
2026-09-15T00:00:00,Middle_Forest_Soilwater,0.7454608460249461
2026-09-16T00:00:00,Middle_Forest_Soilwater,0.670914761422452
2026-09-17T00:00:00,Middle_Forest_Soilwater,0.7653232852802092
2026-09-18T00:00:00,Middle_Forest_Soilwater,0.788540956752189
2026-09-19T00:00:00,Middle_Forest_Soilwater,0.709686861076969
2026-09-20T00:00:00,Middle_Forest_Soilwater,0.638718174969273
2026-09-21T00:00:00,Middle_Forest_Soilwater,0.5748463574723445
2026-09-22T00:00:00,Middle_Forest_Soilwater,0.5173617217251092
2026-09-23T00:00:00,Middle_Forest_Soilwater,0.7981255495525972
2026-09-24T00:00:00,Middle_Forest_Soilwater,0.7183129945973378
2026-09-25T00:00:00,Middle_Forest_Soilwater,0.7272316951376041
2026-09-26T00:00:00,Middle_Forest_Soilwater,0.6545085256238452
2026-09-27T00:00:00,Middle_Forest_Soilwater,0.5890576730614612
2026-09-28T00:00:00,Middle_Forest_Soilwater,0.5301519057553151
2026-09-29T00:00:00,Middle_Forest_Soilwater,0.47713671517978473
2026-09-30T00:00:00,Middle_Forest_Soilwater,0.4294230436618051
2026-10-01T00:00:00,Middle_Forest_Soilwater,0.38648073929562377
2026-10-02T00:00:00,Middle_Forest_Soilwater,0.34783266536606167
2026-10-03T00:00:00,Middle_Forest_Soilwater,0.31304939882945465
2026-10-04T00:00:00,Middle_Forest_Soilwater,0.2817444589465083
2026-10-05T00:00:00,Middle_Forest_Soilwater,0.25357001305185634
2026-10-06T00:00:00,Middle_Forest_Soilwater,0.47996301174667055
2026-10-07T00:00:00,Middle_Forest_Soilwater,0.5269667105720032
2026-10-08T00:00:00,Middle_Forest_Soilwater,1.1867700395148035
2026-10-09T00:00:00,Middle_Forest_Soilwater,1.5193430355633213
2026-10-10T00:00:00,Middle_Forest_Soilwater,1.4149087320069897
2026-10-11T00:00:00,Middle_Forest_Soilwater,1.2734178588062919
2026-10-12T00:00:00,Middle_Forest_Soilwater,1.1460760729256634
2026-10-13T00:00:00,Middle_Forest_Soilwater,1.0314684656330968
2026-10-14T00:00:00,Middle_Forest_Soilwater,0.9283216190697886
2026-10-15T00:00:00,Middle_Forest_Soilwater,1.1537394571628112
2026-10-16T00:00:00,Middle_Forest_Soilwater,1.3993655114465327
2026-10-17T00:00:00,Middle_Forest_Soilwater,1.32592896030188
2026-10-18T00:00:00,Middle_Forest_Soilwater,1.2645860642716942
2026-10-19T00:00:00,Middle_Forest_Soilwater,1.1381274578445244
2026-10-20T00:00:00,Middle_Forest_Soilwater,1.1953147120600733
2026-10-21T00:00:00,Middle_Forest_Soilwater,1.227783240854066
2026-10-22T00:00:00,Middle_Forest_Soilwater,1.1050049167686609
2026-10-23T00:00:00,Middle_Forest_Soilwater,1.0610044250917952
2026-10-24T00:00:00,Middle_Forest_Soilwater,0.9549039825826157
2026-10-25T00:00:00,Middle_Forest_Soilwater,1.5244135843243556
2026-10-26T00:00:00,Middle_Forest_Soilwater,1.53822222589192
2026-10-27T00:00:00,Middle_Forest_Soilwater,1.4224000033027266
2026-10-28T00:00:00,Middle_Forest_Soilwater,1.280160002972454
2026-10-29T00:00:00,Middle_Forest_Soilwater,2.0023940026752087
2026-10-30T00:00:00,Middle_Forest_Soilwater,2.2391546024076887
2026-10-31T00:00:00,Middle_Forest_Soilwater,2.0152391421669194
2026-11-01T00:00:00,Middle_Forest_Soilwater,1.8137152279502289
2026-11-02T00:00:00,Middle_Forest_Soilwater,1.6750937051552057
2026-11-03T00:00:00,Middle_Forest_Soilwater,1.5075843346396853
2026-11-04T00:00:00,Middle_Forest_Soilwater,1.3568259011757164
2026-11-05T00:00:00,Middle_Forest_Soilwater,1.3493933110581453
2026-11-06T00:00:00,Middle_Forest_Soilwater,1.2144539799523302
2026-11-07T00:00:00,Middle_Forest_Soilwater,1.0930085819570963
2026-11-08T00:00:00,Middle_Forest_Soilwater,0.9837077237613869
2026-11-09T00:00:00,Middle_Forest_Soilwater,0.8853369513852472
2026-11-10T00:00:00,Middle_Forest_Soilwater,0.7968032562467215
2026-11-11T00:00:00,Middle_Forest_Soilwater,0.7171229306220482
2026-11-12T00:00:00,Middle_Forest_Soilwater,0.6454106375598428
2026-11-13T00:00:00,Middle_Forest_Soilwater,0.580869573803858
2026-11-14T00:00:00,Middle_Forest_Soilwater,0.5227826164234728
2026-11-15T00:00:00,Middle_Forest_Soilwater,0.47050435478112435
2026-11-16T00:00:00,Middle_Forest_Soilwater,0.4234539193030116
2026-11-17T00:00:00,Middle_Forest_Soilwater,0.3811085273727116
2026-11-18T00:00:00,Middle_Forest_Soilwater,0.3429976746354413
2026-11-19T00:00:00,Middle_Forest_Soilwater,0.3086979071718986
2026-11-20T00:00:00,Middle_Forest_Soilwater,0.2778281164547082
2026-11-21T00:00:00,Middle_Forest_Soilwater,0.25004530480923676
2026-11-22T00:00:00,Middle_Forest_Soilwater,0.22504077432831196
2026-11-23T00:00:00,Middle_Forest_Soilwater,0.20253669689548134
2026-11-24T00:00:00,Middle_Forest_Soilwater,0.18228302720593206
2026-11-25T00:00:00,Middle_Forest_Soilwater,0.2780547244853381
2026-11-26T00:00:00,Middle_Forest_Soilwater,0.2502492520368037
2026-11-27T00:00:00,Middle_Forest_Soilwater,0.28697432683312346
2026-11-28T00:00:00,Middle_Forest_Soilwater,0.25827689414981025
2026-11-29T00:00:00,Middle_Forest_Soilwater,0.23244920473482866
2026-11-30T00:00:00,Middle_Forest_Soilwater,0.20920428426134663
2026-12-01T00:00:00,Middle_Forest_Soilwater,0.2547838558352112
2026-12-02T00:00:00,Middle_Forest_Soilwater,1.5308054702516927
2026-12-03T00:00:00,Middle_Forest_Soilwater,1.7007249232265225
2026-12-04T00:00:00,Middle_Forest_Soilwater,1.5306524309038707
2026-12-05T00:00:00,Middle_Forest_Soilwater,1.3775871878134838
2026-12-06T00:00:00,Middle_Forest_Soilwater,2.446328469032136
2026-12-07T00:00:00,Middle_Forest_Soilwater,2.5816956221289247
2026-12-08T00:00:00,Middle_Forest_Soilwater,2.3235260599160314
2026-12-09T00:00:00,Middle_Forest_Soilwater,2.0911734539244295
2026-12-10T00:00:00,Middle_Forest_Soilwater,1.8820561085319867
2026-12-11T00:00:00,Middle_Forest_Soilwater,1.693850497678787
2026-12-12T00:00:00,Middle_Forest_Soilwater,1.5244654479109074
2026-12-13T00:00:00,Middle_Forest_Soilwater,1.3720189031198176
2026-12-14T00:00:00,Middle_Forest_Soilwater,1.2348170128078353
2026-12-15T00:00:00,Middle_Forest_Soilwater,1.1113353115270515
2026-12-16T00:00:00,Middle_Forest_Soilwater,1.2472017803743456
2026-12-17T00:00:00,Middle_Forest_Soilwater,1.3599816023369102
2026-12-18T00:00:00,Middle_Forest_Soilwater,1.637233442103218
2026-12-19T00:00:00,Middle_Forest_Soilwater,1.9817600978928966
2026-12-20T00:00:00,Middle_Forest_Soilwater,1.7835840881036065
2026-12-21T00:00:00,Middle_Forest_Soilwater,1.6052256792932469
2026-12-22T00:00:00,Middle_Forest_Soilwater,1.4447031113639213
2026-12-23T00:00:00,Middle_Forest_Soilwater,1.4617328002275316
2026-12-24T00:00:00,Middle_Forest_Soilwater,1.458059520204779
2026-12-25T00:00:00,Middle_Forest_Soilwater,1.5830035681843015
2026-12-26T00:00:00,Middle_Forest_Soilwater,1.424703211365872
2026-12-27T00:00:00,Middle_Forest_Soilwater,1.2822328902292839
2026-12-28T00:00:00,Middle_Forest_Soilwater,1.1540096012063543
2026-12-29T00:00:00,Middle_Forest_Soilwater,1.038608641085719
2026-12-30T00:00:00,Middle_Forest_Soilwater,0.9347477769771473
2026-12-31T00:00:00,Middle_Forest_Soilwater,0.8412729992794312
