b886c06f-9975-49f4-915c-e8901b9071c9,location,waterInputs
2023-01-01T00:00:00,Middle_Agriculture_Groundwater,1.5503592727272737
2023-01-02T00:00:00,Middle_Agriculture_Groundwater,1.341284072727274
2023-01-03T00:00:00,Middle_Agriculture_Groundwater,1.1559440290909107
2023-01-04T00:00:00,Middle_Agriculture_Groundwater,0.9831685352727277
2023-01-05T00:00:00,Middle_Agriculture_Groundwater,0.8345825908363622
2023-01-06T00:00:00,Middle_Agriculture_Groundwater,0.6955141499345451
2023-01-07T00:00:00,Middle_Agriculture_Groundwater,0.5835481894865439
2023-01-08T00:00:00,Middle_Agriculture_Groundwater,0.4928326432651625
2023-01-09T00:00:00,Middle_Agriculture_Groundwater,0.4152730153022822
2023-01-10T00:00:00,Middle_Agriculture_Groundwater,0.3357297137720548
2023-01-11T00:00:00,Middle_Agriculture_Groundwater,0.2707385605766672
2023-01-12T00:00:00,Middle_Agriculture_Groundwater,0.21381743179172874
2023-01-13T00:00:00,Middle_Agriculture_Groundwater,0.16573023406710263
2023-01-14T00:00:00,Middle_Agriculture_Groundwater,0.1262219379331191
2023-01-15T00:00:00,Middle_Agriculture_Groundwater,0.08061065323071717
2023-01-16T00:00:00,Middle_Agriculture_Groundwater,0.035476133362190014
2023-01-17T00:00:00,Middle_Agriculture_Groundwater,0.0
2023-01-18T00:00:00,Middle_Agriculture_Groundwater,0.0
2023-01-19T00:00:00,Middle_Agriculture_Groundwater,0.0
2023-01-20T00:00:00,Middle_Agriculture_Groundwater,0.0
2023-01-21T00:00:00,Middle_Agriculture_Groundwater,0.0
2023-01-22T00:00:00,Middle_Agriculture_Groundwater,0.0
2023-01-23T00:00:00,Middle_Agriculture_Groundwater,0.0
2023-01-24T00:00:00,Middle_Agriculture_Groundwater,0.0
2023-01-25T00:00:00,Middle_Agriculture_Groundwater,0.0
2023-01-26T00:00:00,Middle_Agriculture_Groundwater,0.0
2023-01-27T00:00:00,Middle_Agriculture_Groundwater,0.0
2023-01-28T00:00:00,Middle_Agriculture_Groundwater,0.0
2023-01-29T00:00:00,Middle_Agriculture_Groundwater,0.0
2023-01-30T00:00:00,Middle_Agriculture_Groundwater,0.0
2023-01-31T00:00:00,Middle_Agriculture_Groundwater,0.0
2023-02-01T00:00:00,Middle_Agriculture_Groundwater,0.0
2023-02-02T00:00:00,Middle_Agriculture_Groundwater,0.0
2023-02-03T00:00:00,Middle_Agriculture_Groundwater,0.0
2023-02-04T00:00:00,Middle_Agriculture_Groundwater,0.0
2023-02-05T00:00:00,Middle_Agriculture_Groundwater,0.0
2023-02-06T00:00:00,Middle_Agriculture_Groundwater,0.0
2023-02-07T00:00:00,Middle_Agriculture_Groundwater,0.0
2023-02-08T00:00:00,Middle_Agriculture_Groundwater,0.0
2023-02-09T00:00:00,Middle_Agriculture_Groundwater,0.0
2023-02-10T00:00:00,Middle_Agriculture_Groundwater,0.0
2023-02-11T00:00:00,Middle_Agriculture_Groundwater,0.0
2023-02-12T00:00:00,Middle_Agriculture_Groundwater,0.0
2023-02-13T00:00:00,Middle_Agriculture_Groundwater,0.0
2023-02-14T00:00:00,Middle_Agriculture_Groundwater,0.0
2023-02-15T00:00:00,Middle_Agriculture_Groundwater,0.0
2023-02-16T00:00:00,Middle_Agriculture_Groundwater,0.0
2023-02-17T00:00:00,Middle_Agriculture_Groundwater,0.0
2023-02-18T00:00:00,Middle_Agriculture_Groundwater,0.0
2023-02-19T00:00:00,Middle_Agriculture_Groundwater,0.0
2023-02-20T00:00:00,Middle_Agriculture_Groundwater,0.0
2023-02-21T00:00:00,Middle_Agriculture_Groundwater,0.0
2023-02-22T00:00:00,Middle_Agriculture_Groundwater,0.0
2023-02-23T00:00:00,Middle_Agriculture_Groundwater,0.0
2023-02-24T00:00:00,Middle_Agriculture_Groundwater,0.0
2023-02-25T00:00:00,Middle_Agriculture_Groundwater,0.0
2023-02-26T00:00:00,Middle_Agriculture_Groundwater,0.0
2023-02-27T00:00:00,Middle_Agriculture_Groundwater,0.0
2023-02-28T00:00:00,Middle_Agriculture_Groundwater,0.0
2023-03-01T00:00:00,Middle_Agriculture_Groundwater,0.0
2023-03-02T00:00:00,Middle_Agriculture_Groundwater,0.0
2023-03-03T00:00:00,Middle_Agriculture_Groundwater,0.0
2023-03-04T00:00:00,Middle_Agriculture_Groundwater,0.0
2023-03-05T00:00:00,Middle_Agriculture_Groundwater,0.0
2023-03-06T00:00:00,Middle_Agriculture_Groundwater,0.0
2023-03-07T00:00:00,Middle_Agriculture_Groundwater,0.0
2023-03-08T00:00:00,Middle_Agriculture_Groundwater,0.0
2023-03-09T00:00:00,Middle_Agriculture_Groundwater,0.0
2023-03-10T00:00:00,Middle_Agriculture_Groundwater,0.0
2023-03-11T00:00:00,Middle_Agriculture_Groundwater,0.0
2023-03-12T00:00:00,Middle_Agriculture_Groundwater,0.0
2023-03-13T00:00:00,Middle_Agriculture_Groundwater,0.0
2023-03-14T00:00:00,Middle_Agriculture_Groundwater,0.0
2023-03-15T00:00:00,Middle_Agriculture_Groundwater,0.0
2023-03-16T00:00:00,Middle_Agriculture_Groundwater,0.0
2023-03-17T00:00:00,Middle_Agriculture_Groundwater,0.0
2023-03-18T00:00:00,Middle_Agriculture_Groundwater,0.0
2023-03-19T00:00:00,Middle_Agriculture_Groundwater,0.0
2023-03-20T00:00:00,Middle_Agriculture_Groundwater,0.0
2023-03-21T00:00:00,Middle_Agriculture_Groundwater,0.0
2023-03-22T00:00:00,Middle_Agriculture_Groundwater,0.0
2023-03-23T00:00:00,Middle_Agriculture_Groundwater,0.0
2023-03-24T00:00:00,Middle_Agriculture_Groundwater,0.0
2023-03-25T00:00:00,Middle_Agriculture_Groundwater,0.0
2023-03-26T00:00:00,Middle_Agriculture_Groundwater,0.0
2023-03-27T00:00:00,Middle_Agriculture_Groundwater,0.0
2023-03-28T00:00:00,Middle_Agriculture_Groundwater,0.0
2023-03-29T00:00:00,Middle_Agriculture_Groundwater,0.0
2023-03-30T00:00:00,Middle_Agriculture_Groundwater,0.0
2023-03-31T00:00:00,Middle_Agriculture_Groundwater,0.0
2023-04-01T00:00:00,Middle_Agriculture_Groundwater,0.0
2023-04-02T00:00:00,Middle_Agriculture_Groundwater,0.0
2023-04-03T00:00:00,Middle_Agriculture_Groundwater,0.0
2023-04-04T00:00:00,Middle_Agriculture_Groundwater,0.0
2023-04-05T00:00:00,Middle_Agriculture_Groundwater,0.0
2023-04-06T00:00:00,Middle_Agriculture_Groundwater,0.0
2023-04-07T00:00:00,Middle_Agriculture_Groundwater,0.0
2023-04-08T00:00:00,Middle_Agriculture_Groundwater,0.0
2023-04-09T00:00:00,Middle_Agriculture_Groundwater,0.0
2023-04-10T00:00:00,Middle_Agriculture_Groundwater,0.0
2023-04-11T00:00:00,Middle_Agriculture_Groundwater,0.0
2023-04-12T00:00:00,Middle_Agriculture_Groundwater,0.0
2023-04-13T00:00:00,Middle_Agriculture_Groundwater,0.0
2023-04-14T00:00:00,Middle_Agriculture_Groundwater,0.0
2023-04-15T00:00:00,Middle_Agriculture_Groundwater,0.0
2023-04-16T00:00:00,Middle_Agriculture_Groundwater,0.0
2023-04-17T00:00:00,Middle_Agriculture_Groundwater,0.0
2023-04-18T00:00:00,Middle_Agriculture_Groundwater,0.0
2023-04-19T00:00:00,Middle_Agriculture_Groundwater,0.0
2023-04-20T00:00:00,Middle_Agriculture_Groundwater,0.0
2023-04-21T00:00:00,Middle_Agriculture_Groundwater,0.0
2023-04-22T00:00:00,Middle_Agriculture_Groundwater,0.0
2023-04-23T00:00:00,Middle_Agriculture_Groundwater,0.0
2023-04-24T00:00:00,Middle_Agriculture_Groundwater,0.0
2023-04-25T00:00:00,Middle_Agriculture_Groundwater,0.0
2023-04-26T00:00:00,Middle_Agriculture_Groundwater,0.0
2023-04-27T00:00:00,Middle_Agriculture_Groundwater,0.0
2023-04-28T00:00:00,Middle_Agriculture_Groundwater,0.0
2023-04-29T00:00:00,Middle_Agriculture_Groundwater,0.0
2023-04-30T00:00:00,Middle_Agriculture_Groundwater,0.0
2023-05-01T00:00:00,Middle_Agriculture_Groundwater,0.0
2023-05-02T00:00:00,Middle_Agriculture_Groundwater,0.0
2023-05-03T00:00:00,Middle_Agriculture_Groundwater,0.0
2023-05-04T00:00:00,Middle_Agriculture_Groundwater,0.0
2023-05-05T00:00:00,Middle_Agriculture_Groundwater,0.0
2023-05-06T00:00:00,Middle_Agriculture_Groundwater,0.0
2023-05-07T00:00:00,Middle_Agriculture_Groundwater,0.0
2023-05-08T00:00:00,Middle_Agriculture_Groundwater,0.0
2023-05-09T00:00:00,Middle_Agriculture_Groundwater,0.0
2023-05-10T00:00:00,Middle_Agriculture_Groundwater,0.0
2023-05-11T00:00:00,Middle_Agriculture_Groundwater,0.0
2023-05-12T00:00:00,Middle_Agriculture_Groundwater,0.0
2023-05-13T00:00:00,Middle_Agriculture_Groundwater,0.0
2023-05-14T00:00:00,Middle_Agriculture_Groundwater,0.0
2023-05-15T00:00:00,Middle_Agriculture_Groundwater,0.0
2023-05-16T00:00:00,Middle_Agriculture_Groundwater,0.0
2023-05-17T00:00:00,Middle_Agriculture_Groundwater,0.0
2023-05-18T00:00:00,Middle_Agriculture_Groundwater,0.0
2023-05-19T00:00:00,Middle_Agriculture_Groundwater,0.0
2023-05-20T00:00:00,Middle_Agriculture_Groundwater,0.0
2023-05-21T00:00:00,Middle_Agriculture_Groundwater,0.0
2023-05-22T00:00:00,Middle_Agriculture_Groundwater,0.0
2023-05-23T00:00:00,Middle_Agriculture_Groundwater,0.0
2023-05-24T00:00:00,Middle_Agriculture_Groundwater,0.0
2023-05-25T00:00:00,Middle_Agriculture_Groundwater,0.0
2023-05-26T00:00:00,Middle_Agriculture_Groundwater,0.0
2023-05-27T00:00:00,Middle_Agriculture_Groundwater,0.0
2023-05-28T00:00:00,Middle_Agriculture_Groundwater,0.0
2023-05-29T00:00:00,Middle_Agriculture_Groundwater,0.0
2023-05-30T00:00:00,Middle_Agriculture_Groundwater,0.0
2023-05-31T00:00:00,Middle_Agriculture_Groundwater,0.0
2023-06-01T00:00:00,Middle_Agriculture_Groundwater,0.0
2023-06-02T00:00:00,Middle_Agriculture_Groundwater,0.0
2023-06-03T00:00:00,Middle_Agriculture_Groundwater,0.0
2023-06-04T00:00:00,Middle_Agriculture_Groundwater,0.0
2023-06-05T00:00:00,Middle_Agriculture_Groundwater,0.0
2023-06-06T00:00:00,Middle_Agriculture_Groundwater,0.0
2023-06-07T00:00:00,Middle_Agriculture_Groundwater,0.0
2023-06-08T00:00:00,Middle_Agriculture_Groundwater,0.0
2023-06-09T00:00:00,Middle_Agriculture_Groundwater,0.0
2023-06-10T00:00:00,Middle_Agriculture_Groundwater,0.0
2023-06-11T00:00:00,Middle_Agriculture_Groundwater,0.0
2023-06-12T00:00:00,Middle_Agriculture_Groundwater,0.0
2023-06-13T00:00:00,Middle_Agriculture_Groundwater,0.0
2023-06-14T00:00:00,Middle_Agriculture_Groundwater,0.0
2023-06-15T00:00:00,Middle_Agriculture_Groundwater,0.0
2023-06-16T00:00:00,Middle_Agriculture_Groundwater,0.0
2023-06-17T00:00:00,Middle_Agriculture_Groundwater,0.0
2023-06-18T00:00:00,Middle_Agriculture_Groundwater,0.0
2023-06-19T00:00:00,Middle_Agriculture_Groundwater,0.0
2023-06-20T00:00:00,Middle_Agriculture_Groundwater,0.0
2023-06-21T00:00:00,Middle_Agriculture_Groundwater,0.0
2023-06-22T00:00:00,Middle_Agriculture_Groundwater,0.0
2023-06-23T00:00:00,Middle_Agriculture_Groundwater,0.0
2023-06-24T00:00:00,Middle_Agriculture_Groundwater,0.0
2023-06-25T00:00:00,Middle_Agriculture_Groundwater,0.0
2023-06-26T00:00:00,Middle_Agriculture_Groundwater,0.0
2023-06-27T00:00:00,Middle_Agriculture_Groundwater,0.0
2023-06-28T00:00:00,Middle_Agriculture_Groundwater,0.0
2023-06-29T00:00:00,Middle_Agriculture_Groundwater,0.0
2023-06-30T00:00:00,Middle_Agriculture_Groundwater,0.0
2023-07-01T00:00:00,Middle_Agriculture_Groundwater,0.0
2023-07-02T00:00:00,Middle_Agriculture_Groundwater,0.0
2023-07-03T00:00:00,Middle_Agriculture_Groundwater,0.0
2023-07-04T00:00:00,Middle_Agriculture_Groundwater,0.0
2023-07-05T00:00:00,Middle_Agriculture_Groundwater,0.0
2023-07-06T00:00:00,Middle_Agriculture_Groundwater,0.0
2023-07-07T00:00:00,Middle_Agriculture_Groundwater,0.0
2023-07-08T00:00:00,Middle_Agriculture_Groundwater,0.0
2023-07-09T00:00:00,Middle_Agriculture_Groundwater,0.0
2023-07-10T00:00:00,Middle_Agriculture_Groundwater,0.0
2023-07-11T00:00:00,Middle_Agriculture_Groundwater,0.0
2023-07-12T00:00:00,Middle_Agriculture_Groundwater,0.0
2023-07-13T00:00:00,Middle_Agriculture_Groundwater,0.0
2023-07-14T00:00:00,Middle_Agriculture_Groundwater,0.0
2023-07-15T00:00:00,Middle_Agriculture_Groundwater,0.0
2023-07-16T00:00:00,Middle_Agriculture_Groundwater,0.0
2023-07-17T00:00:00,Middle_Agriculture_Groundwater,0.0
2023-07-18T00:00:00,Middle_Agriculture_Groundwater,0.0
2023-07-19T00:00:00,Middle_Agriculture_Groundwater,0.0
2023-07-20T00:00:00,Middle_Agriculture_Groundwater,0.0
2023-07-21T00:00:00,Middle_Agriculture_Groundwater,0.0
2023-07-22T00:00:00,Middle_Agriculture_Groundwater,0.0
2023-07-23T00:00:00,Middle_Agriculture_Groundwater,0.0
2023-07-24T00:00:00,Middle_Agriculture_Groundwater,0.0
2023-07-25T00:00:00,Middle_Agriculture_Groundwater,0.0
2023-07-26T00:00:00,Middle_Agriculture_Groundwater,0.0
2023-07-27T00:00:00,Middle_Agriculture_Groundwater,0.0
2023-07-28T00:00:00,Middle_Agriculture_Groundwater,0.0
2023-07-29T00:00:00,Middle_Agriculture_Groundwater,0.0
2023-07-30T00:00:00,Middle_Agriculture_Groundwater,0.0
2023-07-31T00:00:00,Middle_Agriculture_Groundwater,0.0
2023-08-01T00:00:00,Middle_Agriculture_Groundwater,0.0
2023-08-02T00:00:00,Middle_Agriculture_Groundwater,0.0
2023-08-03T00:00:00,Middle_Agriculture_Groundwater,0.0
2023-08-04T00:00:00,Middle_Agriculture_Groundwater,0.0
2023-08-05T00:00:00,Middle_Agriculture_Groundwater,0.0
2023-08-06T00:00:00,Middle_Agriculture_Groundwater,0.0
2023-08-07T00:00:00,Middle_Agriculture_Groundwater,0.0
2023-08-08T00:00:00,Middle_Agriculture_Groundwater,0.0
2023-08-09T00:00:00,Middle_Agriculture_Groundwater,0.0
2023-08-10T00:00:00,Middle_Agriculture_Groundwater,0.0
2023-08-11T00:00:00,Middle_Agriculture_Groundwater,0.0
2023-08-12T00:00:00,Middle_Agriculture_Groundwater,0.0
2023-08-13T00:00:00,Middle_Agriculture_Groundwater,0.0
2023-08-14T00:00:00,Middle_Agriculture_Groundwater,0.0
2023-08-15T00:00:00,Middle_Agriculture_Groundwater,0.0
2023-08-16T00:00:00,Middle_Agriculture_Groundwater,0.0
2023-08-17T00:00:00,Middle_Agriculture_Groundwater,0.0
2023-08-18T00:00:00,Middle_Agriculture_Groundwater,0.0
2023-08-19T00:00:00,Middle_Agriculture_Groundwater,0.0
2023-08-20T00:00:00,Middle_Agriculture_Groundwater,0.0
2023-08-21T00:00:00,Middle_Agriculture_Groundwater,0.0
2023-08-22T00:00:00,Middle_Agriculture_Groundwater,0.0
2023-08-23T00:00:00,Middle_Agriculture_Groundwater,0.0
2023-08-24T00:00:00,Middle_Agriculture_Groundwater,0.0
2023-08-25T00:00:00,Middle_Agriculture_Groundwater,0.0
2023-08-26T00:00:00,Middle_Agriculture_Groundwater,0.0
2023-08-27T00:00:00,Middle_Agriculture_Groundwater,0.0
2023-08-28T00:00:00,Middle_Agriculture_Groundwater,0.0
2023-08-29T00:00:00,Middle_Agriculture_Groundwater,0.0
2023-08-30T00:00:00,Middle_Agriculture_Groundwater,0.0
2023-08-31T00:00:00,Middle_Agriculture_Groundwater,0.0
2023-09-01T00:00:00,Middle_Agriculture_Groundwater,0.0
2023-09-02T00:00:00,Middle_Agriculture_Groundwater,0.0
2023-09-03T00:00:00,Middle_Agriculture_Groundwater,0.0
2023-09-04T00:00:00,Middle_Agriculture_Groundwater,0.0
2023-09-05T00:00:00,Middle_Agriculture_Groundwater,0.0
2023-09-06T00:00:00,Middle_Agriculture_Groundwater,0.0
2023-09-07T00:00:00,Middle_Agriculture_Groundwater,0.0
2023-09-08T00:00:00,Middle_Agriculture_Groundwater,0.0
2023-09-09T00:00:00,Middle_Agriculture_Groundwater,0.0
2023-09-10T00:00:00,Middle_Agriculture_Groundwater,0.0
2023-09-11T00:00:00,Middle_Agriculture_Groundwater,0.0
2023-09-12T00:00:00,Middle_Agriculture_Groundwater,0.0
2023-09-13T00:00:00,Middle_Agriculture_Groundwater,0.0
2023-09-14T00:00:00,Middle_Agriculture_Groundwater,0.0
2023-09-15T00:00:00,Middle_Agriculture_Groundwater,0.0
2023-09-16T00:00:00,Middle_Agriculture_Groundwater,0.0
2023-09-17T00:00:00,Middle_Agriculture_Groundwater,0.0
2023-09-18T00:00:00,Middle_Agriculture_Groundwater,0.0
2023-09-19T00:00:00,Middle_Agriculture_Groundwater,0.0
2023-09-20T00:00:00,Middle_Agriculture_Groundwater,0.0
2023-09-21T00:00:00,Middle_Agriculture_Groundwater,0.0
2023-09-22T00:00:00,Middle_Agriculture_Groundwater,0.0
2023-09-23T00:00:00,Middle_Agriculture_Groundwater,0.0
2023-09-24T00:00:00,Middle_Agriculture_Groundwater,0.0
2023-09-25T00:00:00,Middle_Agriculture_Groundwater,0.0
2023-09-26T00:00:00,Middle_Agriculture_Groundwater,0.0
2023-09-27T00:00:00,Middle_Agriculture_Groundwater,0.0
2023-09-28T00:00:00,Middle_Agriculture_Groundwater,0.0
2023-09-29T00:00:00,Middle_Agriculture_Groundwater,0.0
2023-09-30T00:00:00,Middle_Agriculture_Groundwater,0.0
2023-10-01T00:00:00,Middle_Agriculture_Groundwater,0.0
2023-10-02T00:00:00,Middle_Agriculture_Groundwater,0.0
2023-10-03T00:00:00,Middle_Agriculture_Groundwater,0.0
2023-10-04T00:00:00,Middle_Agriculture_Groundwater,0.0
2023-10-05T00:00:00,Middle_Agriculture_Groundwater,0.0
2023-10-06T00:00:00,Middle_Agriculture_Groundwater,0.0
2023-10-07T00:00:00,Middle_Agriculture_Groundwater,0.0
2023-10-08T00:00:00,Middle_Agriculture_Groundwater,0.0
2023-10-09T00:00:00,Middle_Agriculture_Groundwater,0.0
2023-10-10T00:00:00,Middle_Agriculture_Groundwater,0.0
2023-10-11T00:00:00,Middle_Agriculture_Groundwater,0.0
2023-10-12T00:00:00,Middle_Agriculture_Groundwater,0.0
2023-10-13T00:00:00,Middle_Agriculture_Groundwater,0.0
2023-10-14T00:00:00,Middle_Agriculture_Groundwater,0.0
2023-10-15T00:00:00,Middle_Agriculture_Groundwater,0.0
2023-10-16T00:00:00,Middle_Agriculture_Groundwater,0.0
2023-10-17T00:00:00,Middle_Agriculture_Groundwater,0.0
2023-10-18T00:00:00,Middle_Agriculture_Groundwater,0.0
2023-10-19T00:00:00,Middle_Agriculture_Groundwater,0.0
2023-10-20T00:00:00,Middle_Agriculture_Groundwater,0.0
2023-10-21T00:00:00,Middle_Agriculture_Groundwater,0.0
2023-10-22T00:00:00,Middle_Agriculture_Groundwater,0.0
2023-10-23T00:00:00,Middle_Agriculture_Groundwater,0.0
2023-10-24T00:00:00,Middle_Agriculture_Groundwater,0.0
2023-10-25T00:00:00,Middle_Agriculture_Groundwater,0.0
2023-10-26T00:00:00,Middle_Agriculture_Groundwater,0.0
2023-10-27T00:00:00,Middle_Agriculture_Groundwater,0.0
2023-10-28T00:00:00,Middle_Agriculture_Groundwater,0.0
2023-10-29T00:00:00,Middle_Agriculture_Groundwater,0.0
2023-10-30T00:00:00,Middle_Agriculture_Groundwater,0.0
2023-10-31T00:00:00,Middle_Agriculture_Groundwater,0.0
2023-11-01T00:00:00,Middle_Agriculture_Groundwater,0.0
2023-11-02T00:00:00,Middle_Agriculture_Groundwater,0.0
2023-11-03T00:00:00,Middle_Agriculture_Groundwater,0.0
2023-11-04T00:00:00,Middle_Agriculture_Groundwater,0.0
2023-11-05T00:00:00,Middle_Agriculture_Groundwater,0.0
2023-11-06T00:00:00,Middle_Agriculture_Groundwater,0.0
2023-11-07T00:00:00,Middle_Agriculture_Groundwater,0.0
2023-11-08T00:00:00,Middle_Agriculture_Groundwater,0.0
2023-11-09T00:00:00,Middle_Agriculture_Groundwater,0.0
2023-11-10T00:00:00,Middle_Agriculture_Groundwater,0.0
2023-11-11T00:00:00,Middle_Agriculture_Groundwater,0.0
2023-11-12T00:00:00,Middle_Agriculture_Groundwater,0.0
2023-11-13T00:00:00,Middle_Agriculture_Groundwater,0.0
2023-11-14T00:00:00,Middle_Agriculture_Groundwater,0.0
2023-11-15T00:00:00,Middle_Agriculture_Groundwater,0.0
2023-11-16T00:00:00,Middle_Agriculture_Groundwater,0.0
2023-11-17T00:00:00,Middle_Agriculture_Groundwater,0.0
2023-11-18T00:00:00,Middle_Agriculture_Groundwater,0.0
2023-11-19T00:00:00,Middle_Agriculture_Groundwater,0.0
2023-11-20T00:00:00,Middle_Agriculture_Groundwater,0.0
2023-11-21T00:00:00,Middle_Agriculture_Groundwater,0.0
2023-11-22T00:00:00,Middle_Agriculture_Groundwater,0.0
2023-11-23T00:00:00,Middle_Agriculture_Groundwater,0.0
2023-11-24T00:00:00,Middle_Agriculture_Groundwater,0.0
2023-11-25T00:00:00,Middle_Agriculture_Groundwater,0.0
2023-11-26T00:00:00,Middle_Agriculture_Groundwater,0.0
2023-11-27T00:00:00,Middle_Agriculture_Groundwater,0.0
2023-11-28T00:00:00,Middle_Agriculture_Groundwater,0.0
2023-11-29T00:00:00,Middle_Agriculture_Groundwater,0.0
2023-11-30T00:00:00,Middle_Agriculture_Groundwater,0.0
2023-12-01T00:00:00,Middle_Agriculture_Groundwater,0.0
2023-12-02T00:00:00,Middle_Agriculture_Groundwater,0.0
2023-12-03T00:00:00,Middle_Agriculture_Groundwater,0.0
2023-12-04T00:00:00,Middle_Agriculture_Groundwater,0.0
2023-12-05T00:00:00,Middle_Agriculture_Groundwater,0.0
2023-12-06T00:00:00,Middle_Agriculture_Groundwater,0.0
2023-12-07T00:00:00,Middle_Agriculture_Groundwater,0.0
2023-12-08T00:00:00,Middle_Agriculture_Groundwater,0.0
2023-12-09T00:00:00,Middle_Agriculture_Groundwater,0.0
2023-12-10T00:00:00,Middle_Agriculture_Groundwater,0.0
2023-12-11T00:00:00,Middle_Agriculture_Groundwater,0.0
2023-12-12T00:00:00,Middle_Agriculture_Groundwater,0.0
2023-12-13T00:00:00,Middle_Agriculture_Groundwater,0.0
2023-12-14T00:00:00,Middle_Agriculture_Groundwater,0.0
2023-12-15T00:00:00,Middle_Agriculture_Groundwater,0.0
2023-12-16T00:00:00,Middle_Agriculture_Groundwater,0.0
2023-12-17T00:00:00,Middle_Agriculture_Groundwater,0.0
2023-12-18T00:00:00,Middle_Agriculture_Groundwater,0.0
2023-12-19T00:00:00,Middle_Agriculture_Groundwater,0.0
2023-12-20T00:00:00,Middle_Agriculture_Groundwater,0.0
2023-12-21T00:00:00,Middle_Agriculture_Groundwater,0.0
2023-12-22T00:00:00,Middle_Agriculture_Groundwater,0.0
2023-12-23T00:00:00,Middle_Agriculture_Groundwater,0.0
2023-12-24T00:00:00,Middle_Agriculture_Groundwater,0.0
2023-12-25T00:00:00,Middle_Agriculture_Groundwater,0.0
2023-12-26T00:00:00,Middle_Agriculture_Groundwater,0.0
2023-12-27T00:00:00,Middle_Agriculture_Groundwater,0.0
2023-12-28T00:00:00,Middle_Agriculture_Groundwater,0.0
2023-12-29T00:00:00,Middle_Agriculture_Groundwater,0.0
2023-12-30T00:00:00,Middle_Agriculture_Groundwater,0.0
2023-12-31T00:00:00,Middle_Agriculture_Groundwater,0.0
2024-01-01T00:00:00,Middle_Agriculture_Groundwater,0.0
2024-01-02T00:00:00,Middle_Agriculture_Groundwater,0.0
2024-01-03T00:00:00,Middle_Agriculture_Groundwater,0.0
2024-01-04T00:00:00,Middle_Agriculture_Groundwater,0.0
2024-01-05T00:00:00,Middle_Agriculture_Groundwater,0.0
2024-01-06T00:00:00,Middle_Agriculture_Groundwater,0.0
2024-01-07T00:00:00,Middle_Agriculture_Groundwater,0.0
2024-01-08T00:00:00,Middle_Agriculture_Groundwater,0.0
2024-01-09T00:00:00,Middle_Agriculture_Groundwater,0.0
2024-01-10T00:00:00,Middle_Agriculture_Groundwater,0.0
2024-01-11T00:00:00,Middle_Agriculture_Groundwater,0.0
2024-01-12T00:00:00,Middle_Agriculture_Groundwater,0.0
2024-01-13T00:00:00,Middle_Agriculture_Groundwater,0.0
2024-01-14T00:00:00,Middle_Agriculture_Groundwater,0.0
2024-01-15T00:00:00,Middle_Agriculture_Groundwater,0.0
2024-01-16T00:00:00,Middle_Agriculture_Groundwater,0.0
2024-01-17T00:00:00,Middle_Agriculture_Groundwater,0.0
2024-01-18T00:00:00,Middle_Agriculture_Groundwater,0.0
2024-01-19T00:00:00,Middle_Agriculture_Groundwater,0.0
2024-01-20T00:00:00,Middle_Agriculture_Groundwater,0.0
2024-01-21T00:00:00,Middle_Agriculture_Groundwater,0.0
2024-01-22T00:00:00,Middle_Agriculture_Groundwater,0.0
2024-01-23T00:00:00,Middle_Agriculture_Groundwater,0.0
2024-01-24T00:00:00,Middle_Agriculture_Groundwater,0.0
2024-01-25T00:00:00,Middle_Agriculture_Groundwater,0.0
2024-01-26T00:00:00,Middle_Agriculture_Groundwater,0.0
2024-01-27T00:00:00,Middle_Agriculture_Groundwater,0.0
2024-01-28T00:00:00,Middle_Agriculture_Groundwater,0.0
2024-01-29T00:00:00,Middle_Agriculture_Groundwater,0.0
2024-01-30T00:00:00,Middle_Agriculture_Groundwater,0.0
2024-01-31T00:00:00,Middle_Agriculture_Groundwater,0.0
2024-02-01T00:00:00,Middle_Agriculture_Groundwater,0.004514905011242263
2024-02-02T00:00:00,Middle_Agriculture_Groundwater,0.018637105188158788
2024-02-03T00:00:00,Middle_Agriculture_Groundwater,0.02414018900685051
2024-02-04T00:00:00,Middle_Agriculture_Groundwater,0.03401155773719438
2024-02-05T00:00:00,Middle_Agriculture_Groundwater,0.0457516144677652
2024-02-06T00:00:00,Middle_Agriculture_Groundwater,0.051724562456668094
2024-02-07T00:00:00,Middle_Agriculture_Groundwater,0.058841622884931444
2024-02-08T00:00:00,Middle_Agriculture_Groundwater,0.05851984378479302
2024-02-09T00:00:00,Middle_Agriculture_Groundwater,0.06091007700310685
2024-02-10T00:00:00,Middle_Agriculture_Groundwater,0.06820651968536368
2024-02-11T00:00:00,Middle_Agriculture_Groundwater,0.051759518515684715
2024-02-12T00:00:00,Middle_Agriculture_Groundwater,0.03355708874672246
2024-02-13T00:00:00,Middle_Agriculture_Groundwater,0.02438416792821727
2024-02-14T00:00:00,Middle_Agriculture_Groundwater,0.024847569476853553
2024-02-15T00:00:00,Middle_Agriculture_Groundwater,0.00572121267284274
2024-02-16T00:00:00,Middle_Agriculture_Groundwater,0.0
2024-02-17T00:00:00,Middle_Agriculture_Groundwater,0.0
2024-02-18T00:00:00,Middle_Agriculture_Groundwater,0.0
2024-02-19T00:00:00,Middle_Agriculture_Groundwater,0.0
2024-02-20T00:00:00,Middle_Agriculture_Groundwater,0.0
2024-02-21T00:00:00,Middle_Agriculture_Groundwater,0.0
2024-02-22T00:00:00,Middle_Agriculture_Groundwater,0.0
2024-02-23T00:00:00,Middle_Agriculture_Groundwater,0.0
2024-02-24T00:00:00,Middle_Agriculture_Groundwater,0.0
2024-02-25T00:00:00,Middle_Agriculture_Groundwater,0.0
2024-02-26T00:00:00,Middle_Agriculture_Groundwater,0.0
2024-02-27T00:00:00,Middle_Agriculture_Groundwater,0.0
2024-02-28T00:00:00,Middle_Agriculture_Groundwater,0.0
2024-02-29T00:00:00,Middle_Agriculture_Groundwater,0.0
2024-03-01T00:00:00,Middle_Agriculture_Groundwater,0.0
2024-03-02T00:00:00,Middle_Agriculture_Groundwater,0.0
2024-03-03T00:00:00,Middle_Agriculture_Groundwater,0.04814803441296363
2024-03-04T00:00:00,Middle_Agriculture_Groundwater,0.09407448251862889
2024-03-05T00:00:00,Middle_Agriculture_Groundwater,0.13033416065903342
2024-03-06T00:00:00,Middle_Agriculture_Groundwater,0.17481715834617037
2024-03-07T00:00:00,Middle_Agriculture_Groundwater,0.22851548761656204
2024-03-08T00:00:00,Middle_Agriculture_Groundwater,0.2645733976312295
2024-03-09T00:00:00,Middle_Agriculture_Groundwater,0.29922184349407194
2024-03-10T00:00:00,Middle_Agriculture_Groundwater,0.32429486620803577
2024-03-11T00:00:00,Middle_Agriculture_Groundwater,0.34713706594426413
2024-03-12T00:00:00,Middle_Agriculture_Groundwater,0.36216787707116516
2024-03-13T00:00:00,Middle_Agriculture_Groundwater,0.3840360644041539
2024-03-14T00:00:00,Middle_Agriculture_Groundwater,0.3996055173180162
2024-03-15T00:00:00,Middle_Agriculture_Groundwater,0.4082207190050645
2024-03-16T00:00:00,Middle_Agriculture_Groundwater,0.4141568251815215
2024-03-17T00:00:00,Middle_Agriculture_Groundwater,0.41383877565991045
2024-03-18T00:00:00,Middle_Agriculture_Groundwater,0.408178476881717
2024-03-19T00:00:00,Middle_Agriculture_Groundwater,0.40324392282983584
2024-03-20T00:00:00,Middle_Agriculture_Groundwater,0.40499078572860303
2024-03-21T00:00:00,Middle_Agriculture_Groundwater,0.4043980186375007
2024-03-22T00:00:00,Middle_Agriculture_Groundwater,0.4012562971073339
2024-03-23T00:00:00,Middle_Agriculture_Groundwater,0.40026257606046106
2024-03-24T00:00:00,Middle_Agriculture_Groundwater,0.3972484907973444
2024-03-25T00:00:00,Middle_Agriculture_Groundwater,0.3943781604626088
2024-03-26T00:00:00,Middle_Agriculture_Groundwater,0.39462082946866534
2024-03-27T00:00:00,Middle_Agriculture_Groundwater,0.40055932852343185
2024-03-28T00:00:00,Middle_Agriculture_Groundwater,0.40365773765437557
2024-03-29T00:00:00,Middle_Agriculture_Groundwater,0.4017538534920755
2024-03-30T00:00:00,Middle_Agriculture_Groundwater,0.40722195060387556
2024-03-31T00:00:00,Middle_Agriculture_Groundwater,0.404394889758396
2024-04-01T00:00:00,Middle_Agriculture_Groundwater,0.3906073488487005
2024-04-02T00:00:00,Middle_Agriculture_Groundwater,0.3857343854051783
2024-04-03T00:00:00,Middle_Agriculture_Groundwater,0.37101794116187425
2024-04-04T00:00:00,Middle_Agriculture_Groundwater,0.3624565328222684
2024-04-05T00:00:00,Middle_Agriculture_Groundwater,0.35823700855714835
2024-04-06T00:00:00,Middle_Agriculture_Groundwater,0.34209413290773916
2024-04-07T00:00:00,Middle_Agriculture_Groundwater,0.3401754986662764
2024-04-08T00:00:00,Middle_Agriculture_Groundwater,0.33386866812584465
2024-04-09T00:00:00,Middle_Agriculture_Groundwater,0.33295366688865446
2024-04-10T00:00:00,Middle_Agriculture_Groundwater,0.3247043610358287
2024-04-11T00:00:00,Middle_Agriculture_Groundwater,0.31656621604831575
2024-04-12T00:00:00,Middle_Agriculture_Groundwater,0.3144060382661292
2024-04-13T00:00:00,Middle_Agriculture_Groundwater,0.3110517247889857
2024-04-14T00:00:00,Middle_Agriculture_Groundwater,0.30918290453370223
2024-04-15T00:00:00,Middle_Agriculture_Groundwater,0.3045773310815844
2024-04-16T00:00:00,Middle_Agriculture_Groundwater,0.3008410432745541
2024-04-17T00:00:00,Middle_Agriculture_Groundwater,0.31243823971811485
2024-04-18T00:00:00,Middle_Agriculture_Groundwater,0.31807922280385587
2024-04-19T00:00:00,Middle_Agriculture_Groundwater,0.3200331541479932
2024-04-20T00:00:00,Middle_Agriculture_Groundwater,0.31841550699526355
2024-04-21T00:00:00,Middle_Agriculture_Groundwater,0.316353057731601
2024-04-22T00:00:00,Middle_Agriculture_Groundwater,0.3115189432507191
2024-04-23T00:00:00,Middle_Agriculture_Groundwater,0.30448812108869794
2024-04-24T00:00:00,Middle_Agriculture_Groundwater,0.295748273926572
2024-04-25T00:00:00,Middle_Agriculture_Groundwater,0.2857115149859851
2024-04-26T00:00:00,Middle_Agriculture_Groundwater,0.2747246250942499
2024-04-27T00:00:00,Middle_Agriculture_Groundwater,0.2630779980310013
2024-04-28T00:00:00,Middle_Agriculture_Groundwater,0.25101345012946014
2024-04-29T00:00:00,Middle_Agriculture_Groundwater,0.2422772136460981
2024-04-30T00:00:00,Middle_Agriculture_Groundwater,0.21644063541265954
2024-05-01T00:00:00,Middle_Agriculture_Groundwater,0.19174627341672024
2024-05-02T00:00:00,Middle_Agriculture_Groundwater,0.16964310473857042
2024-05-03T00:00:00,Middle_Agriculture_Groundwater,0.15280790706188557
2024-05-04T00:00:00,Middle_Agriculture_Groundwater,0.15253553605496795
2024-05-05T00:00:00,Middle_Agriculture_Groundwater,0.15163785108790764
2024-05-06T00:00:00,Middle_Agriculture_Groundwater,0.14939434775370727
2024-05-07T00:00:00,Middle_Agriculture_Groundwater,0.1421398938481957
2024-05-08T00:00:00,Middle_Agriculture_Groundwater,0.13556180542806945
2024-05-09T00:00:00,Middle_Agriculture_Groundwater,0.15524768120802948
2024-05-10T00:00:00,Middle_Agriculture_Groundwater,0.17298738195953323
2024-05-11T00:00:00,Middle_Agriculture_Groundwater,0.19411568393047673
2024-05-12T00:00:00,Middle_Agriculture_Groundwater,0.21453528805127237
2024-05-13T00:00:00,Middle_Agriculture_Groundwater,0.23614086905405887
2024-05-14T00:00:00,Middle_Agriculture_Groundwater,0.2597919809757741
2024-05-15T00:00:00,Middle_Agriculture_Groundwater,0.2761274618226071
2024-05-16T00:00:00,Middle_Agriculture_Groundwater,0.29638527214486204
2024-05-17T00:00:00,Middle_Agriculture_Groundwater,0.2992109003298947
2024-05-18T00:00:00,Middle_Agriculture_Groundwater,0.29659104106556244
2024-05-19T00:00:00,Middle_Agriculture_Groundwater,0.2882669719235242
2024-05-20T00:00:00,Middle_Agriculture_Groundwater,0.2808012243810549
2024-05-21T00:00:00,Middle_Agriculture_Groundwater,0.2770901020823908
2024-05-22T00:00:00,Middle_Agriculture_Groundwater,0.2706848283632849
2024-05-23T00:00:00,Middle_Agriculture_Groundwater,0.2653345810944507
2024-05-24T00:00:00,Middle_Agriculture_Groundwater,0.2634372804502937
2024-05-25T00:00:00,Middle_Agriculture_Groundwater,0.2592660941240252
2024-05-26T00:00:00,Middle_Agriculture_Groundwater,0.2532947722585073
2024-05-27T00:00:00,Middle_Agriculture_Groundwater,0.24592505382485347
2024-05-28T00:00:00,Middle_Agriculture_Groundwater,0.23749633135534398
2024-05-29T00:00:00,Middle_Agriculture_Groundwater,0.22797992102330455
2024-05-30T00:00:00,Middle_Agriculture_Groundwater,0.20036622944412105
2024-05-31T00:00:00,Middle_Agriculture_Groundwater,0.17703227697053991
2024-06-01T00:00:00,Middle_Agriculture_Groundwater,0.1532824708790531
2024-06-02T00:00:00,Middle_Agriculture_Groundwater,0.13713077596343057
2024-06-03T00:00:00,Middle_Agriculture_Groundwater,0.12289652259486959
2024-06-04T00:00:00,Middle_Agriculture_Groundwater,0.10388559395856647
2024-06-05T00:00:00,Middle_Agriculture_Groundwater,0.0797190130963054
2024-06-06T00:00:00,Middle_Agriculture_Groundwater,0.05790165610327222
2024-06-07T00:00:00,Middle_Agriculture_Groundwater,0.057119089468794765
2024-06-08T00:00:00,Middle_Agriculture_Groundwater,0.05647954687290622
2024-06-09T00:00:00,Middle_Agriculture_Groundwater,0.055396721901506685
2024-06-10T00:00:00,Middle_Agriculture_Groundwater,0.05396566645565827
2024-06-11T00:00:00,Middle_Agriculture_Groundwater,0.0522668548799652
2024-06-12T00:00:00,Middle_Agriculture_Groundwater,0.050053967136670964
2024-06-13T00:00:00,Middle_Agriculture_Groundwater,0.048043752029600456
2024-06-14T00:00:00,Middle_Agriculture_Groundwater,0.04593504027257723
2024-06-15T00:00:00,Middle_Agriculture_Groundwater,0.04376763334666294
2024-06-16T00:00:00,Middle_Agriculture_Groundwater,0.0415743574032058
2024-06-17T00:00:00,Middle_Agriculture_Groundwater,0.035297696678608194
2024-06-18T00:00:00,Middle_Agriculture_Groundwater,0.033536551797626546
2024-06-19T00:00:00,Middle_Agriculture_Groundwater,0.031774658926055965
2024-06-20T00:00:00,Middle_Agriculture_Groundwater,0.030029779110820987
2024-06-21T00:00:00,Middle_Agriculture_Groundwater,0.028316128669373487
2024-06-22T00:00:00,Middle_Agriculture_Groundwater,0.026644910525108118
2024-06-23T00:00:00,Middle_Agriculture_Groundwater,0.025024774723001433
2024-06-24T00:00:00,Middle_Agriculture_Groundwater,0.02346221697606552
2024-06-25T00:00:00,Middle_Agriculture_Groundwater,0.017877559394923994
2024-06-26T00:00:00,Middle_Agriculture_Groundwater,0.008996592978430728
2024-06-27T00:00:00,Middle_Agriculture_Groundwater,0.00029922606946911404
2024-06-28T00:00:00,Middle_Agriculture_Groundwater,0.0
2024-06-29T00:00:00,Middle_Agriculture_Groundwater,0.0
2024-06-30T00:00:00,Middle_Agriculture_Groundwater,0.0
2024-07-01T00:00:00,Middle_Agriculture_Groundwater,0.0
2024-07-02T00:00:00,Middle_Agriculture_Groundwater,0.0
2024-07-03T00:00:00,Middle_Agriculture_Groundwater,0.0
2024-07-04T00:00:00,Middle_Agriculture_Groundwater,0.0
2024-07-05T00:00:00,Middle_Agriculture_Groundwater,0.0
2024-07-06T00:00:00,Middle_Agriculture_Groundwater,0.0
2024-07-07T00:00:00,Middle_Agriculture_Groundwater,0.0
2024-07-08T00:00:00,Middle_Agriculture_Groundwater,0.0
2024-07-09T00:00:00,Middle_Agriculture_Groundwater,0.0
2024-07-10T00:00:00,Middle_Agriculture_Groundwater,0.0
2024-07-11T00:00:00,Middle_Agriculture_Groundwater,0.0
2024-07-12T00:00:00,Middle_Agriculture_Groundwater,0.0
2024-07-13T00:00:00,Middle_Agriculture_Groundwater,0.0
2024-07-14T00:00:00,Middle_Agriculture_Groundwater,0.0
2024-07-15T00:00:00,Middle_Agriculture_Groundwater,0.0
2024-07-16T00:00:00,Middle_Agriculture_Groundwater,0.0
2024-07-17T00:00:00,Middle_Agriculture_Groundwater,0.0
2024-07-18T00:00:00,Middle_Agriculture_Groundwater,0.0
2024-07-19T00:00:00,Middle_Agriculture_Groundwater,0.0
2024-07-20T00:00:00,Middle_Agriculture_Groundwater,0.0
2024-07-21T00:00:00,Middle_Agriculture_Groundwater,0.0
2024-07-22T00:00:00,Middle_Agriculture_Groundwater,0.0
2024-07-23T00:00:00,Middle_Agriculture_Groundwater,0.0
2024-07-24T00:00:00,Middle_Agriculture_Groundwater,0.0
2024-07-25T00:00:00,Middle_Agriculture_Groundwater,0.0
2024-07-26T00:00:00,Middle_Agriculture_Groundwater,0.0
2024-07-27T00:00:00,Middle_Agriculture_Groundwater,0.0
2024-07-28T00:00:00,Middle_Agriculture_Groundwater,0.0
2024-07-29T00:00:00,Middle_Agriculture_Groundwater,0.0
2024-07-30T00:00:00,Middle_Agriculture_Groundwater,0.0
2024-07-31T00:00:00,Middle_Agriculture_Groundwater,0.0
2024-08-01T00:00:00,Middle_Agriculture_Groundwater,0.0
2024-08-02T00:00:00,Middle_Agriculture_Groundwater,0.0
2024-08-03T00:00:00,Middle_Agriculture_Groundwater,0.0
2024-08-04T00:00:00,Middle_Agriculture_Groundwater,0.0
2024-08-05T00:00:00,Middle_Agriculture_Groundwater,0.0
2024-08-06T00:00:00,Middle_Agriculture_Groundwater,0.0
2024-08-07T00:00:00,Middle_Agriculture_Groundwater,0.0
2024-08-08T00:00:00,Middle_Agriculture_Groundwater,0.0
2024-08-09T00:00:00,Middle_Agriculture_Groundwater,0.0
2024-08-10T00:00:00,Middle_Agriculture_Groundwater,0.0
2024-08-11T00:00:00,Middle_Agriculture_Groundwater,0.0
2024-08-12T00:00:00,Middle_Agriculture_Groundwater,0.0
2024-08-13T00:00:00,Middle_Agriculture_Groundwater,0.0
2024-08-14T00:00:00,Middle_Agriculture_Groundwater,0.0
2024-08-15T00:00:00,Middle_Agriculture_Groundwater,0.0
2024-08-16T00:00:00,Middle_Agriculture_Groundwater,0.0
2024-08-17T00:00:00,Middle_Agriculture_Groundwater,0.0
2024-08-18T00:00:00,Middle_Agriculture_Groundwater,0.0
2024-08-19T00:00:00,Middle_Agriculture_Groundwater,0.0
2024-08-20T00:00:00,Middle_Agriculture_Groundwater,0.0
2024-08-21T00:00:00,Middle_Agriculture_Groundwater,0.0
2024-08-22T00:00:00,Middle_Agriculture_Groundwater,0.0
2024-08-23T00:00:00,Middle_Agriculture_Groundwater,0.0
2024-08-24T00:00:00,Middle_Agriculture_Groundwater,0.0
2024-08-25T00:00:00,Middle_Agriculture_Groundwater,0.0
2024-08-26T00:00:00,Middle_Agriculture_Groundwater,0.0
2024-08-27T00:00:00,Middle_Agriculture_Groundwater,0.0
2024-08-28T00:00:00,Middle_Agriculture_Groundwater,0.0
2024-08-29T00:00:00,Middle_Agriculture_Groundwater,0.0
2024-08-30T00:00:00,Middle_Agriculture_Groundwater,0.0
2024-08-31T00:00:00,Middle_Agriculture_Groundwater,0.0
2024-09-01T00:00:00,Middle_Agriculture_Groundwater,0.0
2024-09-02T00:00:00,Middle_Agriculture_Groundwater,0.0
2024-09-03T00:00:00,Middle_Agriculture_Groundwater,0.0
2024-09-04T00:00:00,Middle_Agriculture_Groundwater,0.0
2024-09-05T00:00:00,Middle_Agriculture_Groundwater,0.0
2024-09-06T00:00:00,Middle_Agriculture_Groundwater,0.0
2024-09-07T00:00:00,Middle_Agriculture_Groundwater,0.0
2024-09-08T00:00:00,Middle_Agriculture_Groundwater,0.0
2024-09-09T00:00:00,Middle_Agriculture_Groundwater,0.0
2024-09-10T00:00:00,Middle_Agriculture_Groundwater,0.0
2024-09-11T00:00:00,Middle_Agriculture_Groundwater,0.0
2024-09-12T00:00:00,Middle_Agriculture_Groundwater,0.0
2024-09-13T00:00:00,Middle_Agriculture_Groundwater,0.0
2024-09-14T00:00:00,Middle_Agriculture_Groundwater,0.0
2024-09-15T00:00:00,Middle_Agriculture_Groundwater,0.0
2024-09-16T00:00:00,Middle_Agriculture_Groundwater,0.0
2024-09-17T00:00:00,Middle_Agriculture_Groundwater,0.0
2024-09-18T00:00:00,Middle_Agriculture_Groundwater,0.0
2024-09-19T00:00:00,Middle_Agriculture_Groundwater,0.0
2024-09-20T00:00:00,Middle_Agriculture_Groundwater,0.0
2024-09-21T00:00:00,Middle_Agriculture_Groundwater,0.0
2024-09-22T00:00:00,Middle_Agriculture_Groundwater,0.0
2024-09-23T00:00:00,Middle_Agriculture_Groundwater,0.0
2024-09-24T00:00:00,Middle_Agriculture_Groundwater,0.0
2024-09-25T00:00:00,Middle_Agriculture_Groundwater,0.0
2024-09-26T00:00:00,Middle_Agriculture_Groundwater,0.0
2024-09-27T00:00:00,Middle_Agriculture_Groundwater,0.0
2024-09-28T00:00:00,Middle_Agriculture_Groundwater,0.0
2024-09-29T00:00:00,Middle_Agriculture_Groundwater,0.0
2024-09-30T00:00:00,Middle_Agriculture_Groundwater,0.0
2024-10-01T00:00:00,Middle_Agriculture_Groundwater,0.0
2024-10-02T00:00:00,Middle_Agriculture_Groundwater,0.0
2024-10-03T00:00:00,Middle_Agriculture_Groundwater,0.0
2024-10-04T00:00:00,Middle_Agriculture_Groundwater,0.0
2024-10-05T00:00:00,Middle_Agriculture_Groundwater,0.0
2024-10-06T00:00:00,Middle_Agriculture_Groundwater,0.0
2024-10-07T00:00:00,Middle_Agriculture_Groundwater,0.0
2024-10-08T00:00:00,Middle_Agriculture_Groundwater,0.0
2024-10-09T00:00:00,Middle_Agriculture_Groundwater,0.0
2024-10-10T00:00:00,Middle_Agriculture_Groundwater,0.0
2024-10-11T00:00:00,Middle_Agriculture_Groundwater,0.0
2024-10-12T00:00:00,Middle_Agriculture_Groundwater,0.0
2024-10-13T00:00:00,Middle_Agriculture_Groundwater,0.0
2024-10-14T00:00:00,Middle_Agriculture_Groundwater,0.0
2024-10-15T00:00:00,Middle_Agriculture_Groundwater,0.0
2024-10-16T00:00:00,Middle_Agriculture_Groundwater,0.0
2024-10-17T00:00:00,Middle_Agriculture_Groundwater,0.0
2024-10-18T00:00:00,Middle_Agriculture_Groundwater,0.0
2024-10-19T00:00:00,Middle_Agriculture_Groundwater,0.0
2024-10-20T00:00:00,Middle_Agriculture_Groundwater,0.0
2024-10-21T00:00:00,Middle_Agriculture_Groundwater,0.0
2024-10-22T00:00:00,Middle_Agriculture_Groundwater,0.0
2024-10-23T00:00:00,Middle_Agriculture_Groundwater,0.0
2024-10-24T00:00:00,Middle_Agriculture_Groundwater,0.0
2024-10-25T00:00:00,Middle_Agriculture_Groundwater,0.0
2024-10-26T00:00:00,Middle_Agriculture_Groundwater,0.0
2024-10-27T00:00:00,Middle_Agriculture_Groundwater,0.0
2024-10-28T00:00:00,Middle_Agriculture_Groundwater,0.0
2024-10-29T00:00:00,Middle_Agriculture_Groundwater,0.0
2024-10-30T00:00:00,Middle_Agriculture_Groundwater,0.0
2024-10-31T00:00:00,Middle_Agriculture_Groundwater,0.0
2024-11-01T00:00:00,Middle_Agriculture_Groundwater,0.0
2024-11-02T00:00:00,Middle_Agriculture_Groundwater,0.0
2024-11-03T00:00:00,Middle_Agriculture_Groundwater,0.0
2024-11-04T00:00:00,Middle_Agriculture_Groundwater,0.0
2024-11-05T00:00:00,Middle_Agriculture_Groundwater,0.0
2024-11-06T00:00:00,Middle_Agriculture_Groundwater,0.0
2024-11-07T00:00:00,Middle_Agriculture_Groundwater,0.0
2024-11-08T00:00:00,Middle_Agriculture_Groundwater,0.0
2024-11-09T00:00:00,Middle_Agriculture_Groundwater,0.0
2024-11-10T00:00:00,Middle_Agriculture_Groundwater,0.0
2024-11-11T00:00:00,Middle_Agriculture_Groundwater,0.0
2024-11-12T00:00:00,Middle_Agriculture_Groundwater,0.0
2024-11-13T00:00:00,Middle_Agriculture_Groundwater,0.0
2024-11-14T00:00:00,Middle_Agriculture_Groundwater,0.0
2024-11-15T00:00:00,Middle_Agriculture_Groundwater,0.0
2024-11-16T00:00:00,Middle_Agriculture_Groundwater,0.0
2024-11-17T00:00:00,Middle_Agriculture_Groundwater,0.0
2024-11-18T00:00:00,Middle_Agriculture_Groundwater,0.0
2024-11-19T00:00:00,Middle_Agriculture_Groundwater,0.0
2024-11-20T00:00:00,Middle_Agriculture_Groundwater,0.0
2024-11-21T00:00:00,Middle_Agriculture_Groundwater,0.0
2024-11-22T00:00:00,Middle_Agriculture_Groundwater,0.0
2024-11-23T00:00:00,Middle_Agriculture_Groundwater,0.0
2024-11-24T00:00:00,Middle_Agriculture_Groundwater,0.0
2024-11-25T00:00:00,Middle_Agriculture_Groundwater,0.0
2024-11-26T00:00:00,Middle_Agriculture_Groundwater,0.0
2024-11-27T00:00:00,Middle_Agriculture_Groundwater,0.0
2024-11-28T00:00:00,Middle_Agriculture_Groundwater,0.0
2024-11-29T00:00:00,Middle_Agriculture_Groundwater,0.0
2024-11-30T00:00:00,Middle_Agriculture_Groundwater,0.0
2024-12-01T00:00:00,Middle_Agriculture_Groundwater,0.0
2024-12-02T00:00:00,Middle_Agriculture_Groundwater,0.0
2024-12-03T00:00:00,Middle_Agriculture_Groundwater,0.0
2024-12-04T00:00:00,Middle_Agriculture_Groundwater,0.0
2024-12-05T00:00:00,Middle_Agriculture_Groundwater,0.0
2024-12-06T00:00:00,Middle_Agriculture_Groundwater,0.0
2024-12-07T00:00:00,Middle_Agriculture_Groundwater,0.0
2024-12-08T00:00:00,Middle_Agriculture_Groundwater,0.0
2024-12-09T00:00:00,Middle_Agriculture_Groundwater,0.0
2024-12-10T00:00:00,Middle_Agriculture_Groundwater,0.0
2024-12-11T00:00:00,Middle_Agriculture_Groundwater,0.0
2024-12-12T00:00:00,Middle_Agriculture_Groundwater,0.0
2024-12-13T00:00:00,Middle_Agriculture_Groundwater,0.0
2024-12-14T00:00:00,Middle_Agriculture_Groundwater,0.0
2024-12-15T00:00:00,Middle_Agriculture_Groundwater,0.0
2024-12-16T00:00:00,Middle_Agriculture_Groundwater,0.0
2024-12-17T00:00:00,Middle_Agriculture_Groundwater,0.0
2024-12-18T00:00:00,Middle_Agriculture_Groundwater,0.0
2024-12-19T00:00:00,Middle_Agriculture_Groundwater,0.0
2024-12-20T00:00:00,Middle_Agriculture_Groundwater,0.0
2024-12-21T00:00:00,Middle_Agriculture_Groundwater,0.0
2024-12-22T00:00:00,Middle_Agriculture_Groundwater,0.0
2024-12-23T00:00:00,Middle_Agriculture_Groundwater,0.0
2024-12-24T00:00:00,Middle_Agriculture_Groundwater,0.0
2024-12-25T00:00:00,Middle_Agriculture_Groundwater,0.0
2024-12-26T00:00:00,Middle_Agriculture_Groundwater,0.0
2024-12-27T00:00:00,Middle_Agriculture_Groundwater,0.0
2024-12-28T00:00:00,Middle_Agriculture_Groundwater,0.0
2024-12-29T00:00:00,Middle_Agriculture_Groundwater,0.0
2024-12-30T00:00:00,Middle_Agriculture_Groundwater,0.0
2024-12-31T00:00:00,Middle_Agriculture_Groundwater,0.0
2025-01-01T00:00:00,Middle_Agriculture_Groundwater,0.0
2025-01-02T00:00:00,Middle_Agriculture_Groundwater,0.0
2025-01-03T00:00:00,Middle_Agriculture_Groundwater,0.0
2025-01-04T00:00:00,Middle_Agriculture_Groundwater,0.0
2025-01-05T00:00:00,Middle_Agriculture_Groundwater,0.0
2025-01-06T00:00:00,Middle_Agriculture_Groundwater,0.0
2025-01-07T00:00:00,Middle_Agriculture_Groundwater,0.0
2025-01-08T00:00:00,Middle_Agriculture_Groundwater,0.0
2025-01-09T00:00:00,Middle_Agriculture_Groundwater,0.0
2025-01-10T00:00:00,Middle_Agriculture_Groundwater,0.0
2025-01-11T00:00:00,Middle_Agriculture_Groundwater,0.0
2025-01-12T00:00:00,Middle_Agriculture_Groundwater,0.0
2025-01-13T00:00:00,Middle_Agriculture_Groundwater,0.0
2025-01-14T00:00:00,Middle_Agriculture_Groundwater,0.0
2025-01-15T00:00:00,Middle_Agriculture_Groundwater,0.0
2025-01-16T00:00:00,Middle_Agriculture_Groundwater,0.0
2025-01-17T00:00:00,Middle_Agriculture_Groundwater,0.0
2025-01-18T00:00:00,Middle_Agriculture_Groundwater,0.0
2025-01-19T00:00:00,Middle_Agriculture_Groundwater,0.0
2025-01-20T00:00:00,Middle_Agriculture_Groundwater,0.0
2025-01-21T00:00:00,Middle_Agriculture_Groundwater,0.0
2025-01-22T00:00:00,Middle_Agriculture_Groundwater,0.0
2025-01-23T00:00:00,Middle_Agriculture_Groundwater,0.0
2025-01-24T00:00:00,Middle_Agriculture_Groundwater,0.0
2025-01-25T00:00:00,Middle_Agriculture_Groundwater,0.0
2025-01-26T00:00:00,Middle_Agriculture_Groundwater,0.0
2025-01-27T00:00:00,Middle_Agriculture_Groundwater,0.0
2025-01-28T00:00:00,Middle_Agriculture_Groundwater,0.0
2025-01-29T00:00:00,Middle_Agriculture_Groundwater,0.0
2025-01-30T00:00:00,Middle_Agriculture_Groundwater,0.0
2025-01-31T00:00:00,Middle_Agriculture_Groundwater,0.0
2025-02-01T00:00:00,Middle_Agriculture_Groundwater,0.0
2025-02-02T00:00:00,Middle_Agriculture_Groundwater,0.0
2025-02-03T00:00:00,Middle_Agriculture_Groundwater,0.0
2025-02-04T00:00:00,Middle_Agriculture_Groundwater,0.0
2025-02-05T00:00:00,Middle_Agriculture_Groundwater,0.0
2025-02-06T00:00:00,Middle_Agriculture_Groundwater,0.0
2025-02-07T00:00:00,Middle_Agriculture_Groundwater,0.0
2025-02-08T00:00:00,Middle_Agriculture_Groundwater,0.0
2025-02-09T00:00:00,Middle_Agriculture_Groundwater,0.0
2025-02-10T00:00:00,Middle_Agriculture_Groundwater,0.0
2025-02-11T00:00:00,Middle_Agriculture_Groundwater,0.0
2025-02-12T00:00:00,Middle_Agriculture_Groundwater,0.0
2025-02-13T00:00:00,Middle_Agriculture_Groundwater,0.0
2025-02-14T00:00:00,Middle_Agriculture_Groundwater,0.0
2025-02-15T00:00:00,Middle_Agriculture_Groundwater,0.0
2025-02-16T00:00:00,Middle_Agriculture_Groundwater,0.0
2025-02-17T00:00:00,Middle_Agriculture_Groundwater,0.0
2025-02-18T00:00:00,Middle_Agriculture_Groundwater,0.0
2025-02-19T00:00:00,Middle_Agriculture_Groundwater,0.0
2025-02-20T00:00:00,Middle_Agriculture_Groundwater,0.0
2025-02-21T00:00:00,Middle_Agriculture_Groundwater,0.0
2025-02-22T00:00:00,Middle_Agriculture_Groundwater,0.0
2025-02-23T00:00:00,Middle_Agriculture_Groundwater,0.0
2025-02-24T00:00:00,Middle_Agriculture_Groundwater,0.0
2025-02-25T00:00:00,Middle_Agriculture_Groundwater,0.0
2025-02-26T00:00:00,Middle_Agriculture_Groundwater,0.0
2025-02-27T00:00:00,Middle_Agriculture_Groundwater,0.0
2025-02-28T00:00:00,Middle_Agriculture_Groundwater,0.0
2025-03-01T00:00:00,Middle_Agriculture_Groundwater,0.0
2025-03-02T00:00:00,Middle_Agriculture_Groundwater,0.0
2025-03-03T00:00:00,Middle_Agriculture_Groundwater,0.0
2025-03-04T00:00:00,Middle_Agriculture_Groundwater,0.0
2025-03-05T00:00:00,Middle_Agriculture_Groundwater,0.0
2025-03-06T00:00:00,Middle_Agriculture_Groundwater,0.0
2025-03-07T00:00:00,Middle_Agriculture_Groundwater,0.0
2025-03-08T00:00:00,Middle_Agriculture_Groundwater,0.0
2025-03-09T00:00:00,Middle_Agriculture_Groundwater,0.0
2025-03-10T00:00:00,Middle_Agriculture_Groundwater,0.0
2025-03-11T00:00:00,Middle_Agriculture_Groundwater,0.0
2025-03-12T00:00:00,Middle_Agriculture_Groundwater,0.0
2025-03-13T00:00:00,Middle_Agriculture_Groundwater,0.0
2025-03-14T00:00:00,Middle_Agriculture_Groundwater,0.0
2025-03-15T00:00:00,Middle_Agriculture_Groundwater,0.0
2025-03-16T00:00:00,Middle_Agriculture_Groundwater,0.0
2025-03-17T00:00:00,Middle_Agriculture_Groundwater,0.0
2025-03-18T00:00:00,Middle_Agriculture_Groundwater,0.0
2025-03-19T00:00:00,Middle_Agriculture_Groundwater,0.0
2025-03-20T00:00:00,Middle_Agriculture_Groundwater,0.0
2025-03-21T00:00:00,Middle_Agriculture_Groundwater,0.0
2025-03-22T00:00:00,Middle_Agriculture_Groundwater,0.0
2025-03-23T00:00:00,Middle_Agriculture_Groundwater,0.0
2025-03-24T00:00:00,Middle_Agriculture_Groundwater,0.0
2025-03-25T00:00:00,Middle_Agriculture_Groundwater,0.0
2025-03-26T00:00:00,Middle_Agriculture_Groundwater,0.0
2025-03-27T00:00:00,Middle_Agriculture_Groundwater,0.0
2025-03-28T00:00:00,Middle_Agriculture_Groundwater,0.0
2025-03-29T00:00:00,Middle_Agriculture_Groundwater,0.0
2025-03-30T00:00:00,Middle_Agriculture_Groundwater,0.0
2025-03-31T00:00:00,Middle_Agriculture_Groundwater,0.0
2025-04-01T00:00:00,Middle_Agriculture_Groundwater,0.0
2025-04-02T00:00:00,Middle_Agriculture_Groundwater,0.0
2025-04-03T00:00:00,Middle_Agriculture_Groundwater,0.0
2025-04-04T00:00:00,Middle_Agriculture_Groundwater,0.0
2025-04-05T00:00:00,Middle_Agriculture_Groundwater,0.0
2025-04-06T00:00:00,Middle_Agriculture_Groundwater,0.0
2025-04-07T00:00:00,Middle_Agriculture_Groundwater,0.0
2025-04-08T00:00:00,Middle_Agriculture_Groundwater,0.0
2025-04-09T00:00:00,Middle_Agriculture_Groundwater,0.0
2025-04-10T00:00:00,Middle_Agriculture_Groundwater,0.0
2025-04-11T00:00:00,Middle_Agriculture_Groundwater,0.0
2025-04-12T00:00:00,Middle_Agriculture_Groundwater,0.0
2025-04-13T00:00:00,Middle_Agriculture_Groundwater,0.0
2025-04-14T00:00:00,Middle_Agriculture_Groundwater,0.0
2025-04-15T00:00:00,Middle_Agriculture_Groundwater,0.0
2025-04-16T00:00:00,Middle_Agriculture_Groundwater,0.015920603464512625
2025-04-17T00:00:00,Middle_Agriculture_Groundwater,0.062291058902487755
2025-04-18T00:00:00,Middle_Agriculture_Groundwater,0.09922821721822175
2025-04-19T00:00:00,Middle_Agriculture_Groundwater,0.12815503328178465
2025-04-20T00:00:00,Middle_Agriculture_Groundwater,0.15030420396045205
2025-04-21T00:00:00,Middle_Agriculture_Groundwater,0.16642780835238682
2025-04-22T00:00:00,Middle_Agriculture_Groundwater,0.1743362316445132
2025-04-23T00:00:00,Middle_Agriculture_Groundwater,0.18019258310378064
2025-04-24T00:00:00,Middle_Agriculture_Groundwater,0.18511364740929595
2025-04-25T00:00:00,Middle_Agriculture_Groundwater,0.18724857302266856
2025-04-26T00:00:00,Middle_Agriculture_Groundwater,0.18710537703927688
2025-04-27T00:00:00,Middle_Agriculture_Groundwater,0.18511833452233534
2025-04-28T00:00:00,Middle_Agriculture_Groundwater,0.1804009194656624
2025-04-29T00:00:00,Middle_Agriculture_Groundwater,0.1701599495296455
2025-04-30T00:00:00,Middle_Agriculture_Groundwater,0.1571156007498121
2025-05-01T00:00:00,Middle_Agriculture_Groundwater,0.1508223040488315
2025-05-02T00:00:00,Middle_Agriculture_Groundwater,0.14478203795327546
2025-05-03T00:00:00,Middle_Agriculture_Groundwater,0.1561762929454335
2025-05-04T00:00:00,Middle_Agriculture_Groundwater,0.15250191292326465
2025-05-05T00:00:00,Middle_Agriculture_Groundwater,0.14358435506698244
2025-05-06T00:00:00,Middle_Agriculture_Groundwater,0.13247467147090675
2025-05-07T00:00:00,Middle_Agriculture_Groundwater,0.12466453558882905
2025-05-08T00:00:00,Middle_Agriculture_Groundwater,0.11627480744118657
2025-05-09T00:00:00,Middle_Agriculture_Groundwater,0.10661979774900149
2025-05-10T00:00:00,Middle_Agriculture_Groundwater,0.11928067828448093
2025-05-11T00:00:00,Middle_Agriculture_Groundwater,0.12607351200809944
2025-05-12T00:00:00,Middle_Agriculture_Groundwater,0.1323920631132387
2025-05-13T00:00:00,Middle_Agriculture_Groundwater,0.1395013688772724
2025-05-14T00:00:00,Middle_Agriculture_Groundwater,0.15004671103918554
2025-05-15T00:00:00,Middle_Agriculture_Groundwater,0.15573698926175894
2025-05-16T00:00:00,Middle_Agriculture_Groundwater,0.16382263563851895
2025-05-17T00:00:00,Middle_Agriculture_Groundwater,0.16546629193821674
2025-05-18T00:00:00,Middle_Agriculture_Groundwater,0.16872059062158998
2025-05-19T00:00:00,Middle_Agriculture_Groundwater,0.1647809302852693
2025-05-20T00:00:00,Middle_Agriculture_Groundwater,0.1593136324736338
2025-05-21T00:00:00,Middle_Agriculture_Groundwater,0.16007831219419816
2025-05-22T00:00:00,Middle_Agriculture_Groundwater,0.1764612832822786
2025-05-23T00:00:00,Middle_Agriculture_Groundwater,0.19080149521262002
2025-05-24T00:00:00,Middle_Agriculture_Groundwater,0.2268910155604317
2025-05-25T00:00:00,Middle_Agriculture_Groundwater,0.24584298052292072
2025-05-26T00:00:00,Middle_Agriculture_Groundwater,0.2491530968827624
2025-05-27T00:00:00,Middle_Agriculture_Groundwater,0.2428077783472236
2025-05-28T00:00:00,Middle_Agriculture_Groundwater,0.24344013800451197
2025-05-29T00:00:00,Middle_Agriculture_Groundwater,0.24334020249232485
2025-05-30T00:00:00,Middle_Agriculture_Groundwater,0.24470745270253025
2025-05-31T00:00:00,Middle_Agriculture_Groundwater,0.24107432357304337
2025-06-01T00:00:00,Middle_Agriculture_Groundwater,0.23559507301515398
2025-06-02T00:00:00,Middle_Agriculture_Groundwater,0.2385204929694783
2025-06-03T00:00:00,Middle_Agriculture_Groundwater,0.2353944782027861
2025-06-04T00:00:00,Middle_Agriculture_Groundwater,0.2244447523688291
2025-06-05T00:00:00,Middle_Agriculture_Groundwater,0.21377088146508869
2025-06-06T00:00:00,Middle_Agriculture_Groundwater,0.1993114099456807
2025-06-07T00:00:00,Middle_Agriculture_Groundwater,0.1710909239155035
2025-06-08T00:00:00,Middle_Agriculture_Groundwater,0.14523327553736182
2025-06-09T00:00:00,Middle_Agriculture_Groundwater,0.11045748395932833
2025-06-10T00:00:00,Middle_Agriculture_Groundwater,0.09062626339607051
2025-06-11T00:00:00,Middle_Agriculture_Groundwater,0.07651576665132781
2025-06-12T00:00:00,Middle_Agriculture_Groundwater,0.055555433894301134
2025-06-13T00:00:00,Middle_Agriculture_Groundwater,0.0371423009312548
2025-06-14T00:00:00,Middle_Agriculture_Groundwater,0.06944169476733124
2025-06-15T00:00:00,Middle_Agriculture_Groundwater,0.10358120500869746
2025-06-16T00:00:00,Middle_Agriculture_Groundwater,0.14760261443593437
2025-06-17T00:00:00,Middle_Agriculture_Groundwater,0.1756888026549109
2025-06-18T00:00:00,Middle_Agriculture_Groundwater,0.2020228179948231
2025-06-19T00:00:00,Middle_Agriculture_Groundwater,0.2570250695129312
2025-06-20T00:00:00,Middle_Agriculture_Groundwater,0.2872911516383784
2025-06-21T00:00:00,Middle_Agriculture_Groundwater,0.2876950757345162
2025-06-22T00:00:00,Middle_Agriculture_Groundwater,0.28995228531322487
2025-06-23T00:00:00,Middle_Agriculture_Groundwater,0.2876557931279354
2025-06-24T00:00:00,Middle_Agriculture_Groundwater,0.2881659128902084
2025-06-25T00:00:00,Middle_Agriculture_Groundwater,0.2862673416778398
2025-06-26T00:00:00,Middle_Agriculture_Groundwater,0.2783165710335879
2025-06-27T00:00:00,Middle_Agriculture_Groundwater,0.261332990192318
2025-06-28T00:00:00,Middle_Agriculture_Groundwater,0.2416954688998749
2025-06-29T00:00:00,Middle_Agriculture_Groundwater,0.21787394014581427
2025-06-30T00:00:00,Middle_Agriculture_Groundwater,0.19316368972629336
2025-07-01T00:00:00,Middle_Agriculture_Groundwater,0.17866285908012972
2025-07-02T00:00:00,Middle_Agriculture_Groundwater,0.1698747031204812
2025-07-03T00:00:00,Middle_Agriculture_Groundwater,0.15392562248923244
2025-07-04T00:00:00,Middle_Agriculture_Groundwater,0.14025306549848437
2025-07-05T00:00:00,Middle_Agriculture_Groundwater,0.1231887091355361
2025-07-06T00:00:00,Middle_Agriculture_Groundwater,0.09949469339019516
2025-07-07T00:00:00,Middle_Agriculture_Groundwater,0.08091108461165733
2025-07-08T00:00:00,Middle_Agriculture_Groundwater,0.09180037792765235
2025-07-09T00:00:00,Middle_Agriculture_Groundwater,0.1357300471888766
2025-07-10T00:00:00,Middle_Agriculture_Groundwater,0.17149526972767037
2025-07-11T00:00:00,Middle_Agriculture_Groundwater,0.1937860745595458
2025-07-12T00:00:00,Middle_Agriculture_Groundwater,0.19743074754595002
2025-07-13T00:00:00,Middle_Agriculture_Groundwater,0.19919931609857033
2025-07-14T00:00:00,Middle_Agriculture_Groundwater,0.19037688164702332
2025-07-15T00:00:00,Middle_Agriculture_Groundwater,0.18233232274298417
2025-07-16T00:00:00,Middle_Agriculture_Groundwater,0.17204497953055353
2025-07-17T00:00:00,Middle_Agriculture_Groundwater,0.15988676355136022
2025-07-18T00:00:00,Middle_Agriculture_Groundwater,0.13817966824542738
2025-07-19T00:00:00,Middle_Agriculture_Groundwater,0.12059752436516875
2025-07-20T00:00:00,Middle_Agriculture_Groundwater,0.10175684894214328
2025-07-21T00:00:00,Middle_Agriculture_Groundwater,0.07363367881461728
2025-07-22T00:00:00,Middle_Agriculture_Groundwater,0.04248295604135593
2025-07-23T00:00:00,Middle_Agriculture_Groundwater,0.016103422852781935
2025-07-24T00:00:00,Middle_Agriculture_Groundwater,0.0
2025-07-25T00:00:00,Middle_Agriculture_Groundwater,0.0
2025-07-26T00:00:00,Middle_Agriculture_Groundwater,0.0
2025-07-27T00:00:00,Middle_Agriculture_Groundwater,0.0
2025-07-28T00:00:00,Middle_Agriculture_Groundwater,0.0
2025-07-29T00:00:00,Middle_Agriculture_Groundwater,0.0
2025-07-30T00:00:00,Middle_Agriculture_Groundwater,0.0
2025-07-31T00:00:00,Middle_Agriculture_Groundwater,0.0
2025-08-01T00:00:00,Middle_Agriculture_Groundwater,0.0
2025-08-02T00:00:00,Middle_Agriculture_Groundwater,0.0
2025-08-03T00:00:00,Middle_Agriculture_Groundwater,0.0
2025-08-04T00:00:00,Middle_Agriculture_Groundwater,0.0
2025-08-05T00:00:00,Middle_Agriculture_Groundwater,0.0
2025-08-06T00:00:00,Middle_Agriculture_Groundwater,0.0
2025-08-07T00:00:00,Middle_Agriculture_Groundwater,0.0
2025-08-08T00:00:00,Middle_Agriculture_Groundwater,0.0
2025-08-09T00:00:00,Middle_Agriculture_Groundwater,0.0
2025-08-10T00:00:00,Middle_Agriculture_Groundwater,0.0
2025-08-11T00:00:00,Middle_Agriculture_Groundwater,0.0
2025-08-12T00:00:00,Middle_Agriculture_Groundwater,0.0
2025-08-13T00:00:00,Middle_Agriculture_Groundwater,0.0
2025-08-14T00:00:00,Middle_Agriculture_Groundwater,0.0
2025-08-15T00:00:00,Middle_Agriculture_Groundwater,0.0
2025-08-16T00:00:00,Middle_Agriculture_Groundwater,0.0
2025-08-17T00:00:00,Middle_Agriculture_Groundwater,0.0
2025-08-18T00:00:00,Middle_Agriculture_Groundwater,0.0
2025-08-19T00:00:00,Middle_Agriculture_Groundwater,0.0
2025-08-20T00:00:00,Middle_Agriculture_Groundwater,0.0
2025-08-21T00:00:00,Middle_Agriculture_Groundwater,0.0
2025-08-22T00:00:00,Middle_Agriculture_Groundwater,0.0
2025-08-23T00:00:00,Middle_Agriculture_Groundwater,0.0
2025-08-24T00:00:00,Middle_Agriculture_Groundwater,0.0
2025-08-25T00:00:00,Middle_Agriculture_Groundwater,0.0
2025-08-26T00:00:00,Middle_Agriculture_Groundwater,0.0
2025-08-27T00:00:00,Middle_Agriculture_Groundwater,0.0
2025-08-28T00:00:00,Middle_Agriculture_Groundwater,0.0
2025-08-29T00:00:00,Middle_Agriculture_Groundwater,0.0
2025-08-30T00:00:00,Middle_Agriculture_Groundwater,0.0
2025-08-31T00:00:00,Middle_Agriculture_Groundwater,0.0
2025-09-01T00:00:00,Middle_Agriculture_Groundwater,0.0
2025-09-02T00:00:00,Middle_Agriculture_Groundwater,0.0
2025-09-03T00:00:00,Middle_Agriculture_Groundwater,0.0
2025-09-04T00:00:00,Middle_Agriculture_Groundwater,0.0
2025-09-05T00:00:00,Middle_Agriculture_Groundwater,0.0
2025-09-06T00:00:00,Middle_Agriculture_Groundwater,0.0
2025-09-07T00:00:00,Middle_Agriculture_Groundwater,0.0
2025-09-08T00:00:00,Middle_Agriculture_Groundwater,0.0
2025-09-09T00:00:00,Middle_Agriculture_Groundwater,0.0
2025-09-10T00:00:00,Middle_Agriculture_Groundwater,0.0
2025-09-11T00:00:00,Middle_Agriculture_Groundwater,0.0
2025-09-12T00:00:00,Middle_Agriculture_Groundwater,0.0
2025-09-13T00:00:00,Middle_Agriculture_Groundwater,0.0
2025-09-14T00:00:00,Middle_Agriculture_Groundwater,0.0
2025-09-15T00:00:00,Middle_Agriculture_Groundwater,0.0
2025-09-16T00:00:00,Middle_Agriculture_Groundwater,0.0
2025-09-17T00:00:00,Middle_Agriculture_Groundwater,0.0
2025-09-18T00:00:00,Middle_Agriculture_Groundwater,0.0
2025-09-19T00:00:00,Middle_Agriculture_Groundwater,0.0
2025-09-20T00:00:00,Middle_Agriculture_Groundwater,0.0
2025-09-21T00:00:00,Middle_Agriculture_Groundwater,0.0
2025-09-22T00:00:00,Middle_Agriculture_Groundwater,0.0
2025-09-23T00:00:00,Middle_Agriculture_Groundwater,0.0
2025-09-24T00:00:00,Middle_Agriculture_Groundwater,0.0
2025-09-25T00:00:00,Middle_Agriculture_Groundwater,0.0
2025-09-26T00:00:00,Middle_Agriculture_Groundwater,0.0
2025-09-27T00:00:00,Middle_Agriculture_Groundwater,0.0
2025-09-28T00:00:00,Middle_Agriculture_Groundwater,0.0
2025-09-29T00:00:00,Middle_Agriculture_Groundwater,0.0
2025-09-30T00:00:00,Middle_Agriculture_Groundwater,0.0
2025-10-01T00:00:00,Middle_Agriculture_Groundwater,0.0
2025-10-02T00:00:00,Middle_Agriculture_Groundwater,0.0
2025-10-03T00:00:00,Middle_Agriculture_Groundwater,0.0
2025-10-04T00:00:00,Middle_Agriculture_Groundwater,0.0
2025-10-05T00:00:00,Middle_Agriculture_Groundwater,0.0
2025-10-06T00:00:00,Middle_Agriculture_Groundwater,0.0
2025-10-07T00:00:00,Middle_Agriculture_Groundwater,0.0
2025-10-08T00:00:00,Middle_Agriculture_Groundwater,0.0
2025-10-09T00:00:00,Middle_Agriculture_Groundwater,0.0
2025-10-10T00:00:00,Middle_Agriculture_Groundwater,0.0
2025-10-11T00:00:00,Middle_Agriculture_Groundwater,0.0
2025-10-12T00:00:00,Middle_Agriculture_Groundwater,0.0
2025-10-13T00:00:00,Middle_Agriculture_Groundwater,0.0
2025-10-14T00:00:00,Middle_Agriculture_Groundwater,0.0
2025-10-15T00:00:00,Middle_Agriculture_Groundwater,0.0
2025-10-16T00:00:00,Middle_Agriculture_Groundwater,0.0
2025-10-17T00:00:00,Middle_Agriculture_Groundwater,0.0
2025-10-18T00:00:00,Middle_Agriculture_Groundwater,0.0
2025-10-19T00:00:00,Middle_Agriculture_Groundwater,0.0
2025-10-20T00:00:00,Middle_Agriculture_Groundwater,0.0
2025-10-21T00:00:00,Middle_Agriculture_Groundwater,0.0
2025-10-22T00:00:00,Middle_Agriculture_Groundwater,0.0
2025-10-23T00:00:00,Middle_Agriculture_Groundwater,0.0
2025-10-24T00:00:00,Middle_Agriculture_Groundwater,0.0
2025-10-25T00:00:00,Middle_Agriculture_Groundwater,0.0
2025-10-26T00:00:00,Middle_Agriculture_Groundwater,0.0
2025-10-27T00:00:00,Middle_Agriculture_Groundwater,0.0
2025-10-28T00:00:00,Middle_Agriculture_Groundwater,0.0
2025-10-29T00:00:00,Middle_Agriculture_Groundwater,0.0
2025-10-30T00:00:00,Middle_Agriculture_Groundwater,0.0
2025-10-31T00:00:00,Middle_Agriculture_Groundwater,0.0
2025-11-01T00:00:00,Middle_Agriculture_Groundwater,0.0
2025-11-02T00:00:00,Middle_Agriculture_Groundwater,0.0
2025-11-03T00:00:00,Middle_Agriculture_Groundwater,0.0
2025-11-04T00:00:00,Middle_Agriculture_Groundwater,0.0
2025-11-05T00:00:00,Middle_Agriculture_Groundwater,0.0
2025-11-06T00:00:00,Middle_Agriculture_Groundwater,0.0
2025-11-07T00:00:00,Middle_Agriculture_Groundwater,0.0
2025-11-08T00:00:00,Middle_Agriculture_Groundwater,0.0
2025-11-09T00:00:00,Middle_Agriculture_Groundwater,0.0
2025-11-10T00:00:00,Middle_Agriculture_Groundwater,0.0
2025-11-11T00:00:00,Middle_Agriculture_Groundwater,0.0
2025-11-12T00:00:00,Middle_Agriculture_Groundwater,0.0
2025-11-13T00:00:00,Middle_Agriculture_Groundwater,0.0
2025-11-14T00:00:00,Middle_Agriculture_Groundwater,0.0
2025-11-15T00:00:00,Middle_Agriculture_Groundwater,0.0
2025-11-16T00:00:00,Middle_Agriculture_Groundwater,0.0
2025-11-17T00:00:00,Middle_Agriculture_Groundwater,0.0
2025-11-18T00:00:00,Middle_Agriculture_Groundwater,0.0
2025-11-19T00:00:00,Middle_Agriculture_Groundwater,0.0
2025-11-20T00:00:00,Middle_Agriculture_Groundwater,0.0
2025-11-21T00:00:00,Middle_Agriculture_Groundwater,0.0
2025-11-22T00:00:00,Middle_Agriculture_Groundwater,0.0
2025-11-23T00:00:00,Middle_Agriculture_Groundwater,0.0
2025-11-24T00:00:00,Middle_Agriculture_Groundwater,0.0
2025-11-25T00:00:00,Middle_Agriculture_Groundwater,0.0
2025-11-26T00:00:00,Middle_Agriculture_Groundwater,0.0
2025-11-27T00:00:00,Middle_Agriculture_Groundwater,0.0
2025-11-28T00:00:00,Middle_Agriculture_Groundwater,0.0
2025-11-29T00:00:00,Middle_Agriculture_Groundwater,0.0
2025-11-30T00:00:00,Middle_Agriculture_Groundwater,0.0
2025-12-01T00:00:00,Middle_Agriculture_Groundwater,0.0
2025-12-02T00:00:00,Middle_Agriculture_Groundwater,0.0
2025-12-03T00:00:00,Middle_Agriculture_Groundwater,0.0
2025-12-04T00:00:00,Middle_Agriculture_Groundwater,0.0
2025-12-05T00:00:00,Middle_Agriculture_Groundwater,0.0
2025-12-06T00:00:00,Middle_Agriculture_Groundwater,0.0
2025-12-07T00:00:00,Middle_Agriculture_Groundwater,0.0
2025-12-08T00:00:00,Middle_Agriculture_Groundwater,0.0
2025-12-09T00:00:00,Middle_Agriculture_Groundwater,0.0
2025-12-10T00:00:00,Middle_Agriculture_Groundwater,0.0
2025-12-11T00:00:00,Middle_Agriculture_Groundwater,0.0
2025-12-12T00:00:00,Middle_Agriculture_Groundwater,0.0
2025-12-13T00:00:00,Middle_Agriculture_Groundwater,0.0
2025-12-14T00:00:00,Middle_Agriculture_Groundwater,0.0
2025-12-15T00:00:00,Middle_Agriculture_Groundwater,0.0
2025-12-16T00:00:00,Middle_Agriculture_Groundwater,0.0
2025-12-17T00:00:00,Middle_Agriculture_Groundwater,0.0
2025-12-18T00:00:00,Middle_Agriculture_Groundwater,0.0
2025-12-19T00:00:00,Middle_Agriculture_Groundwater,0.0
2025-12-20T00:00:00,Middle_Agriculture_Groundwater,0.0
2025-12-21T00:00:00,Middle_Agriculture_Groundwater,0.0
2025-12-22T00:00:00,Middle_Agriculture_Groundwater,0.0
2025-12-23T00:00:00,Middle_Agriculture_Groundwater,0.0
2025-12-24T00:00:00,Middle_Agriculture_Groundwater,0.0
2025-12-25T00:00:00,Middle_Agriculture_Groundwater,0.0
2025-12-26T00:00:00,Middle_Agriculture_Groundwater,0.0
2025-12-27T00:00:00,Middle_Agriculture_Groundwater,0.0
2025-12-28T00:00:00,Middle_Agriculture_Groundwater,0.0
2025-12-29T00:00:00,Middle_Agriculture_Groundwater,0.0
2025-12-30T00:00:00,Middle_Agriculture_Groundwater,0.0
2025-12-31T00:00:00,Middle_Agriculture_Groundwater,0.0
2026-01-01T00:00:00,Middle_Agriculture_Groundwater,0.0
2026-01-02T00:00:00,Middle_Agriculture_Groundwater,0.0
2026-01-03T00:00:00,Middle_Agriculture_Groundwater,0.0
2026-01-04T00:00:00,Middle_Agriculture_Groundwater,0.0
2026-01-05T00:00:00,Middle_Agriculture_Groundwater,0.0
2026-01-06T00:00:00,Middle_Agriculture_Groundwater,0.0
2026-01-07T00:00:00,Middle_Agriculture_Groundwater,0.0
2026-01-08T00:00:00,Middle_Agriculture_Groundwater,0.0
2026-01-09T00:00:00,Middle_Agriculture_Groundwater,0.0
2026-01-10T00:00:00,Middle_Agriculture_Groundwater,0.0
2026-01-11T00:00:00,Middle_Agriculture_Groundwater,0.0
2026-01-12T00:00:00,Middle_Agriculture_Groundwater,0.0
2026-01-13T00:00:00,Middle_Agriculture_Groundwater,0.0
2026-01-14T00:00:00,Middle_Agriculture_Groundwater,0.0
2026-01-15T00:00:00,Middle_Agriculture_Groundwater,0.0
2026-01-16T00:00:00,Middle_Agriculture_Groundwater,0.0
2026-01-17T00:00:00,Middle_Agriculture_Groundwater,0.0
2026-01-18T00:00:00,Middle_Agriculture_Groundwater,0.0
2026-01-19T00:00:00,Middle_Agriculture_Groundwater,0.0
2026-01-20T00:00:00,Middle_Agriculture_Groundwater,0.0
2026-01-21T00:00:00,Middle_Agriculture_Groundwater,0.0
2026-01-22T00:00:00,Middle_Agriculture_Groundwater,0.0
2026-01-23T00:00:00,Middle_Agriculture_Groundwater,0.0
2026-01-24T00:00:00,Middle_Agriculture_Groundwater,0.0
2026-01-25T00:00:00,Middle_Agriculture_Groundwater,0.0
2026-01-26T00:00:00,Middle_Agriculture_Groundwater,0.0
2026-01-27T00:00:00,Middle_Agriculture_Groundwater,0.0
2026-01-28T00:00:00,Middle_Agriculture_Groundwater,0.0
2026-01-29T00:00:00,Middle_Agriculture_Groundwater,0.0
2026-01-30T00:00:00,Middle_Agriculture_Groundwater,0.0
2026-01-31T00:00:00,Middle_Agriculture_Groundwater,0.0
2026-02-01T00:00:00,Middle_Agriculture_Groundwater,0.0
2026-02-02T00:00:00,Middle_Agriculture_Groundwater,0.0
2026-02-03T00:00:00,Middle_Agriculture_Groundwater,0.0
2026-02-04T00:00:00,Middle_Agriculture_Groundwater,0.0
2026-02-05T00:00:00,Middle_Agriculture_Groundwater,0.0
2026-02-06T00:00:00,Middle_Agriculture_Groundwater,0.007766597580039162
2026-02-07T00:00:00,Middle_Agriculture_Groundwater,0.03841186831070218
2026-02-08T00:00:00,Middle_Agriculture_Groundwater,0.054681691646703716
2026-02-09T00:00:00,Middle_Agriculture_Groundwater,0.060603613450580275
2026-02-10T00:00:00,Middle_Agriculture_Groundwater,0.07013920670448898
2026-02-11T00:00:00,Middle_Agriculture_Groundwater,0.07326579062765405
2026-02-12T00:00:00,Middle_Agriculture_Groundwater,0.07713926569914294
2026-02-13T00:00:00,Middle_Agriculture_Groundwater,0.07526393330460224
2026-02-14T00:00:00,Middle_Agriculture_Groundwater,0.0695991110956129
2026-02-15T00:00:00,Middle_Agriculture_Groundwater,0.06123563217719494
2026-02-16T00:00:00,Middle_Agriculture_Groundwater,0.05174383974968351
2026-02-17T00:00:00,Middle_Agriculture_Groundwater,0.04470052221317702
2026-02-18T00:00:00,Middle_Agriculture_Groundwater,0.03543802978647364
2026-02-19T00:00:00,Middle_Agriculture_Groundwater,0.02915193971389045
2026-02-20T00:00:00,Middle_Agriculture_Groundwater,0.022860178267048926
2026-02-21T00:00:00,Middle_Agriculture_Groundwater,0.019653067894255402
2026-02-22T00:00:00,Middle_Agriculture_Groundwater,0.017707068722440912
2026-02-23T00:00:00,Middle_Agriculture_Groundwater,0.006748211433318829
2026-02-24T00:00:00,Middle_Agriculture_Groundwater,0.0024984549147961848
2026-02-25T00:00:00,Middle_Agriculture_Groundwater,0.006383022131101371
2026-02-26T00:00:00,Middle_Agriculture_Groundwater,0.018514127718631247
2026-02-27T00:00:00,Middle_Agriculture_Groundwater,0.021054672876434782
2026-02-28T00:00:00,Middle_Agriculture_Groundwater,0.019603058634586435
2026-03-01T00:00:00,Middle_Agriculture_Groundwater,0.019487947785069085
2026-03-02T00:00:00,Middle_Agriculture_Groundwater,0.01857146488274566
2026-03-03T00:00:00,Middle_Agriculture_Groundwater,0.016795108173944303
2026-03-04T00:00:00,Middle_Agriculture_Groundwater,0.01000430815807704
2026-03-05T00:00:00,Middle_Agriculture_Groundwater,0.005754698881826244
2026-03-06T00:00:00,Middle_Agriculture_Groundwater,0.0
2026-03-07T00:00:00,Middle_Agriculture_Groundwater,0.0
2026-03-08T00:00:00,Middle_Agriculture_Groundwater,0.0
2026-03-09T00:00:00,Middle_Agriculture_Groundwater,0.0
2026-03-10T00:00:00,Middle_Agriculture_Groundwater,0.0
2026-03-11T00:00:00,Middle_Agriculture_Groundwater,0.0
2026-03-12T00:00:00,Middle_Agriculture_Groundwater,0.0
2026-03-13T00:00:00,Middle_Agriculture_Groundwater,0.0
2026-03-14T00:00:00,Middle_Agriculture_Groundwater,0.0
2026-03-15T00:00:00,Middle_Agriculture_Groundwater,0.0
2026-03-16T00:00:00,Middle_Agriculture_Groundwater,0.0
2026-03-17T00:00:00,Middle_Agriculture_Groundwater,0.0
2026-03-18T00:00:00,Middle_Agriculture_Groundwater,0.0
2026-03-19T00:00:00,Middle_Agriculture_Groundwater,0.00848242818502058
2026-03-20T00:00:00,Middle_Agriculture_Groundwater,0.04117867163794017
2026-03-21T00:00:00,Middle_Agriculture_Groundwater,0.055594696663881685
2026-03-22T00:00:00,Middle_Agriculture_Groundwater,0.07510438451370875
2026-03-23T00:00:00,Middle_Agriculture_Groundwater,0.1000997514632968
2026-03-24T00:00:00,Middle_Agriculture_Groundwater,0.1131242011778295
2026-03-25T00:00:00,Middle_Agriculture_Groundwater,0.1261558543439128
2026-03-26T00:00:00,Middle_Agriculture_Groundwater,0.13987989850136504
2026-03-27T00:00:00,Middle_Agriculture_Groundwater,0.1529907389202504
2026-03-28T00:00:00,Middle_Agriculture_Groundwater,0.16208061227034706
2026-03-29T00:00:00,Middle_Agriculture_Groundwater,0.16782260356122153
2026-03-30T00:00:00,Middle_Agriculture_Groundwater,0.17079539047121672
2026-03-31T00:00:00,Middle_Agriculture_Groundwater,0.17879139396359964
2026-04-01T00:00:00,Middle_Agriculture_Groundwater,0.17185551558006865
2026-04-02T00:00:00,Middle_Agriculture_Groundwater,0.15487351711542488
2026-04-03T00:00:00,Middle_Agriculture_Groundwater,0.1327236904606366
2026-04-04T00:00:00,Middle_Agriculture_Groundwater,0.11113276669292418
2026-04-05T00:00:00,Middle_Agriculture_Groundwater,0.09982180895596686
2026-04-06T00:00:00,Middle_Agriculture_Groundwater,0.09578826055401579
2026-04-07T00:00:00,Middle_Agriculture_Groundwater,0.10164844010653269
2026-04-08T00:00:00,Middle_Agriculture_Groundwater,0.10301390114300604
2026-04-09T00:00:00,Middle_Agriculture_Groundwater,0.09926113102566433
2026-04-10T00:00:00,Middle_Agriculture_Groundwater,0.09147575773854216
2026-04-11T00:00:00,Middle_Agriculture_Groundwater,0.09393164779859037
2026-04-12T00:00:00,Middle_Agriculture_Groundwater,0.12687774772378818
2026-04-13T00:00:00,Middle_Agriculture_Groundwater,0.15772571118596035
2026-04-14T00:00:00,Middle_Agriculture_Groundwater,0.19970984993300592
2026-04-15T00:00:00,Middle_Agriculture_Groundwater,0.21334026745514623
2026-04-16T00:00:00,Middle_Agriculture_Groundwater,0.22249884842807433
2026-04-17T00:00:00,Middle_Agriculture_Groundwater,0.2506910014409573
2026-04-18T00:00:00,Middle_Agriculture_Groundwater,0.2598348626397069
2026-04-19T00:00:00,Middle_Agriculture_Groundwater,0.2679105324933903
2026-04-20T00:00:00,Middle_Agriculture_Groundwater,0.2733258833863033
2026-04-21T00:00:00,Middle_Agriculture_Groundwater,0.2850669133211545
2026-04-22T00:00:00,Middle_Agriculture_Groundwater,0.2896528784351722
2026-04-23T00:00:00,Middle_Agriculture_Groundwater,0.2998653086659033
2026-04-24T00:00:00,Middle_Agriculture_Groundwater,0.31979094224795296
2026-04-25T00:00:00,Middle_Agriculture_Groundwater,0.34065017784511614
2026-04-26T00:00:00,Middle_Agriculture_Groundwater,0.3527505659912754
2026-04-27T00:00:00,Middle_Agriculture_Groundwater,0.35566262927520714
2026-04-28T00:00:00,Middle_Agriculture_Groundwater,0.3666486287878934
2026-04-29T00:00:00,Middle_Agriculture_Groundwater,0.3689589111961982
2026-04-30T00:00:00,Middle_Agriculture_Groundwater,0.3730586144713289
2026-05-01T00:00:00,Middle_Agriculture_Groundwater,0.3733740243431067
2026-05-02T00:00:00,Middle_Agriculture_Groundwater,0.38285140245945065
2026-05-03T00:00:00,Middle_Agriculture_Groundwater,0.41992051016364035
2026-05-04T00:00:00,Middle_Agriculture_Groundwater,0.46542146412058183
2026-05-05T00:00:00,Middle_Agriculture_Groundwater,0.5209169858208611
2026-05-06T00:00:00,Middle_Agriculture_Groundwater,0.5676511885398782
2026-05-07T00:00:00,Middle_Agriculture_Groundwater,0.5948024717659747
2026-05-08T00:00:00,Middle_Agriculture_Groundwater,0.6153712046432702
2026-05-09T00:00:00,Middle_Agriculture_Groundwater,0.6142534389547223
2026-05-10T00:00:00,Middle_Agriculture_Groundwater,0.6054146779938105
2026-05-11T00:00:00,Middle_Agriculture_Groundwater,0.6045249166537201
2026-05-12T00:00:00,Middle_Agriculture_Groundwater,0.5797877608017075
2026-05-13T00:00:00,Middle_Agriculture_Groundwater,0.5593881324081077
2026-05-14T00:00:00,Middle_Agriculture_Groundwater,0.5334375339033909
2026-05-15T00:00:00,Middle_Agriculture_Groundwater,0.5046011374119008
2026-05-16T00:00:00,Middle_Agriculture_Groundwater,0.4793080448796741
2026-05-17T00:00:00,Middle_Agriculture_Groundwater,0.4491577412979564
2026-05-18T00:00:00,Middle_Agriculture_Groundwater,0.4247686361656043
2026-05-19T00:00:00,Middle_Agriculture_Groundwater,0.4005772655558326
2026-05-20T00:00:00,Middle_Agriculture_Groundwater,0.37154113725181565
2026-05-21T00:00:00,Middle_Agriculture_Groundwater,0.3308908983166794
2026-05-22T00:00:00,Middle_Agriculture_Groundwater,0.28758620488696124
2026-05-23T00:00:00,Middle_Agriculture_Groundwater,0.25186423206911285
2026-05-24T00:00:00,Middle_Agriculture_Groundwater,0.24111159176595953
2026-05-25T00:00:00,Middle_Agriculture_Groundwater,0.23046210993002206
2026-05-26T00:00:00,Middle_Agriculture_Groundwater,0.2235267539981578
2026-05-27T00:00:00,Middle_Agriculture_Groundwater,0.2117151572442754
2026-05-28T00:00:00,Middle_Agriculture_Groundwater,0.19239599411936753
2026-05-29T00:00:00,Middle_Agriculture_Groundwater,0.1813899120469978
2026-05-30T00:00:00,Middle_Agriculture_Groundwater,0.16588552281154537
2026-05-31T00:00:00,Middle_Agriculture_Groundwater,0.1503485486663499
2026-06-01T00:00:00,Middle_Agriculture_Groundwater,0.14014084139480473
2026-06-02T00:00:00,Middle_Agriculture_Groundwater,0.12352777190908684
2026-06-03T00:00:00,Middle_Agriculture_Groundwater,0.1209185260883851
2026-06-04T00:00:00,Middle_Agriculture_Groundwater,0.11897825171273098
2026-06-05T00:00:00,Middle_Agriculture_Groundwater,0.12745815604223482
2026-06-06T00:00:00,Middle_Agriculture_Groundwater,0.1287404424432566
2026-06-07T00:00:00,Middle_Agriculture_Groundwater,0.12120267182183397
2026-06-08T00:00:00,Middle_Agriculture_Groundwater,0.09195515999117107
2026-06-09T00:00:00,Middle_Agriculture_Groundwater,0.08025799653569266
2026-06-10T00:00:00,Middle_Agriculture_Groundwater,0.06108936871685501
2026-06-11T00:00:00,Middle_Agriculture_Groundwater,0.048030868314610876
2026-06-12T00:00:00,Middle_Agriculture_Groundwater,0.048566483396552944
2026-06-13T00:00:00,Middle_Agriculture_Groundwater,0.04710084859714471
2026-06-14T00:00:00,Middle_Agriculture_Groundwater,0.03963031228729051
2026-06-15T00:00:00,Middle_Agriculture_Groundwater,0.025673929298886834
2026-06-16T00:00:00,Middle_Agriculture_Groundwater,0.010436592512564858
2026-06-17T00:00:00,Middle_Agriculture_Groundwater,0.0
2026-06-18T00:00:00,Middle_Agriculture_Groundwater,0.0
2026-06-19T00:00:00,Middle_Agriculture_Groundwater,0.0
2026-06-20T00:00:00,Middle_Agriculture_Groundwater,0.0
2026-06-21T00:00:00,Middle_Agriculture_Groundwater,0.0
2026-06-22T00:00:00,Middle_Agriculture_Groundwater,0.0
2026-06-23T00:00:00,Middle_Agriculture_Groundwater,0.0
2026-06-24T00:00:00,Middle_Agriculture_Groundwater,0.0
2026-06-25T00:00:00,Middle_Agriculture_Groundwater,0.0
2026-06-26T00:00:00,Middle_Agriculture_Groundwater,0.0
2026-06-27T00:00:00,Middle_Agriculture_Groundwater,0.0
2026-06-28T00:00:00,Middle_Agriculture_Groundwater,0.0
2026-06-29T00:00:00,Middle_Agriculture_Groundwater,0.01189770731628869
2026-06-30T00:00:00,Middle_Agriculture_Groundwater,0.05790496456130541
2026-07-01T00:00:00,Middle_Agriculture_Groundwater,0.09364924782960998
2026-07-02T00:00:00,Middle_Agriculture_Groundwater,0.12370780661682375
2026-07-03T00:00:00,Middle_Agriculture_Groundwater,0.14458747025920501
2026-07-04T00:00:00,Middle_Agriculture_Groundwater,0.15370765037966977
2026-07-05T00:00:00,Middle_Agriculture_Groundwater,0.15968359250072128
2026-07-06T00:00:00,Middle_Agriculture_Groundwater,0.16330428787558732
2026-07-07T00:00:00,Middle_Agriculture_Groundwater,0.1580061900686542
2026-07-08T00:00:00,Middle_Agriculture_Groundwater,0.1353259416716219
2026-07-09T00:00:00,Middle_Agriculture_Groundwater,0.11431353559876699
2026-07-10T00:00:00,Middle_Agriculture_Groundwater,0.08851573314194866
2026-07-11T00:00:00,Middle_Agriculture_Groundwater,0.06277566491141444
2026-07-12T00:00:00,Middle_Agriculture_Groundwater,0.042244489359202365
2026-07-13T00:00:00,Middle_Agriculture_Groundwater,0.02379077408650119
2026-07-14T00:00:00,Middle_Agriculture_Groundwater,0.00791415697474804
2026-07-15T00:00:00,Middle_Agriculture_Groundwater,0.0005673919081186796
2026-07-16T00:00:00,Middle_Agriculture_Groundwater,0.0
2026-07-17T00:00:00,Middle_Agriculture_Groundwater,0.0
2026-07-18T00:00:00,Middle_Agriculture_Groundwater,0.0
2026-07-19T00:00:00,Middle_Agriculture_Groundwater,0.0
2026-07-20T00:00:00,Middle_Agriculture_Groundwater,0.0
2026-07-21T00:00:00,Middle_Agriculture_Groundwater,0.0
2026-07-22T00:00:00,Middle_Agriculture_Groundwater,0.0
2026-07-23T00:00:00,Middle_Agriculture_Groundwater,0.0
2026-07-24T00:00:00,Middle_Agriculture_Groundwater,0.0
2026-07-25T00:00:00,Middle_Agriculture_Groundwater,0.0
2026-07-26T00:00:00,Middle_Agriculture_Groundwater,0.0
2026-07-27T00:00:00,Middle_Agriculture_Groundwater,0.0
2026-07-28T00:00:00,Middle_Agriculture_Groundwater,0.0
2026-07-29T00:00:00,Middle_Agriculture_Groundwater,0.0
2026-07-30T00:00:00,Middle_Agriculture_Groundwater,0.0
2026-07-31T00:00:00,Middle_Agriculture_Groundwater,0.0
2026-08-01T00:00:00,Middle_Agriculture_Groundwater,0.0
2026-08-02T00:00:00,Middle_Agriculture_Groundwater,0.0
2026-08-03T00:00:00,Middle_Agriculture_Groundwater,0.0
2026-08-04T00:00:00,Middle_Agriculture_Groundwater,0.0
2026-08-05T00:00:00,Middle_Agriculture_Groundwater,0.0
2026-08-06T00:00:00,Middle_Agriculture_Groundwater,0.0
2026-08-07T00:00:00,Middle_Agriculture_Groundwater,0.0
2026-08-08T00:00:00,Middle_Agriculture_Groundwater,0.0
2026-08-09T00:00:00,Middle_Agriculture_Groundwater,0.0
2026-08-10T00:00:00,Middle_Agriculture_Groundwater,0.0
2026-08-11T00:00:00,Middle_Agriculture_Groundwater,0.0
2026-08-12T00:00:00,Middle_Agriculture_Groundwater,0.0
2026-08-13T00:00:00,Middle_Agriculture_Groundwater,0.0
2026-08-14T00:00:00,Middle_Agriculture_Groundwater,0.0
2026-08-15T00:00:00,Middle_Agriculture_Groundwater,0.0
2026-08-16T00:00:00,Middle_Agriculture_Groundwater,0.0
2026-08-17T00:00:00,Middle_Agriculture_Groundwater,0.0
2026-08-18T00:00:00,Middle_Agriculture_Groundwater,0.0
2026-08-19T00:00:00,Middle_Agriculture_Groundwater,0.0
2026-08-20T00:00:00,Middle_Agriculture_Groundwater,0.017443361265261505
2026-08-21T00:00:00,Middle_Agriculture_Groundwater,0.057544245063731986
2026-08-22T00:00:00,Middle_Agriculture_Groundwater,0.08348106394439811
2026-08-23T00:00:00,Middle_Agriculture_Groundwater,0.09661740387102329
2026-08-24T00:00:00,Middle_Agriculture_Groundwater,0.1015475197183332
2026-08-25T00:00:00,Middle_Agriculture_Groundwater,0.10075525653928936
2026-08-26T00:00:00,Middle_Agriculture_Groundwater,0.09263382534432596
2026-08-27T00:00:00,Middle_Agriculture_Groundwater,0.08520825509569023
2026-08-28T00:00:00,Middle_Agriculture_Groundwater,0.07601651518879181
2026-08-29T00:00:00,Middle_Agriculture_Groundwater,0.06199867707595559
2026-08-30T00:00:00,Middle_Agriculture_Groundwater,0.10975253234288632
2026-08-31T00:00:00,Middle_Agriculture_Groundwater,0.1526601388765812
2026-09-01T00:00:00,Middle_Agriculture_Groundwater,0.18949189878010886
2026-09-02T00:00:00,Middle_Agriculture_Groundwater,0.2255342689505301
2026-09-03T00:00:00,Middle_Agriculture_Groundwater,0.24153971882633646
2026-09-04T00:00:00,Middle_Agriculture_Groundwater,0.24272611785565915
2026-09-05T00:00:00,Middle_Agriculture_Groundwater,0.23431642170903616
2026-09-06T00:00:00,Middle_Agriculture_Groundwater,0.22060576724954448
2026-09-07T00:00:00,Middle_Agriculture_Groundwater,0.21178193401031425
2026-09-08T00:00:00,Middle_Agriculture_Groundwater,0.20072597338280052
2026-09-09T00:00:00,Middle_Agriculture_Groundwater,0.18203451281341132
2026-09-10T00:00:00,Middle_Agriculture_Groundwater,0.1507788118968006
2026-09-11T00:00:00,Middle_Agriculture_Groundwater,0.11440277876264873
2026-09-12T00:00:00,Middle_Agriculture_Groundwater,0.06887052777272402
2026-09-13T00:00:00,Middle_Agriculture_Groundwater,0.046964408284065944
2026-09-14T00:00:00,Middle_Agriculture_Groundwater,0.039039971051777235
2026-09-15T00:00:00,Middle_Agriculture_Groundwater,0.031005468092196228
2026-09-16T00:00:00,Middle_Agriculture_Groundwater,0.017746738741286665
2026-09-17T00:00:00,Middle_Agriculture_Groundwater,0.015312027852364738
2026-09-18T00:00:00,Middle_Agriculture_Groundwater,0.014920900844722383
2026-09-19T00:00:00,Middle_Agriculture_Groundwater,0.007951315323721248
2026-09-20T00:00:00,Middle_Agriculture_Groundwater,0.0
2026-09-21T00:00:00,Middle_Agriculture_Groundwater,0.0
2026-09-22T00:00:00,Middle_Agriculture_Groundwater,0.0
2026-09-23T00:00:00,Middle_Agriculture_Groundwater,0.0
2026-09-24T00:00:00,Middle_Agriculture_Groundwater,0.0
2026-09-25T00:00:00,Middle_Agriculture_Groundwater,0.0
2026-09-26T00:00:00,Middle_Agriculture_Groundwater,0.0
2026-09-27T00:00:00,Middle_Agriculture_Groundwater,0.0
2026-09-28T00:00:00,Middle_Agriculture_Groundwater,0.0
2026-09-29T00:00:00,Middle_Agriculture_Groundwater,0.0
2026-09-30T00:00:00,Middle_Agriculture_Groundwater,0.0
2026-10-01T00:00:00,Middle_Agriculture_Groundwater,0.0
2026-10-02T00:00:00,Middle_Agriculture_Groundwater,0.0
2026-10-03T00:00:00,Middle_Agriculture_Groundwater,0.0
2026-10-04T00:00:00,Middle_Agriculture_Groundwater,0.0
2026-10-05T00:00:00,Middle_Agriculture_Groundwater,0.0
2026-10-06T00:00:00,Middle_Agriculture_Groundwater,0.0
2026-10-07T00:00:00,Middle_Agriculture_Groundwater,0.0
2026-10-08T00:00:00,Middle_Agriculture_Groundwater,0.0
2026-10-09T00:00:00,Middle_Agriculture_Groundwater,0.0
2026-10-10T00:00:00,Middle_Agriculture_Groundwater,0.0
2026-10-11T00:00:00,Middle_Agriculture_Groundwater,0.0
2026-10-12T00:00:00,Middle_Agriculture_Groundwater,0.0
2026-10-13T00:00:00,Middle_Agriculture_Groundwater,0.0
2026-10-14T00:00:00,Middle_Agriculture_Groundwater,0.0
2026-10-15T00:00:00,Middle_Agriculture_Groundwater,0.0
2026-10-16T00:00:00,Middle_Agriculture_Groundwater,0.0
2026-10-17T00:00:00,Middle_Agriculture_Groundwater,0.0
2026-10-18T00:00:00,Middle_Agriculture_Groundwater,0.0
2026-10-19T00:00:00,Middle_Agriculture_Groundwater,0.0
2026-10-20T00:00:00,Middle_Agriculture_Groundwater,0.0
2026-10-21T00:00:00,Middle_Agriculture_Groundwater,0.0
2026-10-22T00:00:00,Middle_Agriculture_Groundwater,0.0
2026-10-23T00:00:00,Middle_Agriculture_Groundwater,0.0
2026-10-24T00:00:00,Middle_Agriculture_Groundwater,0.0
2026-10-25T00:00:00,Middle_Agriculture_Groundwater,0.0
2026-10-26T00:00:00,Middle_Agriculture_Groundwater,0.0
2026-10-27T00:00:00,Middle_Agriculture_Groundwater,0.0
2026-10-28T00:00:00,Middle_Agriculture_Groundwater,0.0
2026-10-29T00:00:00,Middle_Agriculture_Groundwater,0.0
2026-10-30T00:00:00,Middle_Agriculture_Groundwater,0.0
2026-10-31T00:00:00,Middle_Agriculture_Groundwater,0.002166977475076237
2026-11-01T00:00:00,Middle_Agriculture_Groundwater,0.05582005431638209
2026-11-02T00:00:00,Middle_Agriculture_Groundwater,0.0939793187419491
2026-11-03T00:00:00,Middle_Agriculture_Groundwater,0.11634532973924026
2026-11-04T00:00:00,Middle_Agriculture_Groundwater,0.12682619989510843
2026-11-05T00:00:00,Middle_Agriculture_Groundwater,0.13326984272240908
2026-11-06T00:00:00,Middle_Agriculture_Groundwater,0.1263486404398441
2026-11-07T00:00:00,Middle_Agriculture_Groundwater,0.10951941655020392
2026-11-08T00:00:00,Middle_Agriculture_Groundwater,0.08769204194318492
2026-11-09T00:00:00,Middle_Agriculture_Groundwater,0.06677858445570566
2026-11-10T00:00:00,Middle_Agriculture_Groundwater,0.03946267986447083
2026-11-11T00:00:00,Middle_Agriculture_Groundwater,0.014805733983291703
2026-11-12T00:00:00,Middle_Agriculture_Groundwater,0.0
2026-11-13T00:00:00,Middle_Agriculture_Groundwater,0.0
2026-11-14T00:00:00,Middle_Agriculture_Groundwater,0.0
2026-11-15T00:00:00,Middle_Agriculture_Groundwater,0.0
2026-11-16T00:00:00,Middle_Agriculture_Groundwater,0.0
2026-11-17T00:00:00,Middle_Agriculture_Groundwater,0.0
2026-11-18T00:00:00,Middle_Agriculture_Groundwater,0.0
2026-11-19T00:00:00,Middle_Agriculture_Groundwater,0.0
2026-11-20T00:00:00,Middle_Agriculture_Groundwater,0.0
2026-11-21T00:00:00,Middle_Agriculture_Groundwater,0.0
2026-11-22T00:00:00,Middle_Agriculture_Groundwater,0.0
2026-11-23T00:00:00,Middle_Agriculture_Groundwater,0.0
2026-11-24T00:00:00,Middle_Agriculture_Groundwater,0.0
2026-11-25T00:00:00,Middle_Agriculture_Groundwater,0.0
2026-11-26T00:00:00,Middle_Agriculture_Groundwater,0.0
2026-11-27T00:00:00,Middle_Agriculture_Groundwater,0.0
2026-11-28T00:00:00,Middle_Agriculture_Groundwater,0.0
2026-11-29T00:00:00,Middle_Agriculture_Groundwater,0.0
2026-11-30T00:00:00,Middle_Agriculture_Groundwater,0.0
2026-12-01T00:00:00,Middle_Agriculture_Groundwater,0.0
2026-12-02T00:00:00,Middle_Agriculture_Groundwater,0.0
2026-12-03T00:00:00,Middle_Agriculture_Groundwater,0.0
2026-12-04T00:00:00,Middle_Agriculture_Groundwater,0.0
2026-12-05T00:00:00,Middle_Agriculture_Groundwater,0.0
2026-12-06T00:00:00,Middle_Agriculture_Groundwater,0.0
2026-12-07T00:00:00,Middle_Agriculture_Groundwater,0.0
2026-12-08T00:00:00,Middle_Agriculture_Groundwater,0.0
2026-12-09T00:00:00,Middle_Agriculture_Groundwater,0.0
2026-12-10T00:00:00,Middle_Agriculture_Groundwater,0.0
2026-12-11T00:00:00,Middle_Agriculture_Groundwater,0.0
2026-12-12T00:00:00,Middle_Agriculture_Groundwater,0.0
2026-12-13T00:00:00,Middle_Agriculture_Groundwater,0.0
2026-12-14T00:00:00,Middle_Agriculture_Groundwater,0.0
2026-12-15T00:00:00,Middle_Agriculture_Groundwater,0.0
2026-12-16T00:00:00,Middle_Agriculture_Groundwater,0.0
2026-12-17T00:00:00,Middle_Agriculture_Groundwater,0.0
2026-12-18T00:00:00,Middle_Agriculture_Groundwater,0.0
2026-12-19T00:00:00,Middle_Agriculture_Groundwater,0.0018656824247614168
2026-12-20T00:00:00,Middle_Agriculture_Groundwater,0.05990413218455161
2026-12-21T00:00:00,Middle_Agriculture_Groundwater,0.10983507153177244
2026-12-22T00:00:00,Middle_Agriculture_Groundwater,0.14638456350588513
2026-12-23T00:00:00,Middle_Agriculture_Groundwater,0.17597046091531413
2026-12-24T00:00:00,Middle_Agriculture_Groundwater,0.19670740593506936
2026-12-25T00:00:00,Middle_Agriculture_Groundwater,0.2255663482508112
2026-12-26T00:00:00,Middle_Agriculture_Groundwater,0.23920890077132984
2026-12-27T00:00:00,Middle_Agriculture_Groundwater,0.2517945520325066
2026-12-28T00:00:00,Middle_Agriculture_Groundwater,0.2577429840337345
2026-12-29T00:00:00,Middle_Agriculture_Groundwater,0.25382582047803004
2026-12-30T00:00:00,Middle_Agriculture_Groundwater,0.24616673252040078
2026-12-31T00:00:00,Middle_Agriculture_Groundwater,0.22449407667679
