a0753a4c-b523-4035-bf9e-cb1e13f6595e,location,actualEvapotranspiration
2023-01-01T00:00:00,Middle_Agriculture_Soilwater,1.241018181818182
2023-01-02T00:00:00,Middle_Agriculture_Soilwater,1.3509818181818183
2023-01-03T00:00:00,Middle_Agriculture_Soilwater,1.2802909090909094
2023-01-04T00:00:00,Middle_Agriculture_Soilwater,1.429527272727273
2023-01-05T00:00:00,Middle_Agriculture_Soilwater,1.256727272727273
2023-01-06T00:00:00,Middle_Agriculture_Soilwater,1.3902545454545456
2023-01-07T00:00:00,Middle_Agriculture_Soilwater,1.0603636363636366
2023-01-08T00:00:00,Middle_Agriculture_Soilwater,0.809018181818182
2023-01-09T00:00:00,Middle_Agriculture_Soilwater,0.706909090909091
2023-01-10T00:00:00,Middle_Agriculture_Soilwater,0.9504000000000001
2023-01-11T00:00:00,Middle_Agriculture_Soilwater,0.7854545454545456
2023-01-12T00:00:00,Middle_Agriculture_Soilwater,0.7461818181818183
2023-01-13T00:00:00,Middle_Agriculture_Soilwater,0.6676363636363637
2023-01-14T00:00:00,Middle_Agriculture_Soilwater,0.5733818181818182
2023-01-15T00:00:00,Middle_Agriculture_Soilwater,0.8247272727272729
2023-01-16T00:00:00,Middle_Agriculture_Soilwater,0.9268363636363638
2023-01-17T00:00:00,Middle_Agriculture_Soilwater,1.6093837452357764
2023-01-18T00:00:00,Middle_Agriculture_Soilwater,0.9086636734331687
2023-01-19T00:00:00,Middle_Agriculture_Soilwater,0.8668563939386135
2023-01-20T00:00:00,Middle_Agriculture_Soilwater,0.7086007279272908
2023-01-21T00:00:00,Middle_Agriculture_Soilwater,0.629229767177959
2023-01-22T00:00:00,Middle_Agriculture_Soilwater,1.2092799187923864
2023-01-23T00:00:00,Middle_Agriculture_Soilwater,0.9727367837378309
2023-01-24T00:00:00,Middle_Agriculture_Soilwater,0.6540465408659222
2023-01-25T00:00:00,Middle_Agriculture_Soilwater,0.7984642701404211
2023-01-26T00:00:00,Middle_Agriculture_Soilwater,0.9034830258982478
2023-01-27T00:00:00,Middle_Agriculture_Soilwater,0.9617556040322062
2023-01-28T00:00:00,Middle_Agriculture_Soilwater,1.011837463044989
2023-01-29T00:00:00,Middle_Agriculture_Soilwater,0.8036187253307606
2023-01-30T00:00:00,Middle_Agriculture_Soilwater,1.0130759830443026
2023-01-31T00:00:00,Middle_Agriculture_Soilwater,0.9115830674376606
2023-02-01T00:00:00,Middle_Agriculture_Soilwater,1.1264816185289481
2023-02-02T00:00:00,Middle_Agriculture_Soilwater,1.0771753132710964
2023-02-03T00:00:00,Middle_Agriculture_Soilwater,0.968783622525701
2023-02-04T00:00:00,Middle_Agriculture_Soilwater,0.9432057837743562
2023-02-05T00:00:00,Middle_Agriculture_Soilwater,0.8882546823281822
2023-02-06T00:00:00,Middle_Agriculture_Soilwater,0.9149794125377303
2023-02-07T00:00:00,Middle_Agriculture_Soilwater,0.8090401446076199
2023-02-08T00:00:00,Middle_Agriculture_Soilwater,0.6527018154564759
2023-02-09T00:00:00,Middle_Agriculture_Soilwater,0.6145977048369217
2023-02-10T00:00:00,Middle_Agriculture_Soilwater,0.6862515174457662
2023-02-11T00:00:00,Middle_Agriculture_Soilwater,0.5316283944198151
2023-02-12T00:00:00,Middle_Agriculture_Soilwater,0.33435844038564067
2023-02-13T00:00:00,Middle_Agriculture_Soilwater,0.4791539039509329
2023-02-14T00:00:00,Middle_Agriculture_Soilwater,0.6232731763094225
2023-02-15T00:00:00,Middle_Agriculture_Soilwater,0.5134041304074735
2023-02-16T00:00:00,Middle_Agriculture_Soilwater,0.40418572525239904
2023-02-17T00:00:00,Middle_Agriculture_Soilwater,0.46124927484670336
2023-02-18T00:00:00,Middle_Agriculture_Soilwater,0.5468157116870197
2023-02-19T00:00:00,Middle_Agriculture_Soilwater,0.5816307825682354
2023-02-20T00:00:00,Middle_Agriculture_Soilwater,0.5947280998927627
2023-02-21T00:00:00,Middle_Agriculture_Soilwater,0.6863834621673306
2023-02-22T00:00:00,Middle_Agriculture_Soilwater,0.449306988725714
2023-02-23T00:00:00,Middle_Agriculture_Soilwater,0.6835289558413042
2023-02-24T00:00:00,Middle_Agriculture_Soilwater,0.788343895767841
2023-02-25T00:00:00,Middle_Agriculture_Soilwater,0.8922761798108759
2023-02-26T00:00:00,Middle_Agriculture_Soilwater,0.6493539924324765
2023-02-27T00:00:00,Middle_Agriculture_Soilwater,0.9435200364348644
2023-02-28T00:00:00,Middle_Agriculture_Soilwater,0.5192203511463831
2023-03-01T00:00:00,Middle_Agriculture_Soilwater,0.7142955040855422
2023-03-02T00:00:00,Middle_Agriculture_Soilwater,0.7682615098247988
2023-03-03T00:00:00,Middle_Agriculture_Soilwater,0.661587700766071
2023-03-04T00:00:00,Middle_Agriculture_Soilwater,0.47932640493438633
2023-03-05T00:00:00,Middle_Agriculture_Soilwater,0.40218417159109987
2023-03-06T00:00:00,Middle_Agriculture_Soilwater,0.5954364750259974
2023-03-07T00:00:00,Middle_Agriculture_Soilwater,0.3454045166317403
2023-03-08T00:00:00,Middle_Agriculture_Soilwater,0.2000723634170541
2023-03-09T00:00:00,Middle_Agriculture_Soilwater,0.3377966290508102
2023-03-10T00:00:00,Middle_Agriculture_Soilwater,0.18589404490779815
2023-03-11T00:00:00,Middle_Agriculture_Soilwater,0.44720634283844257
2023-03-12T00:00:00,Middle_Agriculture_Soilwater,0.3571562231625406
2023-03-13T00:00:00,Middle_Agriculture_Soilwater,0.22634825095326142
2023-03-14T00:00:00,Middle_Agriculture_Soilwater,0.4385991487310309
2023-03-15T00:00:00,Middle_Agriculture_Soilwater,0.5268053849331797
2023-03-16T00:00:00,Middle_Agriculture_Soilwater,0.5257433452771544
2023-03-17T00:00:00,Middle_Agriculture_Soilwater,0.47698495153915965
2023-03-18T00:00:00,Middle_Agriculture_Soilwater,0.43530127379181105
2023-03-19T00:00:00,Middle_Agriculture_Soilwater,0.3938307546031543
2023-03-20T00:00:00,Middle_Agriculture_Soilwater,0.3322138367300636
2023-03-21T00:00:00,Middle_Agriculture_Soilwater,0.28438940278182584
2023-03-22T00:00:00,Middle_Agriculture_Soilwater,0.3178953299784624
2023-03-23T00:00:00,Middle_Agriculture_Soilwater,0.24995007185170298
2023-03-24T00:00:00,Middle_Agriculture_Soilwater,0.2564568016002876
2023-03-25T00:00:00,Middle_Agriculture_Soilwater,0.5191454494885568
2023-03-26T00:00:00,Middle_Agriculture_Soilwater,0.40371339137328915
2023-03-27T00:00:00,Middle_Agriculture_Soilwater,0.5441569123544898
2023-03-28T00:00:00,Middle_Agriculture_Soilwater,0.824559965257129
2023-03-29T00:00:00,Middle_Agriculture_Soilwater,0.8085402801773223
2023-03-30T00:00:00,Middle_Agriculture_Soilwater,0.3929979392530042
2023-03-31T00:00:00,Middle_Agriculture_Soilwater,0.5985623358581408
2023-04-01T00:00:00,Middle_Agriculture_Soilwater,0.27203586798632146
2023-04-02T00:00:00,Middle_Agriculture_Soilwater,0.0
2023-04-03T00:00:00,Middle_Agriculture_Soilwater,0.17232536819585187
2023-04-04T00:00:00,Middle_Agriculture_Soilwater,0.5431177327950357
2023-04-05T00:00:00,Middle_Agriculture_Soilwater,0.4626417022901767
2023-04-06T00:00:00,Middle_Agriculture_Soilwater,0.448599697475606
2023-04-07T00:00:00,Middle_Agriculture_Soilwater,0.23048582266239387
2023-04-08T00:00:00,Middle_Agriculture_Soilwater,0.1052683948963697
2023-04-09T00:00:00,Middle_Agriculture_Soilwater,0.0
2023-04-10T00:00:00,Middle_Agriculture_Soilwater,0.0
2023-04-11T00:00:00,Middle_Agriculture_Soilwater,0.0
2023-04-12T00:00:00,Middle_Agriculture_Soilwater,0.09864777844571457
2023-04-13T00:00:00,Middle_Agriculture_Soilwater,0.4470276333696866
2023-04-14T00:00:00,Middle_Agriculture_Soilwater,0.40029613910638107
2023-04-15T00:00:00,Middle_Agriculture_Soilwater,0.22931129577636805
2023-04-16T00:00:00,Middle_Agriculture_Soilwater,0.15709794050983622
2023-04-17T00:00:00,Middle_Agriculture_Soilwater,0.052333075292224064
2023-04-18T00:00:00,Middle_Agriculture_Soilwater,0.24853004098570086
2023-04-19T00:00:00,Middle_Agriculture_Soilwater,0.3201541061378803
2023-04-20T00:00:00,Middle_Agriculture_Soilwater,0.30016725237005526
2023-04-21T00:00:00,Middle_Agriculture_Soilwater,0.26721816121098735
2023-04-22T00:00:00,Middle_Agriculture_Soilwater,0.0
2023-04-23T00:00:00,Middle_Agriculture_Soilwater,0.0
2023-04-24T00:00:00,Middle_Agriculture_Soilwater,0.2408892351820653
2023-04-25T00:00:00,Middle_Agriculture_Soilwater,0.0
2023-04-26T00:00:00,Middle_Agriculture_Soilwater,0.06504212951628054
2023-04-27T00:00:00,Middle_Agriculture_Soilwater,0.0
2023-04-28T00:00:00,Middle_Agriculture_Soilwater,0.1430552206692158
2023-04-29T00:00:00,Middle_Agriculture_Soilwater,0.13647405627746897
2023-04-30T00:00:00,Middle_Agriculture_Soilwater,0.11691344602284097
2023-05-01T00:00:00,Middle_Agriculture_Soilwater,0.0
2023-05-02T00:00:00,Middle_Agriculture_Soilwater,0.0
2023-05-03T00:00:00,Middle_Agriculture_Soilwater,0.0
2023-05-04T00:00:00,Middle_Agriculture_Soilwater,0.0
2023-05-05T00:00:00,Middle_Agriculture_Soilwater,0.0
2023-05-06T00:00:00,Middle_Agriculture_Soilwater,0.0
2023-05-07T00:00:00,Middle_Agriculture_Soilwater,0.0
2023-05-08T00:00:00,Middle_Agriculture_Soilwater,0.0
2023-05-09T00:00:00,Middle_Agriculture_Soilwater,0.0
2023-05-10T00:00:00,Middle_Agriculture_Soilwater,0.0
2023-05-11T00:00:00,Middle_Agriculture_Soilwater,0.0
2023-05-12T00:00:00,Middle_Agriculture_Soilwater,0.0
2023-05-13T00:00:00,Middle_Agriculture_Soilwater,0.0
2023-05-14T00:00:00,Middle_Agriculture_Soilwater,0.038952782634759646
2023-05-15T00:00:00,Middle_Agriculture_Soilwater,0.07140221642899387
2023-05-16T00:00:00,Middle_Agriculture_Soilwater,0.0
2023-05-17T00:00:00,Middle_Agriculture_Soilwater,0.1687202697597473
2023-05-18T00:00:00,Middle_Agriculture_Soilwater,0.11024200360004689
2023-05-19T00:00:00,Middle_Agriculture_Soilwater,0.0
2023-05-20T00:00:00,Middle_Agriculture_Soilwater,0.05185549924067977
2023-05-21T00:00:00,Middle_Agriculture_Soilwater,0.09072811627364974
2023-05-22T00:00:00,Middle_Agriculture_Soilwater,0.3757358497936964
2023-05-23T00:00:00,Middle_Agriculture_Soilwater,0.16817753833618873
2023-05-24T00:00:00,Middle_Agriculture_Soilwater,0.4136936745826047
2023-05-25T00:00:00,Middle_Agriculture_Soilwater,0.3807348123541562
2023-05-26T00:00:00,Middle_Agriculture_Soilwater,0.4767941421530825
2023-05-27T00:00:00,Middle_Agriculture_Soilwater,0.5015930981575608
2023-05-28T00:00:00,Middle_Agriculture_Soilwater,0.3722177913261272
2023-05-29T00:00:00,Middle_Agriculture_Soilwater,0.140971661331072
2023-05-30T00:00:00,Middle_Agriculture_Soilwater,0.05123289514696191
2023-05-31T00:00:00,Middle_Agriculture_Soilwater,0.5186244123649906
2023-06-01T00:00:00,Middle_Agriculture_Soilwater,0.4855785914646089
2023-06-02T00:00:00,Middle_Agriculture_Soilwater,0.5292477289925359
2023-06-03T00:00:00,Middle_Agriculture_Soilwater,0.5217350035692581
2023-06-04T00:00:00,Middle_Agriculture_Soilwater,0.27935432904475843
2023-06-05T00:00:00,Middle_Agriculture_Soilwater,0.02536659207797262
2023-06-06T00:00:00,Middle_Agriculture_Soilwater,0.0
2023-06-07T00:00:00,Middle_Agriculture_Soilwater,0.0
2023-06-08T00:00:00,Middle_Agriculture_Soilwater,0.13950164527181252
2023-06-09T00:00:00,Middle_Agriculture_Soilwater,0.2661679217097141
2023-06-10T00:00:00,Middle_Agriculture_Soilwater,0.487437928604309
2023-06-11T00:00:00,Middle_Agriculture_Soilwater,0.5938544656049717
2023-06-12T00:00:00,Middle_Agriculture_Soilwater,0.5104662531707043
2023-06-13T00:00:00,Middle_Agriculture_Soilwater,0.6603121952334422
2023-06-14T00:00:00,Middle_Agriculture_Soilwater,0.6835825345796162
2023-06-15T00:00:00,Middle_Agriculture_Soilwater,0.3314356042075592
2023-06-16T00:00:00,Middle_Agriculture_Soilwater,0.44338253094109326
2023-06-17T00:00:00,Middle_Agriculture_Soilwater,0.5298233445845635
2023-06-18T00:00:00,Middle_Agriculture_Soilwater,0.5473022790545665
2023-06-19T00:00:00,Middle_Agriculture_Soilwater,0.5088112063351958
2023-06-20T00:00:00,Middle_Agriculture_Soilwater,0.3776932796436129
2023-06-21T00:00:00,Middle_Agriculture_Soilwater,0.35854465590386264
2023-06-22T00:00:00,Middle_Agriculture_Soilwater,0.7777245497042227
2023-06-23T00:00:00,Middle_Agriculture_Soilwater,0.8120712360273128
2023-06-24T00:00:00,Middle_Agriculture_Soilwater,0.7295644047154295
2023-06-25T00:00:00,Middle_Agriculture_Soilwater,0.7028445793491228
2023-06-26T00:00:00,Middle_Agriculture_Soilwater,0.5727692830632386
2023-06-27T00:00:00,Middle_Agriculture_Soilwater,0.6564557632454256
2023-06-28T00:00:00,Middle_Agriculture_Soilwater,0.8667382865121854
2023-06-29T00:00:00,Middle_Agriculture_Soilwater,0.7246096937349514
2023-06-30T00:00:00,Middle_Agriculture_Soilwater,0.5477692688835436
2023-07-01T00:00:00,Middle_Agriculture_Soilwater,0.43236726622562016
2023-07-02T00:00:00,Middle_Agriculture_Soilwater,0.2457450111045758
2023-07-03T00:00:00,Middle_Agriculture_Soilwater,0.2275191748830377
2023-07-04T00:00:00,Middle_Agriculture_Soilwater,0.2512183733547053
2023-07-05T00:00:00,Middle_Agriculture_Soilwater,0.25094212449615083
2023-07-06T00:00:00,Middle_Agriculture_Soilwater,0.35809454201555246
2023-07-07T00:00:00,Middle_Agriculture_Soilwater,0.4647916104573238
2023-07-08T00:00:00,Middle_Agriculture_Soilwater,0.2676013970083872
2023-07-09T00:00:00,Middle_Agriculture_Soilwater,0.2138288911263295
2023-07-10T00:00:00,Middle_Agriculture_Soilwater,0.2967046495513165
2023-07-11T00:00:00,Middle_Agriculture_Soilwater,0.4207690553925034
2023-07-12T00:00:00,Middle_Agriculture_Soilwater,0.47322465799466035
2023-07-13T00:00:00,Middle_Agriculture_Soilwater,0.6020976709838054
2023-07-14T00:00:00,Middle_Agriculture_Soilwater,0.6887970567538035
2023-07-15T00:00:00,Middle_Agriculture_Soilwater,0.41670754640667435
2023-07-16T00:00:00,Middle_Agriculture_Soilwater,0.42179113517111866
2023-07-17T00:00:00,Middle_Agriculture_Soilwater,0.49116202395945113
2023-07-18T00:00:00,Middle_Agriculture_Soilwater,0.5075847470267523
2023-07-19T00:00:00,Middle_Agriculture_Soilwater,0.38418718440501887
2023-07-20T00:00:00,Middle_Agriculture_Soilwater,0.43582194198905344
2023-07-21T00:00:00,Middle_Agriculture_Soilwater,0.5741553129519149
2023-07-22T00:00:00,Middle_Agriculture_Soilwater,0.3702090358825009
2023-07-23T00:00:00,Middle_Agriculture_Soilwater,0.5139592861597627
2023-07-24T00:00:00,Middle_Agriculture_Soilwater,0.5530912369357672
2023-07-25T00:00:00,Middle_Agriculture_Soilwater,0.6379043590104024
2023-07-26T00:00:00,Middle_Agriculture_Soilwater,0.6704316006881025
2023-07-27T00:00:00,Middle_Agriculture_Soilwater,0.6969410433651791
2023-07-28T00:00:00,Middle_Agriculture_Soilwater,0.7231868085526796
2023-07-29T00:00:00,Middle_Agriculture_Soilwater,0.8456420460931339
2023-07-30T00:00:00,Middle_Agriculture_Soilwater,0.8875695958146286
2023-07-31T00:00:00,Middle_Agriculture_Soilwater,0.7825799164963533
2023-08-01T00:00:00,Middle_Agriculture_Soilwater,0.7124169110299694
2023-08-02T00:00:00,Middle_Agriculture_Soilwater,0.7212299192487805
2023-08-03T00:00:00,Middle_Agriculture_Soilwater,0.9082435788425616
2023-08-04T00:00:00,Middle_Agriculture_Soilwater,0.6935333784650718
2023-08-05T00:00:00,Middle_Agriculture_Soilwater,0.6359625422337968
2023-08-06T00:00:00,Middle_Agriculture_Soilwater,0.7057226761281751
2023-08-07T00:00:00,Middle_Agriculture_Soilwater,0.6319228500126922
2023-08-08T00:00:00,Middle_Agriculture_Soilwater,0.6300201877588358
2023-08-09T00:00:00,Middle_Agriculture_Soilwater,0.6608949022957812
2023-08-10T00:00:00,Middle_Agriculture_Soilwater,0.7132475663564906
2023-08-11T00:00:00,Middle_Agriculture_Soilwater,0.9386917361919893
2023-08-12T00:00:00,Middle_Agriculture_Soilwater,1.0046580074171838
2023-08-13T00:00:00,Middle_Agriculture_Soilwater,0.6826355871475355
2023-08-14T00:00:00,Middle_Agriculture_Soilwater,0.7232234475428037
2023-08-15T00:00:00,Middle_Agriculture_Soilwater,0.7847264864064412
2023-08-16T00:00:00,Middle_Agriculture_Soilwater,0.87210769565278
2023-08-17T00:00:00,Middle_Agriculture_Soilwater,0.7571701975578878
2023-08-18T00:00:00,Middle_Agriculture_Soilwater,0.8176362210659147
2023-08-19T00:00:00,Middle_Agriculture_Soilwater,0.8038107742375084
2023-08-20T00:00:00,Middle_Agriculture_Soilwater,0.81628871431398
2023-08-21T00:00:00,Middle_Agriculture_Soilwater,1.0005596238430299
2023-08-22T00:00:00,Middle_Agriculture_Soilwater,1.021455159427425
2023-08-23T00:00:00,Middle_Agriculture_Soilwater,1.0007117553819203
2023-08-24T00:00:00,Middle_Agriculture_Soilwater,0.9956288674549477
2023-08-25T00:00:00,Middle_Agriculture_Soilwater,1.072268439945462
2023-08-26T00:00:00,Middle_Agriculture_Soilwater,1.1019186768749019
2023-08-27T00:00:00,Middle_Agriculture_Soilwater,0.9845776235939756
2023-08-28T00:00:00,Middle_Agriculture_Soilwater,1.0096909352068681
2023-08-29T00:00:00,Middle_Agriculture_Soilwater,0.8244889028670367
2023-08-30T00:00:00,Middle_Agriculture_Soilwater,0.6965442152298857
2023-08-31T00:00:00,Middle_Agriculture_Soilwater,0.6493773528084145
2023-09-01T00:00:00,Middle_Agriculture_Soilwater,0.7064310323483622
2023-09-02T00:00:00,Middle_Agriculture_Soilwater,0.5364523835482116
2023-09-03T00:00:00,Middle_Agriculture_Soilwater,0.4767959500350125
2023-09-04T00:00:00,Middle_Agriculture_Soilwater,0.6095846946794893
2023-09-05T00:00:00,Middle_Agriculture_Soilwater,0.6685197450678816
2023-09-06T00:00:00,Middle_Agriculture_Soilwater,0.7618334847640594
2023-09-07T00:00:00,Middle_Agriculture_Soilwater,0.7905716392465592
2023-09-08T00:00:00,Middle_Agriculture_Soilwater,0.838486721108591
2023-09-09T00:00:00,Middle_Agriculture_Soilwater,0.8619129873847265
2023-09-10T00:00:00,Middle_Agriculture_Soilwater,0.8215935291021706
2023-09-11T00:00:00,Middle_Agriculture_Soilwater,0.8557301126819201
2023-09-12T00:00:00,Middle_Agriculture_Soilwater,0.8513666419905044
2023-09-13T00:00:00,Middle_Agriculture_Soilwater,0.886445327668938
2023-09-14T00:00:00,Middle_Agriculture_Soilwater,0.9405041621897774
2023-09-15T00:00:00,Middle_Agriculture_Soilwater,0.8958942521650226
2023-09-16T00:00:00,Middle_Agriculture_Soilwater,0.8951859695361731
2023-09-17T00:00:00,Middle_Agriculture_Soilwater,0.8045209227105171
2023-09-18T00:00:00,Middle_Agriculture_Soilwater,0.8959828274007736
2023-09-19T00:00:00,Middle_Agriculture_Soilwater,0.9637551543964155
2023-09-20T00:00:00,Middle_Agriculture_Soilwater,1.0056923128839836
2023-09-21T00:00:00,Middle_Agriculture_Soilwater,0.9859708315500073
2023-09-22T00:00:00,Middle_Agriculture_Soilwater,1.000595137142227
2023-09-23T00:00:00,Middle_Agriculture_Soilwater,0.9531036575918178
2023-09-24T00:00:00,Middle_Agriculture_Soilwater,0.9151395854892739
2023-09-25T00:00:00,Middle_Agriculture_Soilwater,0.9814862693031979
2023-09-26T00:00:00,Middle_Agriculture_Soilwater,0.8543339661491225
2023-09-27T00:00:00,Middle_Agriculture_Soilwater,0.9600238047411835
2023-09-28T00:00:00,Middle_Agriculture_Soilwater,0.9236976113325513
2023-09-29T00:00:00,Middle_Agriculture_Soilwater,0.9652160300255732
2023-09-30T00:00:00,Middle_Agriculture_Soilwater,1.0761384984628137
2023-10-01T00:00:00,Middle_Agriculture_Soilwater,1.1703641194449776
2023-10-02T00:00:00,Middle_Agriculture_Soilwater,1.2208787414192896
2023-10-03T00:00:00,Middle_Agriculture_Soilwater,1.0888136070959518
2023-10-04T00:00:00,Middle_Agriculture_Soilwater,1.1807939113903916
2023-10-05T00:00:00,Middle_Agriculture_Soilwater,1.175410169113206
2023-10-06T00:00:00,Middle_Agriculture_Soilwater,1.1373467445693257
2023-10-07T00:00:00,Middle_Agriculture_Soilwater,1.2056579145837456
2023-10-08T00:00:00,Middle_Agriculture_Soilwater,1.3260757327837578
2023-10-09T00:00:00,Middle_Agriculture_Soilwater,1.2251565857702866
2023-10-10T00:00:00,Middle_Agriculture_Soilwater,1.2682958339654014
2023-10-11T00:00:00,Middle_Agriculture_Soilwater,1.0783492387723526
2023-10-12T00:00:00,Middle_Agriculture_Soilwater,1.0914927246888217
2023-10-13T00:00:00,Middle_Agriculture_Soilwater,1.1362694847994652
2023-10-14T00:00:00,Middle_Agriculture_Soilwater,1.0480963632170914
2023-10-15T00:00:00,Middle_Agriculture_Soilwater,1.0743042893775756
2023-10-16T00:00:00,Middle_Agriculture_Soilwater,1.0970426477421302
2023-10-17T00:00:00,Middle_Agriculture_Soilwater,1.1295259917240124
2023-10-18T00:00:00,Middle_Agriculture_Soilwater,1.062786740696487
2023-10-19T00:00:00,Middle_Agriculture_Soilwater,1.0113640220378008
2023-10-20T00:00:00,Middle_Agriculture_Soilwater,1.0747508179052596
2023-10-21T00:00:00,Middle_Agriculture_Soilwater,1.073029781146283
2023-10-22T00:00:00,Middle_Agriculture_Soilwater,1.048174596146273
2023-10-23T00:00:00,Middle_Agriculture_Soilwater,1.089186325673635
2023-10-24T00:00:00,Middle_Agriculture_Soilwater,1.151605831843956
2023-10-25T00:00:00,Middle_Agriculture_Soilwater,1.391110837436432
2023-10-26T00:00:00,Middle_Agriculture_Soilwater,1.4168245477283095
2023-10-27T00:00:00,Middle_Agriculture_Soilwater,1.2308606842651133
2023-10-28T00:00:00,Middle_Agriculture_Soilwater,1.140209049150393
2023-10-29T00:00:00,Middle_Agriculture_Soilwater,1.3316855760276995
2023-10-30T00:00:00,Middle_Agriculture_Soilwater,1.2573842311269388
2023-10-31T00:00:00,Middle_Agriculture_Soilwater,1.2162869840683106
2023-11-01T00:00:00,Middle_Agriculture_Soilwater,1.0934597736967056
2023-11-02T00:00:00,Middle_Agriculture_Soilwater,1.0918920369024072
2023-11-03T00:00:00,Middle_Agriculture_Soilwater,1.1720742679669993
2023-11-04T00:00:00,Middle_Agriculture_Soilwater,1.2956515646853044
2023-11-05T00:00:00,Middle_Agriculture_Soilwater,1.2211341112438743
2023-11-06T00:00:00,Middle_Agriculture_Soilwater,1.2177081089797315
2023-11-07T00:00:00,Middle_Agriculture_Soilwater,1.1679111598511818
2023-11-08T00:00:00,Middle_Agriculture_Soilwater,1.1577949658319417
2023-11-09T00:00:00,Middle_Agriculture_Soilwater,1.0768300585527057
2023-11-10T00:00:00,Middle_Agriculture_Soilwater,1.0316696589749197
2023-11-11T00:00:00,Middle_Agriculture_Soilwater,1.0633036143415073
2023-11-12T00:00:00,Middle_Agriculture_Soilwater,1.0652294044463382
2023-11-13T00:00:00,Middle_Agriculture_Soilwater,1.203314460446034
2023-11-14T00:00:00,Middle_Agriculture_Soilwater,1.208330343307453
2023-11-15T00:00:00,Middle_Agriculture_Soilwater,1.1659781047931055
2023-11-16T00:00:00,Middle_Agriculture_Soilwater,1.2903911509930543
2023-11-17T00:00:00,Middle_Agriculture_Soilwater,1.2165514225786012
2023-11-18T00:00:00,Middle_Agriculture_Soilwater,1.298660594520487
2023-11-19T00:00:00,Middle_Agriculture_Soilwater,1.2243204084484642
2023-11-20T00:00:00,Middle_Agriculture_Soilwater,1.3758797118986774
2023-11-21T00:00:00,Middle_Agriculture_Soilwater,1.2065801176971025
2023-11-22T00:00:00,Middle_Agriculture_Soilwater,1.1943088771297659
2023-11-23T00:00:00,Middle_Agriculture_Soilwater,1.142184287237315
2023-11-24T00:00:00,Middle_Agriculture_Soilwater,1.1201607547160761
2023-11-25T00:00:00,Middle_Agriculture_Soilwater,1.1210002674200008
2023-11-26T00:00:00,Middle_Agriculture_Soilwater,1.1270775727215774
2023-11-27T00:00:00,Middle_Agriculture_Soilwater,1.112347758003501
2023-11-28T00:00:00,Middle_Agriculture_Soilwater,0.9393287917424613
2023-11-29T00:00:00,Middle_Agriculture_Soilwater,0.9033005056669908
2023-11-30T00:00:00,Middle_Agriculture_Soilwater,1.2439667931186318
2023-12-01T00:00:00,Middle_Agriculture_Soilwater,1.274883673323644
2023-12-02T00:00:00,Middle_Agriculture_Soilwater,1.2111687039392818
2023-12-03T00:00:00,Middle_Agriculture_Soilwater,1.1459574404953954
2023-12-04T00:00:00,Middle_Agriculture_Soilwater,1.1915301245727221
2023-12-05T00:00:00,Middle_Agriculture_Soilwater,1.3385714789322192
2023-12-06T00:00:00,Middle_Agriculture_Soilwater,1.2452600081595595
2023-12-07T00:00:00,Middle_Agriculture_Soilwater,1.2472162700725349
2023-12-08T00:00:00,Middle_Agriculture_Soilwater,1.0247922892225718
2023-12-09T00:00:00,Middle_Agriculture_Soilwater,1.0373095613085432
2023-12-10T00:00:00,Middle_Agriculture_Soilwater,1.0421901446343567
2023-12-11T00:00:00,Middle_Agriculture_Soilwater,0.932860320854057
2023-12-12T00:00:00,Middle_Agriculture_Soilwater,1.3505806078540958
2023-12-13T00:00:00,Middle_Agriculture_Soilwater,1.4461486206738474
2023-12-14T00:00:00,Middle_Agriculture_Soilwater,1.138536783009761
2023-12-15T00:00:00,Middle_Agriculture_Soilwater,1.052444974208757
2023-12-16T00:00:00,Middle_Agriculture_Soilwater,1.0415168704184354
2023-12-17T00:00:00,Middle_Agriculture_Soilwater,1.1510672730306277
2023-12-18T00:00:00,Middle_Agriculture_Soilwater,1.2058377862701926
2023-12-19T00:00:00,Middle_Agriculture_Soilwater,1.2940574794299167
2023-12-20T00:00:00,Middle_Agriculture_Soilwater,1.0597147703470298
2023-12-21T00:00:00,Middle_Agriculture_Soilwater,1.0213960731467224
2023-12-22T00:00:00,Middle_Agriculture_Soilwater,0.9282344922553972
2023-12-23T00:00:00,Middle_Agriculture_Soilwater,0.8652961213134119
2023-12-24T00:00:00,Middle_Agriculture_Soilwater,0.9457510078119127
2023-12-25T00:00:00,Middle_Agriculture_Soilwater,0.9776441294067689
2023-12-26T00:00:00,Middle_Agriculture_Soilwater,0.7946386519007365
2023-12-27T00:00:00,Middle_Agriculture_Soilwater,0.9024174390274454
2023-12-28T00:00:00,Middle_Agriculture_Soilwater,1.0906011585603816
2023-12-29T00:00:00,Middle_Agriculture_Soilwater,1.1672043499523412
2023-12-30T00:00:00,Middle_Agriculture_Soilwater,1.0034794561407048
2023-12-31T00:00:00,Middle_Agriculture_Soilwater,1.001668331328939
2024-01-01T00:00:00,Middle_Agriculture_Soilwater,1.0139042762525448
2024-01-02T00:00:00,Middle_Agriculture_Soilwater,1.1837974220910958
2024-01-03T00:00:00,Middle_Agriculture_Soilwater,1.1877277694462613
2024-01-04T00:00:00,Middle_Agriculture_Soilwater,1.11267191324706
2024-01-05T00:00:00,Middle_Agriculture_Soilwater,1.008261819490942
2024-01-06T00:00:00,Middle_Agriculture_Soilwater,0.8662234312677611
2024-01-07T00:00:00,Middle_Agriculture_Soilwater,0.8544771164631241
2024-01-08T00:00:00,Middle_Agriculture_Soilwater,0.9592991237857587
2024-01-09T00:00:00,Middle_Agriculture_Soilwater,0.9316232623368857
2024-01-10T00:00:00,Middle_Agriculture_Soilwater,0.7859448713480286
2024-01-11T00:00:00,Middle_Agriculture_Soilwater,0.6546262191422626
2024-01-12T00:00:00,Middle_Agriculture_Soilwater,0.6776531985345617
2024-01-13T00:00:00,Middle_Agriculture_Soilwater,0.5087286641805278
2024-01-14T00:00:00,Middle_Agriculture_Soilwater,0.634843651333523
2024-01-15T00:00:00,Middle_Agriculture_Soilwater,0.746567541352844
2024-01-16T00:00:00,Middle_Agriculture_Soilwater,0.8839647298154814
2024-01-17T00:00:00,Middle_Agriculture_Soilwater,0.8275703309877263
2024-01-18T00:00:00,Middle_Agriculture_Soilwater,1.0325872878126663
2024-01-19T00:00:00,Middle_Agriculture_Soilwater,1.0513111580446135
2024-01-20T00:00:00,Middle_Agriculture_Soilwater,1.243556004765368
2024-01-21T00:00:00,Middle_Agriculture_Soilwater,0.9542508289954226
2024-01-22T00:00:00,Middle_Agriculture_Soilwater,0.9210732266621459
2024-01-23T00:00:00,Middle_Agriculture_Soilwater,0.6345703753501551
2024-01-24T00:00:00,Middle_Agriculture_Soilwater,0.6297962063861645
2024-01-25T00:00:00,Middle_Agriculture_Soilwater,0.7093585402839954
2024-01-26T00:00:00,Middle_Agriculture_Soilwater,0.3944169938432234
2024-01-27T00:00:00,Middle_Agriculture_Soilwater,0.41133183004902396
2024-01-28T00:00:00,Middle_Agriculture_Soilwater,0.26465881011502984
2024-01-29T00:00:00,Middle_Agriculture_Soilwater,0.08588404140528705
2024-01-30T00:00:00,Middle_Agriculture_Soilwater,0.5174789315419568
2024-01-31T00:00:00,Middle_Agriculture_Soilwater,0.8861582234789361
2024-02-01T00:00:00,Middle_Agriculture_Soilwater,0.4948363636363637
2024-02-02T00:00:00,Middle_Agriculture_Soilwater,0.8875636363636366
2024-02-03T00:00:00,Middle_Agriculture_Soilwater,0.9425454545454547
2024-02-04T00:00:00,Middle_Agriculture_Soilwater,0.706909090909091
2024-02-05T00:00:00,Middle_Agriculture_Soilwater,0.534109090909091
2024-02-06T00:00:00,Middle_Agriculture_Soilwater,0.5576727272727273
2024-02-07T00:00:00,Middle_Agriculture_Soilwater,0.43200000000000005
2024-02-08T00:00:00,Middle_Agriculture_Soilwater,0.5262545454545455
2024-02-09T00:00:00,Middle_Agriculture_Soilwater,0.3927272727272728
2024-02-10T00:00:00,Middle_Agriculture_Soilwater,0.20421818181818185
2024-02-11T00:00:00,Middle_Agriculture_Soilwater,0.8168727272727274
2024-02-12T00:00:00,Middle_Agriculture_Soilwater,0.9582545454545456
2024-02-13T00:00:00,Middle_Agriculture_Soilwater,0.7147636363636365
2024-02-14T00:00:00,Middle_Agriculture_Soilwater,0.4398545454545455
2024-02-15T00:00:00,Middle_Agriculture_Soilwater,1.0368000000000002
2024-02-16T00:00:00,Middle_Agriculture_Soilwater,1.5297734034864328
2024-02-17T00:00:00,Middle_Agriculture_Soilwater,0.8394851395163528
2024-02-18T00:00:00,Middle_Agriculture_Soilwater,0.8070590159021421
2024-02-19T00:00:00,Middle_Agriculture_Soilwater,0.7120802326310828
2024-02-20T00:00:00,Middle_Agriculture_Soilwater,0.6643609315251185
2024-02-21T00:00:00,Middle_Agriculture_Soilwater,0.7807254093576916
2024-02-22T00:00:00,Middle_Agriculture_Soilwater,0.8418153812338013
2024-02-23T00:00:00,Middle_Agriculture_Soilwater,0.8168519969816735
2024-02-24T00:00:00,Middle_Agriculture_Soilwater,0.8152675395971433
2024-02-25T00:00:00,Middle_Agriculture_Soilwater,0.7442261937050729
2024-02-26T00:00:00,Middle_Agriculture_Soilwater,0.44898929498403695
2024-02-27T00:00:00,Middle_Agriculture_Soilwater,0.5415851532998627
2024-02-28T00:00:00,Middle_Agriculture_Soilwater,0.5429727677690603
2024-02-29T00:00:00,Middle_Agriculture_Soilwater,0.3970288907780862
2024-03-01T00:00:00,Middle_Agriculture_Soilwater,0.2579666105027039
2024-03-02T00:00:00,Middle_Agriculture_Soilwater,0.08636560913082733
2024-03-03T00:00:00,Middle_Agriculture_Soilwater,0.0
2024-03-04T00:00:00,Middle_Agriculture_Soilwater,0.0
2024-03-05T00:00:00,Middle_Agriculture_Soilwater,0.0
2024-03-06T00:00:00,Middle_Agriculture_Soilwater,0.0
2024-03-07T00:00:00,Middle_Agriculture_Soilwater,0.03141818181818182
2024-03-08T00:00:00,Middle_Agriculture_Soilwater,0.15709090909090911
2024-03-09T00:00:00,Middle_Agriculture_Soilwater,0.0
2024-03-10T00:00:00,Middle_Agriculture_Soilwater,0.0
2024-03-11T00:00:00,Middle_Agriculture_Soilwater,0.0
2024-03-12T00:00:00,Middle_Agriculture_Soilwater,0.0
2024-03-13T00:00:00,Middle_Agriculture_Soilwater,0.04712727272727274
2024-03-14T00:00:00,Middle_Agriculture_Soilwater,0.0
2024-03-15T00:00:00,Middle_Agriculture_Soilwater,0.0
2024-03-16T00:00:00,Middle_Agriculture_Soilwater,0.0
2024-03-17T00:00:00,Middle_Agriculture_Soilwater,0.2906181818181819
2024-03-18T00:00:00,Middle_Agriculture_Soilwater,0.3691636363636364
2024-03-19T00:00:00,Middle_Agriculture_Soilwater,0.33774545454545457
2024-03-20T00:00:00,Middle_Agriculture_Soilwater,0.1963636363636364
2024-03-21T00:00:00,Middle_Agriculture_Soilwater,0.1256727272727273
2024-03-22T00:00:00,Middle_Agriculture_Soilwater,0.07854545454545456
2024-03-23T00:00:00,Middle_Agriculture_Soilwater,0.0
2024-03-24T00:00:00,Middle_Agriculture_Soilwater,0.023563636363636353
2024-03-25T00:00:00,Middle_Agriculture_Soilwater,0.03141818181818182
2024-03-26T00:00:00,Middle_Agriculture_Soilwater,0.0706909090909091
2024-03-27T00:00:00,Middle_Agriculture_Soilwater,0.11781818181818184
2024-03-28T00:00:00,Middle_Agriculture_Soilwater,0.3298909090909092
2024-03-29T00:00:00,Middle_Agriculture_Soilwater,0.3063272727272728
2024-03-30T00:00:00,Middle_Agriculture_Soilwater,0.0
2024-03-31T00:00:00,Middle_Agriculture_Soilwater,0.3456000000000001
2024-04-01T00:00:00,Middle_Agriculture_Soilwater,0.5733818181818182
2024-04-02T00:00:00,Middle_Agriculture_Soilwater,0.5498181818181819
2024-04-03T00:00:00,Middle_Agriculture_Soilwater,0.6676363636363637
2024-04-04T00:00:00,Middle_Agriculture_Soilwater,0.42414545454545466
2024-04-05T00:00:00,Middle_Agriculture_Soilwater,0.3220363636363637
2024-04-06T00:00:00,Middle_Agriculture_Soilwater,0.5184000000000001
2024-04-07T00:00:00,Middle_Agriculture_Soilwater,0.10210909090909091
2024-04-08T00:00:00,Middle_Agriculture_Soilwater,0.1256727272727273
2024-04-09T00:00:00,Middle_Agriculture_Soilwater,0.25920000000000004
2024-04-10T00:00:00,Middle_Agriculture_Soilwater,0.33774545454545457
2024-04-11T00:00:00,Middle_Agriculture_Soilwater,0.25920000000000004
2024-04-12T00:00:00,Middle_Agriculture_Soilwater,0.1649454545454546
2024-04-13T00:00:00,Middle_Agriculture_Soilwater,0.10996363636363637
2024-04-14T00:00:00,Middle_Agriculture_Soilwater,0.0
2024-04-15T00:00:00,Middle_Agriculture_Soilwater,0.0
2024-04-16T00:00:00,Middle_Agriculture_Soilwater,0.0
2024-04-17T00:00:00,Middle_Agriculture_Soilwater,0.0
2024-04-18T00:00:00,Middle_Agriculture_Soilwater,0.015709090909090926
2024-04-19T00:00:00,Middle_Agriculture_Soilwater,0.0
2024-04-20T00:00:00,Middle_Agriculture_Soilwater,0.0
2024-04-21T00:00:00,Middle_Agriculture_Soilwater,0.0
2024-04-22T00:00:00,Middle_Agriculture_Soilwater,0.0
2024-04-23T00:00:00,Middle_Agriculture_Soilwater,0.0
2024-04-24T00:00:00,Middle_Agriculture_Soilwater,0.0
2024-04-25T00:00:00,Middle_Agriculture_Soilwater,0.0
2024-04-26T00:00:00,Middle_Agriculture_Soilwater,0.0
2024-04-27T00:00:00,Middle_Agriculture_Soilwater,0.0
2024-04-28T00:00:00,Middle_Agriculture_Soilwater,0.0
2024-04-29T00:00:00,Middle_Agriculture_Soilwater,0.07854545454545456
2024-04-30T00:00:00,Middle_Agriculture_Soilwater,0.4791272727272728
2024-05-01T00:00:00,Middle_Agriculture_Soilwater,0.47127272727272734
2024-05-02T00:00:00,Middle_Agriculture_Soilwater,0.5655272727272729
2024-05-03T00:00:00,Middle_Agriculture_Soilwater,0.4398545454545455
2024-05-04T00:00:00,Middle_Agriculture_Soilwater,0.023563636363636353
2024-05-05T00:00:00,Middle_Agriculture_Soilwater,0.0
2024-05-06T00:00:00,Middle_Agriculture_Soilwater,0.0
2024-05-07T00:00:00,Middle_Agriculture_Soilwater,0.2277818181818182
2024-05-08T00:00:00,Middle_Agriculture_Soilwater,0.37701818181818186
2024-05-09T00:00:00,Middle_Agriculture_Soilwater,0.21207272727272733
2024-05-10T00:00:00,Middle_Agriculture_Soilwater,0.25920000000000004
2024-05-11T00:00:00,Middle_Agriculture_Soilwater,0.18065454545454546
2024-05-12T00:00:00,Middle_Agriculture_Soilwater,0.03141818181818182
2024-05-13T00:00:00,Middle_Agriculture_Soilwater,0.0
2024-05-14T00:00:00,Middle_Agriculture_Soilwater,0.0
2024-05-15T00:00:00,Middle_Agriculture_Soilwater,0.17280000000000004
2024-05-16T00:00:00,Middle_Agriculture_Soilwater,0.06283636363636363
2024-05-17T00:00:00,Middle_Agriculture_Soilwater,0.3220363636363637
2024-05-18T00:00:00,Middle_Agriculture_Soilwater,0.33774545454545457
2024-05-19T00:00:00,Middle_Agriculture_Soilwater,0.38487272727272737
2024-05-20T00:00:00,Middle_Agriculture_Soilwater,0.3456000000000001
2024-05-21T00:00:00,Middle_Agriculture_Soilwater,0.23563636363636367
2024-05-22T00:00:00,Middle_Agriculture_Soilwater,0.2277818181818182
2024-05-23T00:00:00,Middle_Agriculture_Soilwater,0.1413818181818182
2024-05-24T00:00:00,Middle_Agriculture_Soilwater,0.0
2024-05-25T00:00:00,Middle_Agriculture_Soilwater,0.0
2024-05-26T00:00:00,Middle_Agriculture_Soilwater,0.0
2024-05-27T00:00:00,Middle_Agriculture_Soilwater,0.0
2024-05-28T00:00:00,Middle_Agriculture_Soilwater,0.0
2024-05-29T00:00:00,Middle_Agriculture_Soilwater,0.007854545454545463
2024-05-30T00:00:00,Middle_Agriculture_Soilwater,0.447709090909091
2024-05-31T00:00:00,Middle_Agriculture_Soilwater,0.37701818181818186
2024-06-01T00:00:00,Middle_Agriculture_Soilwater,0.41629090909090916
2024-06-02T00:00:00,Middle_Agriculture_Soilwater,0.25920000000000004
2024-06-03T00:00:00,Middle_Agriculture_Soilwater,0.2277818181818182
2024-06-04T00:00:00,Middle_Agriculture_Soilwater,0.3613090909090909
2024-06-05T00:00:00,Middle_Agriculture_Soilwater,0.5184000000000001
2024-06-06T00:00:00,Middle_Agriculture_Soilwater,0.5026909090909092
2024-06-07T00:00:00,Middle_Agriculture_Soilwater,0.015709090909090926
2024-06-08T00:00:00,Middle_Agriculture_Soilwater,0.0
2024-06-09T00:00:00,Middle_Agriculture_Soilwater,0.0
2024-06-10T00:00:00,Middle_Agriculture_Soilwater,0.0
2024-06-11T00:00:00,Middle_Agriculture_Soilwater,0.0
2024-06-12T00:00:00,Middle_Agriculture_Soilwater,0.007854545454545463
2024-06-13T00:00:00,Middle_Agriculture_Soilwater,0.0
2024-06-14T00:00:00,Middle_Agriculture_Soilwater,0.0
2024-06-15T00:00:00,Middle_Agriculture_Soilwater,0.0
2024-06-16T00:00:00,Middle_Agriculture_Soilwater,0.0
2024-06-17T00:00:00,Middle_Agriculture_Soilwater,0.10210909090909091
2024-06-18T00:00:00,Middle_Agriculture_Soilwater,0.0
2024-06-19T00:00:00,Middle_Agriculture_Soilwater,0.0
2024-06-20T00:00:00,Middle_Agriculture_Soilwater,0.0
2024-06-21T00:00:00,Middle_Agriculture_Soilwater,0.0
2024-06-22T00:00:00,Middle_Agriculture_Soilwater,0.0
2024-06-23T00:00:00,Middle_Agriculture_Soilwater,0.0
2024-06-24T00:00:00,Middle_Agriculture_Soilwater,0.0
2024-06-25T00:00:00,Middle_Agriculture_Soilwater,0.10210909090909091
2024-06-26T00:00:00,Middle_Agriculture_Soilwater,0.1963636363636364
2024-06-27T00:00:00,Middle_Agriculture_Soilwater,0.21207272727272733
2024-06-28T00:00:00,Middle_Agriculture_Soilwater,0.2892238825017625
2024-06-29T00:00:00,Middle_Agriculture_Soilwater,0.1491104086763989
2024-06-30T00:00:00,Middle_Agriculture_Soilwater,0.2588631941856515
2024-07-01T00:00:00,Middle_Agriculture_Soilwater,0.1881085431976715
2024-07-02T00:00:00,Middle_Agriculture_Soilwater,0.18016350282521357
2024-07-03T00:00:00,Middle_Agriculture_Soilwater,0.27400509905439285
2024-07-04T00:00:00,Middle_Agriculture_Soilwater,0.41455315694298317
2024-07-05T00:00:00,Middle_Agriculture_Soilwater,0.42961033419701883
2024-07-06T00:00:00,Middle_Agriculture_Soilwater,0.374401092580451
2024-07-07T00:00:00,Middle_Agriculture_Soilwater,0.31161506565903774
2024-07-08T00:00:00,Middle_Agriculture_Soilwater,0.37355321928617996
2024-07-09T00:00:00,Middle_Agriculture_Soilwater,0.2176357428291287
2024-07-10T00:00:00,Middle_Agriculture_Soilwater,0.2563149931034162
2024-07-11T00:00:00,Middle_Agriculture_Soilwater,0.2948994868550513
2024-07-12T00:00:00,Middle_Agriculture_Soilwater,0.4496672806116898
2024-07-13T00:00:00,Middle_Agriculture_Soilwater,0.4892496773265915
2024-07-14T00:00:00,Middle_Agriculture_Soilwater,0.4825645310574731
2024-07-15T00:00:00,Middle_Agriculture_Soilwater,0.6628198737165865
2024-07-16T00:00:00,Middle_Agriculture_Soilwater,0.781138921245384
2024-07-17T00:00:00,Middle_Agriculture_Soilwater,0.727917581495185
2024-07-18T00:00:00,Middle_Agriculture_Soilwater,1.0353442657058478
2024-07-19T00:00:00,Middle_Agriculture_Soilwater,1.3547027181489977
2024-07-20T00:00:00,Middle_Agriculture_Soilwater,1.6811725224306575
2024-07-21T00:00:00,Middle_Agriculture_Soilwater,1.5108182632963536
2024-07-22T00:00:00,Middle_Agriculture_Soilwater,1.4857152645611273
2024-07-23T00:00:00,Middle_Agriculture_Soilwater,1.3525537495288185
2024-07-24T00:00:00,Middle_Agriculture_Soilwater,1.5139372282781947
2024-07-25T00:00:00,Middle_Agriculture_Soilwater,1.130270538358122
2024-07-26T00:00:00,Middle_Agriculture_Soilwater,1.1547456051647977
2024-07-27T00:00:00,Middle_Agriculture_Soilwater,0.9030947262155018
2024-07-28T00:00:00,Middle_Agriculture_Soilwater,0.8322957462709133
2024-07-29T00:00:00,Middle_Agriculture_Soilwater,0.808580898152423
2024-07-30T00:00:00,Middle_Agriculture_Soilwater,0.9495293216291376
2024-07-31T00:00:00,Middle_Agriculture_Soilwater,0.9720220218332069
2024-08-01T00:00:00,Middle_Agriculture_Soilwater,0.8767579619951155
2024-08-02T00:00:00,Middle_Agriculture_Soilwater,0.9304042703088027
2024-08-03T00:00:00,Middle_Agriculture_Soilwater,0.913315768777373
2024-08-04T00:00:00,Middle_Agriculture_Soilwater,1.2157023971212677
2024-08-05T00:00:00,Middle_Agriculture_Soilwater,1.227789178852528
2024-08-06T00:00:00,Middle_Agriculture_Soilwater,1.2860661352698448
2024-08-07T00:00:00,Middle_Agriculture_Soilwater,1.4748175546027373
2024-08-08T00:00:00,Middle_Agriculture_Soilwater,1.369528951208629
2024-08-09T00:00:00,Middle_Agriculture_Soilwater,1.3813254230543535
2024-08-10T00:00:00,Middle_Agriculture_Soilwater,1.4619840835742661
2024-08-11T00:00:00,Middle_Agriculture_Soilwater,1.2743672638468366
2024-08-12T00:00:00,Middle_Agriculture_Soilwater,1.2405837745217028
2024-08-13T00:00:00,Middle_Agriculture_Soilwater,1.2144788675218539
2024-08-14T00:00:00,Middle_Agriculture_Soilwater,0.9997023334921549
2024-08-15T00:00:00,Middle_Agriculture_Soilwater,1.028249037041627
2024-08-16T00:00:00,Middle_Agriculture_Soilwater,1.3205021933181662
2024-08-17T00:00:00,Middle_Agriculture_Soilwater,1.5720871065803985
2024-08-18T00:00:00,Middle_Agriculture_Soilwater,1.5430435287109738
2024-08-19T00:00:00,Middle_Agriculture_Soilwater,1.499868009660775
2024-08-20T00:00:00,Middle_Agriculture_Soilwater,1.4718319986970712
2024-08-21T00:00:00,Middle_Agriculture_Soilwater,1.385333822979976
2024-08-22T00:00:00,Middle_Agriculture_Soilwater,1.2183352507863474
2024-08-23T00:00:00,Middle_Agriculture_Soilwater,1.2295672667060429
2024-08-24T00:00:00,Middle_Agriculture_Soilwater,1.328565296746936
2024-08-25T00:00:00,Middle_Agriculture_Soilwater,1.3677262181831757
2024-08-26T00:00:00,Middle_Agriculture_Soilwater,1.34884027826327
2024-08-27T00:00:00,Middle_Agriculture_Soilwater,1.3086383212868933
2024-08-28T00:00:00,Middle_Agriculture_Soilwater,1.493293974388259
2024-08-29T00:00:00,Middle_Agriculture_Soilwater,1.4088032421095782
2024-08-30T00:00:00,Middle_Agriculture_Soilwater,1.5410147143980073
2024-08-31T00:00:00,Middle_Agriculture_Soilwater,1.5062433735901946
2024-09-01T00:00:00,Middle_Agriculture_Soilwater,1.4305288305966395
2024-09-02T00:00:00,Middle_Agriculture_Soilwater,1.640528790581616
2024-09-03T00:00:00,Middle_Agriculture_Soilwater,1.4850643502752405
2024-09-04T00:00:00,Middle_Agriculture_Soilwater,1.076296747814712
2024-09-05T00:00:00,Middle_Agriculture_Soilwater,1.2223331451773658
2024-09-06T00:00:00,Middle_Agriculture_Soilwater,1.4230934215636675
2024-09-07T00:00:00,Middle_Agriculture_Soilwater,1.487840817743424
2024-09-08T00:00:00,Middle_Agriculture_Soilwater,1.418662669511148
2024-09-09T00:00:00,Middle_Agriculture_Soilwater,1.1927685200360978
2024-09-10T00:00:00,Middle_Agriculture_Soilwater,1.1166841364990374
2024-09-11T00:00:00,Middle_Agriculture_Soilwater,1.3195534358314263
2024-09-12T00:00:00,Middle_Agriculture_Soilwater,1.437008324060819
2024-09-13T00:00:00,Middle_Agriculture_Soilwater,1.3397702738955484
2024-09-14T00:00:00,Middle_Agriculture_Soilwater,1.3198083094184967
2024-09-15T00:00:00,Middle_Agriculture_Soilwater,1.3987420245906133
2024-09-16T00:00:00,Middle_Agriculture_Soilwater,1.27358606536819
2024-09-17T00:00:00,Middle_Agriculture_Soilwater,1.4001908486734111
2024-09-18T00:00:00,Middle_Agriculture_Soilwater,1.3644560998765487
2024-09-19T00:00:00,Middle_Agriculture_Soilwater,1.4271609176887425
2024-09-20T00:00:00,Middle_Agriculture_Soilwater,1.5936017148904495
2024-09-21T00:00:00,Middle_Agriculture_Soilwater,1.5834661565502657
2024-09-22T00:00:00,Middle_Agriculture_Soilwater,1.5449515974068264
2024-09-23T00:00:00,Middle_Agriculture_Soilwater,1.5687477315232292
2024-09-24T00:00:00,Middle_Agriculture_Soilwater,1.6263414339044178
2024-09-25T00:00:00,Middle_Agriculture_Soilwater,1.5544439385167739
2024-09-26T00:00:00,Middle_Agriculture_Soilwater,1.4549501135801441
2024-09-27T00:00:00,Middle_Agriculture_Soilwater,1.5140852933140716
2024-09-28T00:00:00,Middle_Agriculture_Soilwater,1.5034098647807346
2024-09-29T00:00:00,Middle_Agriculture_Soilwater,1.3896592344978205
2024-09-30T00:00:00,Middle_Agriculture_Soilwater,1.3791162320203614
2024-10-01T00:00:00,Middle_Agriculture_Soilwater,1.4023392756265156
2024-10-02T00:00:00,Middle_Agriculture_Soilwater,1.3910072321529625
2024-10-03T00:00:00,Middle_Agriculture_Soilwater,1.3997675910011362
2024-10-04T00:00:00,Middle_Agriculture_Soilwater,1.4956974791093176
2024-10-05T00:00:00,Middle_Agriculture_Soilwater,1.5027917963675443
2024-10-06T00:00:00,Middle_Agriculture_Soilwater,1.536205540161294
2024-10-07T00:00:00,Middle_Agriculture_Soilwater,1.60871470476573
2024-10-08T00:00:00,Middle_Agriculture_Soilwater,1.4615271780314512
2024-10-09T00:00:00,Middle_Agriculture_Soilwater,1.547420944529594
2024-10-10T00:00:00,Middle_Agriculture_Soilwater,1.274769205489552
2024-10-11T00:00:00,Middle_Agriculture_Soilwater,1.2992061363497036
2024-10-12T00:00:00,Middle_Agriculture_Soilwater,1.3753476351240943
2024-10-13T00:00:00,Middle_Agriculture_Soilwater,1.5221293384701808
2024-10-14T00:00:00,Middle_Agriculture_Soilwater,1.2565115540713008
2024-10-15T00:00:00,Middle_Agriculture_Soilwater,1.3311270045774777
2024-10-16T00:00:00,Middle_Agriculture_Soilwater,1.4175105752958994
2024-10-17T00:00:00,Middle_Agriculture_Soilwater,1.4766648054983154
2024-10-18T00:00:00,Middle_Agriculture_Soilwater,1.566762569445447
2024-10-19T00:00:00,Middle_Agriculture_Soilwater,1.3164407546988635
2024-10-20T00:00:00,Middle_Agriculture_Soilwater,1.2857984451814224
2024-10-21T00:00:00,Middle_Agriculture_Soilwater,1.3757928444483614
2024-10-22T00:00:00,Middle_Agriculture_Soilwater,1.211824288900473
2024-10-23T00:00:00,Middle_Agriculture_Soilwater,1.1881766306535149
2024-10-24T00:00:00,Middle_Agriculture_Soilwater,1.4589651031169795
2024-10-25T00:00:00,Middle_Agriculture_Soilwater,1.470033562510777
2024-10-26T00:00:00,Middle_Agriculture_Soilwater,1.5736363798480053
2024-10-27T00:00:00,Middle_Agriculture_Soilwater,1.5766206037710688
2024-10-28T00:00:00,Middle_Agriculture_Soilwater,1.5186021402363794
2024-10-29T00:00:00,Middle_Agriculture_Soilwater,1.5527042361446386
2024-10-30T00:00:00,Middle_Agriculture_Soilwater,1.310345890974348
2024-10-31T00:00:00,Middle_Agriculture_Soilwater,1.2526534506126517
2024-11-01T00:00:00,Middle_Agriculture_Soilwater,1.2807610415671031
2024-11-02T00:00:00,Middle_Agriculture_Soilwater,1.479694798116735
2024-11-03T00:00:00,Middle_Agriculture_Soilwater,1.536157183591219
2024-11-04T00:00:00,Middle_Agriculture_Soilwater,1.4990410842633277
2024-11-05T00:00:00,Middle_Agriculture_Soilwater,1.4735147686268129
2024-11-06T00:00:00,Middle_Agriculture_Soilwater,1.4964078149918352
2024-11-07T00:00:00,Middle_Agriculture_Soilwater,1.5183101242411066
2024-11-08T00:00:00,Middle_Agriculture_Soilwater,1.2963006745465713
2024-11-09T00:00:00,Middle_Agriculture_Soilwater,1.3377378724561075
2024-11-10T00:00:00,Middle_Agriculture_Soilwater,1.291450461686873
2024-11-11T00:00:00,Middle_Agriculture_Soilwater,1.2742419183261875
2024-11-12T00:00:00,Middle_Agriculture_Soilwater,1.2491692832055603
2024-11-13T00:00:00,Middle_Agriculture_Soilwater,1.2477689300596813
2024-11-14T00:00:00,Middle_Agriculture_Soilwater,1.1389708601015516
2024-11-15T00:00:00,Middle_Agriculture_Soilwater,1.2877404696273724
2024-11-16T00:00:00,Middle_Agriculture_Soilwater,1.3094778375648044
2024-11-17T00:00:00,Middle_Agriculture_Soilwater,1.399861112191139
2024-11-18T00:00:00,Middle_Agriculture_Soilwater,1.4032083497382835
2024-11-19T00:00:00,Middle_Agriculture_Soilwater,1.3417991346637297
2024-11-20T00:00:00,Middle_Agriculture_Soilwater,1.305042762513498
2024-11-21T00:00:00,Middle_Agriculture_Soilwater,1.331257626796124
2024-11-22T00:00:00,Middle_Agriculture_Soilwater,1.2864941335169477
2024-11-23T00:00:00,Middle_Agriculture_Soilwater,1.0948979171008257
2024-11-24T00:00:00,Middle_Agriculture_Soilwater,1.1137955638433457
2024-11-25T00:00:00,Middle_Agriculture_Soilwater,1.1702692791183247
2024-11-26T00:00:00,Middle_Agriculture_Soilwater,1.2767150489012231
2024-11-27T00:00:00,Middle_Agriculture_Soilwater,1.3120605113123527
2024-11-28T00:00:00,Middle_Agriculture_Soilwater,1.3213324572490208
2024-11-29T00:00:00,Middle_Agriculture_Soilwater,1.210334277041517
2024-11-30T00:00:00,Middle_Agriculture_Soilwater,1.1704115139078237
2024-12-01T00:00:00,Middle_Agriculture_Soilwater,1.2214182877185953
2024-12-02T00:00:00,Middle_Agriculture_Soilwater,1.1398741908240644
2024-12-03T00:00:00,Middle_Agriculture_Soilwater,1.0396779500305764
2024-12-04T00:00:00,Middle_Agriculture_Soilwater,1.0905583215082006
2024-12-05T00:00:00,Middle_Agriculture_Soilwater,1.2541388502303195
2024-12-06T00:00:00,Middle_Agriculture_Soilwater,1.3216616947214597
2024-12-07T00:00:00,Middle_Agriculture_Soilwater,1.318979621297572
2024-12-08T00:00:00,Middle_Agriculture_Soilwater,1.315853828113437
2024-12-09T00:00:00,Middle_Agriculture_Soilwater,1.2935849928575915
2024-12-10T00:00:00,Middle_Agriculture_Soilwater,1.1839374594650374
2024-12-11T00:00:00,Middle_Agriculture_Soilwater,1.3547775566821953
2024-12-12T00:00:00,Middle_Agriculture_Soilwater,1.2631673523964029
2024-12-13T00:00:00,Middle_Agriculture_Soilwater,1.1538885644963859
2024-12-14T00:00:00,Middle_Agriculture_Soilwater,1.150191789025926
2024-12-15T00:00:00,Middle_Agriculture_Soilwater,1.2260083921647469
2024-12-16T00:00:00,Middle_Agriculture_Soilwater,1.1936194813307515
2024-12-17T00:00:00,Middle_Agriculture_Soilwater,1.1208505819597432
2024-12-18T00:00:00,Middle_Agriculture_Soilwater,0.9081821300127598
2024-12-19T00:00:00,Middle_Agriculture_Soilwater,0.9469996624050802
2024-12-20T00:00:00,Middle_Agriculture_Soilwater,0.857018132126026
2024-12-21T00:00:00,Middle_Agriculture_Soilwater,0.9146546800789446
2024-12-22T00:00:00,Middle_Agriculture_Soilwater,0.9779247790877194
2024-12-23T00:00:00,Middle_Agriculture_Soilwater,0.9790470244297926
2024-12-24T00:00:00,Middle_Agriculture_Soilwater,0.8808951019099746
2024-12-25T00:00:00,Middle_Agriculture_Soilwater,0.7638030551937861
2024-12-26T00:00:00,Middle_Agriculture_Soilwater,0.5656746685319156
2024-12-27T00:00:00,Middle_Agriculture_Soilwater,0.5104643111137629
2024-12-28T00:00:00,Middle_Agriculture_Soilwater,0.673702595696432
2024-12-29T00:00:00,Middle_Agriculture_Soilwater,0.7367811272433119
2024-12-30T00:00:00,Middle_Agriculture_Soilwater,0.6870403370806364
2024-12-31T00:00:00,Middle_Agriculture_Soilwater,0.7558769053250898
2025-01-01T00:00:00,Middle_Agriculture_Soilwater,0.4808112004059987
2025-01-02T00:00:00,Middle_Agriculture_Soilwater,0.5559981530521919
2025-01-03T00:00:00,Middle_Agriculture_Soilwater,0.6308990185644949
2025-01-04T00:00:00,Middle_Agriculture_Soilwater,0.7928009798922303
2025-01-05T00:00:00,Middle_Agriculture_Soilwater,0.9120282255464218
2025-01-06T00:00:00,Middle_Agriculture_Soilwater,0.8618636165337811
2025-01-07T00:00:00,Middle_Agriculture_Soilwater,1.1237529496130074
2025-01-08T00:00:00,Middle_Agriculture_Soilwater,1.192644231378093
2025-01-09T00:00:00,Middle_Agriculture_Soilwater,1.0608832270371433
2025-01-10T00:00:00,Middle_Agriculture_Soilwater,0.8545330880261173
2025-01-11T00:00:00,Middle_Agriculture_Soilwater,0.5987878305561724
2025-01-12T00:00:00,Middle_Agriculture_Soilwater,0.6366581616692754
2025-01-13T00:00:00,Middle_Agriculture_Soilwater,0.6867435890438527
2025-01-14T00:00:00,Middle_Agriculture_Soilwater,0.8113799837966038
2025-01-15T00:00:00,Middle_Agriculture_Soilwater,0.716997184066914
2025-01-16T00:00:00,Middle_Agriculture_Soilwater,0.47964386960658545
2025-01-17T00:00:00,Middle_Agriculture_Soilwater,0.6504669216757457
2025-01-18T00:00:00,Middle_Agriculture_Soilwater,0.4076523749705232
2025-01-19T00:00:00,Middle_Agriculture_Soilwater,0.35862154863688894
2025-01-20T00:00:00,Middle_Agriculture_Soilwater,0.28394327384018353
2025-01-21T00:00:00,Middle_Agriculture_Soilwater,0.3100370521409706
2025-01-22T00:00:00,Middle_Agriculture_Soilwater,0.762347372171061
2025-01-23T00:00:00,Middle_Agriculture_Soilwater,1.08233400366636
2025-01-24T00:00:00,Middle_Agriculture_Soilwater,1.0062538212978986
2025-01-25T00:00:00,Middle_Agriculture_Soilwater,0.7522321565832767
2025-01-26T00:00:00,Middle_Agriculture_Soilwater,0.9895825145958084
2025-01-27T00:00:00,Middle_Agriculture_Soilwater,1.0606065787168955
2025-01-28T00:00:00,Middle_Agriculture_Soilwater,0.9625972309580726
2025-01-29T00:00:00,Middle_Agriculture_Soilwater,0.9019375160973976
2025-01-30T00:00:00,Middle_Agriculture_Soilwater,0.7562956186791978
2025-01-31T00:00:00,Middle_Agriculture_Soilwater,0.7006814770889193
2025-02-01T00:00:00,Middle_Agriculture_Soilwater,0.7684164494845742
2025-02-02T00:00:00,Middle_Agriculture_Soilwater,0.6791394471839838
2025-02-03T00:00:00,Middle_Agriculture_Soilwater,0.6301621301056198
2025-02-04T00:00:00,Middle_Agriculture_Soilwater,0.6744447162370517
2025-02-05T00:00:00,Middle_Agriculture_Soilwater,0.5926841102354943
2025-02-06T00:00:00,Middle_Agriculture_Soilwater,0.563218708523436
2025-02-07T00:00:00,Middle_Agriculture_Soilwater,0.5603186542270465
2025-02-08T00:00:00,Middle_Agriculture_Soilwater,0.7130221097736135
2025-02-09T00:00:00,Middle_Agriculture_Soilwater,0.6225485169095326
2025-02-10T00:00:00,Middle_Agriculture_Soilwater,0.5787879975883733
2025-02-11T00:00:00,Middle_Agriculture_Soilwater,0.35363786678822295
2025-02-12T00:00:00,Middle_Agriculture_Soilwater,0.7053429963188219
2025-02-13T00:00:00,Middle_Agriculture_Soilwater,0.6316223614374732
2025-02-14T00:00:00,Middle_Agriculture_Soilwater,0.4441684304525182
2025-02-15T00:00:00,Middle_Agriculture_Soilwater,0.7300392732532979
2025-02-16T00:00:00,Middle_Agriculture_Soilwater,0.960232461915905
2025-02-17T00:00:00,Middle_Agriculture_Soilwater,0.6200890725934728
2025-02-18T00:00:00,Middle_Agriculture_Soilwater,0.6291651234286342
2025-02-19T00:00:00,Middle_Agriculture_Soilwater,0.723934801865553
2025-02-20T00:00:00,Middle_Agriculture_Soilwater,0.330435725382251
2025-02-21T00:00:00,Middle_Agriculture_Soilwater,0.504568672205757
2025-02-22T00:00:00,Middle_Agriculture_Soilwater,0.3323483591580772
2025-02-23T00:00:00,Middle_Agriculture_Soilwater,0.32594889216177125
2025-02-24T00:00:00,Middle_Agriculture_Soilwater,0.25406906219171693
2025-02-25T00:00:00,Middle_Agriculture_Soilwater,0.21823113680758785
2025-02-26T00:00:00,Middle_Agriculture_Soilwater,0.2333107437271164
2025-02-27T00:00:00,Middle_Agriculture_Soilwater,0.759712212921868
2025-02-28T00:00:00,Middle_Agriculture_Soilwater,0.6937945067680971
2025-03-01T00:00:00,Middle_Agriculture_Soilwater,0.25554180064814247
2025-03-02T00:00:00,Middle_Agriculture_Soilwater,0.10232791641001095
2025-03-03T00:00:00,Middle_Agriculture_Soilwater,0.6148487161798971
2025-03-04T00:00:00,Middle_Agriculture_Soilwater,0.40966142294071434
2025-03-05T00:00:00,Middle_Agriculture_Soilwater,0.7253793707993865
2025-03-06T00:00:00,Middle_Agriculture_Soilwater,0.4030531632934844
2025-03-07T00:00:00,Middle_Agriculture_Soilwater,0.4993916587232573
2025-03-08T00:00:00,Middle_Agriculture_Soilwater,0.34585312454162287
2025-03-09T00:00:00,Middle_Agriculture_Soilwater,0.0
2025-03-10T00:00:00,Middle_Agriculture_Soilwater,0.0
2025-03-11T00:00:00,Middle_Agriculture_Soilwater,0.0
2025-03-12T00:00:00,Middle_Agriculture_Soilwater,0.3868426806977334
2025-03-13T00:00:00,Middle_Agriculture_Soilwater,0.7149367925913526
2025-03-14T00:00:00,Middle_Agriculture_Soilwater,0.8487110387046034
2025-03-15T00:00:00,Middle_Agriculture_Soilwater,0.3718638630182733
2025-03-16T00:00:00,Middle_Agriculture_Soilwater,0.3723155313142362
2025-03-17T00:00:00,Middle_Agriculture_Soilwater,0.6337804823109743
2025-03-18T00:00:00,Middle_Agriculture_Soilwater,0.7681078594433695
2025-03-19T00:00:00,Middle_Agriculture_Soilwater,0.6782399962930629
2025-03-20T00:00:00,Middle_Agriculture_Soilwater,0.39483805660224824
2025-03-21T00:00:00,Middle_Agriculture_Soilwater,0.6488563043156538
2025-03-22T00:00:00,Middle_Agriculture_Soilwater,0.5891775311118747
2025-03-23T00:00:00,Middle_Agriculture_Soilwater,0.708835874091958
2025-03-24T00:00:00,Middle_Agriculture_Soilwater,0.7683689734733689
2025-03-25T00:00:00,Middle_Agriculture_Soilwater,0.6416173030676827
2025-03-26T00:00:00,Middle_Agriculture_Soilwater,0.7465255969447061
2025-03-27T00:00:00,Middle_Agriculture_Soilwater,0.7996449547822368
2025-03-28T00:00:00,Middle_Agriculture_Soilwater,0.5013208528658355
2025-03-29T00:00:00,Middle_Agriculture_Soilwater,0.4806923918367754
2025-03-30T00:00:00,Middle_Agriculture_Soilwater,0.7158841103290657
2025-03-31T00:00:00,Middle_Agriculture_Soilwater,0.6040423327587825
2025-04-01T00:00:00,Middle_Agriculture_Soilwater,0.4841599562722447
2025-04-02T00:00:00,Middle_Agriculture_Soilwater,0.5760480575212742
2025-04-03T00:00:00,Middle_Agriculture_Soilwater,0.5084649186521221
2025-04-04T00:00:00,Middle_Agriculture_Soilwater,0.5927365703503865
2025-04-05T00:00:00,Middle_Agriculture_Soilwater,0.6085584245747735
2025-04-06T00:00:00,Middle_Agriculture_Soilwater,0.6781080588663675
2025-04-07T00:00:00,Middle_Agriculture_Soilwater,0.4882022733967974
2025-04-08T00:00:00,Middle_Agriculture_Soilwater,0.5961082827886892
2025-04-09T00:00:00,Middle_Agriculture_Soilwater,0.7961529832179918
2025-04-10T00:00:00,Middle_Agriculture_Soilwater,0.7814552235799346
2025-04-11T00:00:00,Middle_Agriculture_Soilwater,0.7457665212871757
2025-04-12T00:00:00,Middle_Agriculture_Soilwater,0.22377179106181103
2025-04-13T00:00:00,Middle_Agriculture_Soilwater,0.023266587786800512
2025-04-14T00:00:00,Middle_Agriculture_Soilwater,0.0
2025-04-15T00:00:00,Middle_Agriculture_Soilwater,0.0
2025-04-16T00:00:00,Middle_Agriculture_Soilwater,0.0
2025-04-17T00:00:00,Middle_Agriculture_Soilwater,0.0
2025-04-18T00:00:00,Middle_Agriculture_Soilwater,0.0
2025-04-19T00:00:00,Middle_Agriculture_Soilwater,0.0
2025-04-20T00:00:00,Middle_Agriculture_Soilwater,0.0
2025-04-21T00:00:00,Middle_Agriculture_Soilwater,0.007854545454545463
2025-04-22T00:00:00,Middle_Agriculture_Soilwater,0.09425454545454548
2025-04-23T00:00:00,Middle_Agriculture_Soilwater,0.0549818181818182
2025-04-24T00:00:00,Middle_Agriculture_Soilwater,0.0
2025-04-25T00:00:00,Middle_Agriculture_Soilwater,0.0
2025-04-26T00:00:00,Middle_Agriculture_Soilwater,0.0
2025-04-27T00:00:00,Middle_Agriculture_Soilwater,0.0
2025-04-28T00:00:00,Middle_Agriculture_Soilwater,0.03141818181818182
2025-04-29T00:00:00,Middle_Agriculture_Soilwater,0.21207272727272733
2025-04-30T00:00:00,Middle_Agriculture_Soilwater,0.2670545454545455
2025-05-01T00:00:00,Middle_Agriculture_Soilwater,0.09425454545454548
2025-05-02T00:00:00,Middle_Agriculture_Soilwater,0.0706909090909091
2025-05-03T00:00:00,Middle_Agriculture_Soilwater,0.007854545454545463
2025-05-04T00:00:00,Middle_Agriculture_Soilwater,0.2906181818181819
2025-05-05T00:00:00,Middle_Agriculture_Soilwater,0.4555636363636364
2025-05-06T00:00:00,Middle_Agriculture_Soilwater,0.47127272727272734
2025-05-07T00:00:00,Middle_Agriculture_Soilwater,0.3613090909090909
2025-05-08T00:00:00,Middle_Agriculture_Soilwater,0.3456000000000001
2025-05-09T00:00:00,Middle_Agriculture_Soilwater,0.3534545454545455
2025-05-10T00:00:00,Middle_Agriculture_Soilwater,0.4634181818181819
2025-05-11T00:00:00,Middle_Agriculture_Soilwater,0.5498181818181819
2025-05-12T00:00:00,Middle_Agriculture_Soilwater,0.534109090909091
2025-05-13T00:00:00,Middle_Agriculture_Soilwater,0.5498181818181819
2025-05-14T00:00:00,Middle_Agriculture_Soilwater,0.41629090909090916
2025-05-15T00:00:00,Middle_Agriculture_Soilwater,0.4084363636363637
2025-05-16T00:00:00,Middle_Agriculture_Soilwater,0.42414545454545466
2025-05-17T00:00:00,Middle_Agriculture_Soilwater,0.4634181818181819
2025-05-18T00:00:00,Middle_Agriculture_Soilwater,0.4948363636363637
2025-05-19T00:00:00,Middle_Agriculture_Soilwater,0.6283636363636365
2025-05-20T00:00:00,Middle_Agriculture_Soilwater,0.5812363636363638
2025-05-21T00:00:00,Middle_Agriculture_Soilwater,0.3534545454545455
2025-05-22T00:00:00,Middle_Agriculture_Soilwater,0.17280000000000004
2025-05-23T00:00:00,Middle_Agriculture_Soilwater,0.2670545454545455
2025-05-24T00:00:00,Middle_Agriculture_Soilwater,0.43200000000000005
2025-05-25T00:00:00,Middle_Agriculture_Soilwater,0.5890909090909092
2025-05-26T00:00:00,Middle_Agriculture_Soilwater,0.7697454545454547
2025-05-27T00:00:00,Middle_Agriculture_Soilwater,0.8561454545454547
2025-05-28T00:00:00,Middle_Agriculture_Soilwater,0.5655272727272729
2025-05-29T00:00:00,Middle_Agriculture_Soilwater,0.4634181818181819
2025-05-30T00:00:00,Middle_Agriculture_Soilwater,0.4948363636363637
2025-05-31T00:00:00,Middle_Agriculture_Soilwater,0.5026909090909092
2025-06-01T00:00:00,Middle_Agriculture_Soilwater,0.4555636363636364
2025-06-02T00:00:00,Middle_Agriculture_Soilwater,0.4634181818181819
2025-06-03T00:00:00,Middle_Agriculture_Soilwater,0.4948363636363637
2025-06-04T00:00:00,Middle_Agriculture_Soilwater,0.5969454545454546
2025-06-05T00:00:00,Middle_Agriculture_Soilwater,0.5262545454545455
2025-06-06T00:00:00,Middle_Agriculture_Soilwater,0.5655272727272729
2025-06-07T00:00:00,Middle_Agriculture_Soilwater,0.8718545454545455
2025-06-08T00:00:00,Middle_Agriculture_Soilwater,0.8168727272727274
2025-06-09T00:00:00,Middle_Agriculture_Soilwater,1.0446545454545457
2025-06-10T00:00:00,Middle_Agriculture_Soilwater,0.8561454545454547
2025-06-11T00:00:00,Middle_Agriculture_Soilwater,0.6990545454545456
2025-06-12T00:00:00,Middle_Agriculture_Soilwater,0.8482909090909093
2025-06-13T00:00:00,Middle_Agriculture_Soilwater,0.7854545454545456
2025-06-14T00:00:00,Middle_Agriculture_Soilwater,0.8168727272727274
2025-06-15T00:00:00,Middle_Agriculture_Soilwater,0.5184000000000001
2025-06-16T00:00:00,Middle_Agriculture_Soilwater,0.2670545454545455
2025-06-17T00:00:00,Middle_Agriculture_Soilwater,0.3927272727272728
2025-06-18T00:00:00,Middle_Agriculture_Soilwater,0.21992727272727275
2025-06-19T00:00:00,Middle_Agriculture_Soilwater,0.14923636363636364
2025-06-20T00:00:00,Middle_Agriculture_Soilwater,0.5184000000000001
2025-06-21T00:00:00,Middle_Agriculture_Soilwater,0.9975272727272728
2025-06-22T00:00:00,Middle_Agriculture_Soilwater,0.7776000000000002
2025-06-23T00:00:00,Middle_Agriculture_Soilwater,0.7304727272727274
2025-06-24T00:00:00,Middle_Agriculture_Soilwater,0.5262545454545455
2025-06-25T00:00:00,Middle_Agriculture_Soilwater,0.5733818181818182
2025-06-26T00:00:00,Middle_Agriculture_Soilwater,0.6048000000000001
2025-06-27T00:00:00,Middle_Agriculture_Soilwater,0.7383272727272728
2025-06-28T00:00:00,Middle_Agriculture_Soilwater,0.7461818181818183
2025-06-29T00:00:00,Middle_Agriculture_Soilwater,0.809018181818182
2025-06-30T00:00:00,Middle_Agriculture_Soilwater,0.809018181818182
2025-07-01T00:00:00,Middle_Agriculture_Soilwater,0.5419636363636364
2025-07-02T00:00:00,Middle_Agriculture_Soilwater,0.3691636363636364
2025-07-03T00:00:00,Middle_Agriculture_Soilwater,0.5105454545454546
2025-07-04T00:00:00,Middle_Agriculture_Soilwater,0.4398545454545455
2025-07-05T00:00:00,Middle_Agriculture_Soilwater,0.5105454545454546
2025-07-06T00:00:00,Middle_Agriculture_Soilwater,0.6754909090909091
2025-07-07T00:00:00,Middle_Agriculture_Soilwater,0.8718545454545455
2025-07-08T00:00:00,Middle_Agriculture_Soilwater,0.7618909090909092
2025-07-09T00:00:00,Middle_Agriculture_Soilwater,0.6362181818181819
2025-07-10T00:00:00,Middle_Agriculture_Soilwater,0.534109090909091
2025-07-11T00:00:00,Middle_Agriculture_Soilwater,0.6048000000000001
2025-07-12T00:00:00,Middle_Agriculture_Soilwater,0.8561454545454547
2025-07-13T00:00:00,Middle_Agriculture_Soilwater,0.8875636363636366
2025-07-14T00:00:00,Middle_Agriculture_Soilwater,1.0053818181818184
2025-07-15T00:00:00,Middle_Agriculture_Soilwater,0.879709090909091
2025-07-16T00:00:00,Middle_Agriculture_Soilwater,0.8404363636363638
2025-07-17T00:00:00,Middle_Agriculture_Soilwater,0.809018181818182
2025-07-18T00:00:00,Middle_Agriculture_Soilwater,1.068218181818182
2025-07-19T00:00:00,Middle_Agriculture_Soilwater,0.9268363636363638
2025-07-20T00:00:00,Middle_Agriculture_Soilwater,0.9189818181818182
2025-07-21T00:00:00,Middle_Agriculture_Soilwater,1.1232000000000002
2025-07-22T00:00:00,Middle_Agriculture_Soilwater,1.2017454545454547
2025-07-23T00:00:00,Middle_Agriculture_Soilwater,1.0996363636363637
2025-07-24T00:00:00,Middle_Agriculture_Soilwater,1.712629644915328
2025-07-25T00:00:00,Middle_Agriculture_Soilwater,0.7843652905597678
2025-07-26T00:00:00,Middle_Agriculture_Soilwater,0.9165247455554321
2025-07-27T00:00:00,Middle_Agriculture_Soilwater,1.1259264648141134
2025-07-28T00:00:00,Middle_Agriculture_Soilwater,1.3100474842438758
2025-07-29T00:00:00,Middle_Agriculture_Soilwater,1.468757613894806
2025-07-30T00:00:00,Middle_Agriculture_Soilwater,0.9829281074207645
2025-07-31T00:00:00,Middle_Agriculture_Soilwater,0.7742698131235424
2025-08-01T00:00:00,Middle_Agriculture_Soilwater,0.5888771658404678
2025-08-02T00:00:00,Middle_Agriculture_Soilwater,0.7135821360109248
2025-08-03T00:00:00,Middle_Agriculture_Soilwater,0.7448323390887974
2025-08-04T00:00:00,Middle_Agriculture_Soilwater,0.6671959200914971
2025-08-05T00:00:00,Middle_Agriculture_Soilwater,0.7059465463893422
2025-08-06T00:00:00,Middle_Agriculture_Soilwater,0.7059853402629751
2025-08-07T00:00:00,Middle_Agriculture_Soilwater,0.7613767862735875
2025-08-08T00:00:00,Middle_Agriculture_Soilwater,0.7554507733542326
2025-08-09T00:00:00,Middle_Agriculture_Soilwater,0.9370784165417568
2025-08-10T00:00:00,Middle_Agriculture_Soilwater,0.8450768082262708
2025-08-11T00:00:00,Middle_Agriculture_Soilwater,0.9963059391550927
2025-08-12T00:00:00,Middle_Agriculture_Soilwater,1.087208494447963
2025-08-13T00:00:00,Middle_Agriculture_Soilwater,1.3949208411329408
2025-08-14T00:00:00,Middle_Agriculture_Soilwater,1.0425728092395792
2025-08-15T00:00:00,Middle_Agriculture_Soilwater,1.0671459186404229
2025-08-16T00:00:00,Middle_Agriculture_Soilwater,1.429502069741953
2025-08-17T00:00:00,Middle_Agriculture_Soilwater,1.5051731548051837
2025-08-18T00:00:00,Middle_Agriculture_Soilwater,1.5014884792122445
2025-08-19T00:00:00,Middle_Agriculture_Soilwater,1.3091017437342163
2025-08-20T00:00:00,Middle_Agriculture_Soilwater,1.6044141148785092
2025-08-21T00:00:00,Middle_Agriculture_Soilwater,1.9287308065691313
2025-08-22T00:00:00,Middle_Agriculture_Soilwater,1.8455950070892024
2025-08-23T00:00:00,Middle_Agriculture_Soilwater,1.9294574977791636
2025-08-24T00:00:00,Middle_Agriculture_Soilwater,1.9489354584908332
2025-08-25T00:00:00,Middle_Agriculture_Soilwater,1.818994321207668
2025-08-26T00:00:00,Middle_Agriculture_Soilwater,1.4172258645473106
2025-08-27T00:00:00,Middle_Agriculture_Soilwater,0.9640768514335964
2025-08-28T00:00:00,Middle_Agriculture_Soilwater,0.8937845131249533
2025-08-29T00:00:00,Middle_Agriculture_Soilwater,1.165328824679846
2025-08-30T00:00:00,Middle_Agriculture_Soilwater,1.134024612026684
2025-08-31T00:00:00,Middle_Agriculture_Soilwater,1.250972828550888
2025-09-01T00:00:00,Middle_Agriculture_Soilwater,1.3202947496757638
2025-09-02T00:00:00,Middle_Agriculture_Soilwater,1.3111238648022066
2025-09-03T00:00:00,Middle_Agriculture_Soilwater,1.255793385638103
2025-09-04T00:00:00,Middle_Agriculture_Soilwater,1.401689411454315
2025-09-05T00:00:00,Middle_Agriculture_Soilwater,1.56921620957973
2025-09-06T00:00:00,Middle_Agriculture_Soilwater,1.4647979552063652
2025-09-07T00:00:00,Middle_Agriculture_Soilwater,1.4610028564881383
2025-09-08T00:00:00,Middle_Agriculture_Soilwater,1.6255685523155075
2025-09-09T00:00:00,Middle_Agriculture_Soilwater,1.803063863034551
2025-09-10T00:00:00,Middle_Agriculture_Soilwater,1.7114153315667873
2025-09-11T00:00:00,Middle_Agriculture_Soilwater,1.6131639053746127
2025-09-12T00:00:00,Middle_Agriculture_Soilwater,1.5407510635860964
2025-09-13T00:00:00,Middle_Agriculture_Soilwater,1.3255649937643705
2025-09-14T00:00:00,Middle_Agriculture_Soilwater,1.2398505026297726
2025-09-15T00:00:00,Middle_Agriculture_Soilwater,1.446994847686237
2025-09-16T00:00:00,Middle_Agriculture_Soilwater,1.3377630343751992
2025-09-17T00:00:00,Middle_Agriculture_Soilwater,1.140025396708489
2025-09-18T00:00:00,Middle_Agriculture_Soilwater,1.4424397924898944
2025-09-19T00:00:00,Middle_Agriculture_Soilwater,1.173617952424651
2025-09-20T00:00:00,Middle_Agriculture_Soilwater,1.0765754034469963
2025-09-21T00:00:00,Middle_Agriculture_Soilwater,1.009276749184865
2025-09-22T00:00:00,Middle_Agriculture_Soilwater,1.0610778405463317
2025-09-23T00:00:00,Middle_Agriculture_Soilwater,1.0013744875234636
2025-09-24T00:00:00,Middle_Agriculture_Soilwater,1.3048801000854702
2025-09-25T00:00:00,Middle_Agriculture_Soilwater,1.1988608766315276
2025-09-26T00:00:00,Middle_Agriculture_Soilwater,1.2041447359146626
2025-09-27T00:00:00,Middle_Agriculture_Soilwater,1.1964930123496247
2025-09-28T00:00:00,Middle_Agriculture_Soilwater,1.2435414762309303
2025-09-29T00:00:00,Middle_Agriculture_Soilwater,1.3490411627500336
2025-09-30T00:00:00,Middle_Agriculture_Soilwater,1.2977211495042462
2025-10-01T00:00:00,Middle_Agriculture_Soilwater,1.2978477491306457
2025-10-02T00:00:00,Middle_Agriculture_Soilwater,1.3937423148708945
2025-10-03T00:00:00,Middle_Agriculture_Soilwater,1.430305594882309
2025-10-04T00:00:00,Middle_Agriculture_Soilwater,1.62886935949046
2025-10-05T00:00:00,Middle_Agriculture_Soilwater,1.714189004248149
2025-10-06T00:00:00,Middle_Agriculture_Soilwater,1.7316120406074493
2025-10-07T00:00:00,Middle_Agriculture_Soilwater,1.917163024182924
2025-10-08T00:00:00,Middle_Agriculture_Soilwater,1.9458596268743191
2025-10-09T00:00:00,Middle_Agriculture_Soilwater,1.9443793183198061
2025-10-10T00:00:00,Middle_Agriculture_Soilwater,1.8336467714256646
2025-10-11T00:00:00,Middle_Agriculture_Soilwater,1.5654793766756152
2025-10-12T00:00:00,Middle_Agriculture_Soilwater,1.516315302103697
2025-10-13T00:00:00,Middle_Agriculture_Soilwater,1.70370894235578
2025-10-14T00:00:00,Middle_Agriculture_Soilwater,1.631502686141437
2025-10-15T00:00:00,Middle_Agriculture_Soilwater,1.6310031858420684
2025-10-16T00:00:00,Middle_Agriculture_Soilwater,1.7007916576769404
2025-10-17T00:00:00,Middle_Agriculture_Soilwater,1.6919277462309952
2025-10-18T00:00:00,Middle_Agriculture_Soilwater,1.6759498625594076
2025-10-19T00:00:00,Middle_Agriculture_Soilwater,1.5493840141852186
2025-10-20T00:00:00,Middle_Agriculture_Soilwater,1.6527193001440827
2025-10-21T00:00:00,Middle_Agriculture_Soilwater,1.6268463971820162
2025-10-22T00:00:00,Middle_Agriculture_Soilwater,1.731293750843793
2025-10-23T00:00:00,Middle_Agriculture_Soilwater,1.813219045174517
2025-10-24T00:00:00,Middle_Agriculture_Soilwater,1.87971695425032
2025-10-25T00:00:00,Middle_Agriculture_Soilwater,1.9039126032504714
2025-10-26T00:00:00,Middle_Agriculture_Soilwater,1.8530500117974604
2025-10-27T00:00:00,Middle_Agriculture_Soilwater,1.749038557247908
2025-10-28T00:00:00,Middle_Agriculture_Soilwater,1.7864367768378808
2025-10-29T00:00:00,Middle_Agriculture_Soilwater,1.8360421352537912
2025-10-30T00:00:00,Middle_Agriculture_Soilwater,1.6630249677135711
2025-10-31T00:00:00,Middle_Agriculture_Soilwater,1.6623424191187144
2025-11-01T00:00:00,Middle_Agriculture_Soilwater,1.6738719204034618
2025-11-02T00:00:00,Middle_Agriculture_Soilwater,1.6628336683656564
2025-11-03T00:00:00,Middle_Agriculture_Soilwater,1.8029815226597814
2025-11-04T00:00:00,Middle_Agriculture_Soilwater,1.9871944497072458
2025-11-05T00:00:00,Middle_Agriculture_Soilwater,1.7261123576911828
2025-11-06T00:00:00,Middle_Agriculture_Soilwater,1.6595130855338134
2025-11-07T00:00:00,Middle_Agriculture_Soilwater,1.609951141981999
2025-11-08T00:00:00,Middle_Agriculture_Soilwater,1.6586708198889026
2025-11-09T00:00:00,Middle_Agriculture_Soilwater,1.6953001174877977
2025-11-10T00:00:00,Middle_Agriculture_Soilwater,1.60778608782695
2025-11-11T00:00:00,Middle_Agriculture_Soilwater,1.5230903746650812
2025-11-12T00:00:00,Middle_Agriculture_Soilwater,1.4425938270360834
2025-11-13T00:00:00,Middle_Agriculture_Soilwater,1.3964073761871933
2025-11-14T00:00:00,Middle_Agriculture_Soilwater,1.4176800734675523
2025-11-15T00:00:00,Middle_Agriculture_Soilwater,1.439815364216016
2025-11-16T00:00:00,Middle_Agriculture_Soilwater,1.4744285320685755
2025-11-17T00:00:00,Middle_Agriculture_Soilwater,1.368917975829894
2025-11-18T00:00:00,Middle_Agriculture_Soilwater,1.3827508423009054
2025-11-19T00:00:00,Middle_Agriculture_Soilwater,1.3119018247290235
2025-11-20T00:00:00,Middle_Agriculture_Soilwater,1.3266128573494176
2025-11-21T00:00:00,Middle_Agriculture_Soilwater,1.3543410077696996
2025-11-22T00:00:00,Middle_Agriculture_Soilwater,1.4097519817402957
2025-11-23T00:00:00,Middle_Agriculture_Soilwater,1.2628655443730015
2025-11-24T00:00:00,Middle_Agriculture_Soilwater,1.238604029773728
2025-11-25T00:00:00,Middle_Agriculture_Soilwater,1.228728422331254
2025-11-26T00:00:00,Middle_Agriculture_Soilwater,1.189501194631075
2025-11-27T00:00:00,Middle_Agriculture_Soilwater,1.4364238690813895
2025-11-28T00:00:00,Middle_Agriculture_Soilwater,1.3427970361420827
2025-11-29T00:00:00,Middle_Agriculture_Soilwater,1.3518672426722584
2025-11-30T00:00:00,Middle_Agriculture_Soilwater,1.1974751364783291
2025-12-01T00:00:00,Middle_Agriculture_Soilwater,1.249997833743188
2025-12-02T00:00:00,Middle_Agriculture_Soilwater,1.3017100956747736
2025-12-03T00:00:00,Middle_Agriculture_Soilwater,1.3821417455466807
2025-12-04T00:00:00,Middle_Agriculture_Soilwater,1.4319460846216083
2025-12-05T00:00:00,Middle_Agriculture_Soilwater,1.569229035700518
2025-12-06T00:00:00,Middle_Agriculture_Soilwater,1.462137660708631
2025-12-07T00:00:00,Middle_Agriculture_Soilwater,1.3630560655681128
2025-12-08T00:00:00,Middle_Agriculture_Soilwater,1.454645045662325
2025-12-09T00:00:00,Middle_Agriculture_Soilwater,1.4884908272975719
2025-12-10T00:00:00,Middle_Agriculture_Soilwater,1.3759017807568128
2025-12-11T00:00:00,Middle_Agriculture_Soilwater,1.3220473071280368
2025-12-12T00:00:00,Middle_Agriculture_Soilwater,1.2393203064176421
2025-12-13T00:00:00,Middle_Agriculture_Soilwater,1.294408720883675
2025-12-14T00:00:00,Middle_Agriculture_Soilwater,1.2621189653181892
2025-12-15T00:00:00,Middle_Agriculture_Soilwater,1.1363774029046738
2025-12-16T00:00:00,Middle_Agriculture_Soilwater,1.1837740254295561
2025-12-17T00:00:00,Middle_Agriculture_Soilwater,1.2233485778839757
2025-12-18T00:00:00,Middle_Agriculture_Soilwater,1.1410683644009045
2025-12-19T00:00:00,Middle_Agriculture_Soilwater,1.151894746498853
2025-12-20T00:00:00,Middle_Agriculture_Soilwater,1.1695358611035511
2025-12-21T00:00:00,Middle_Agriculture_Soilwater,1.151511811050525
2025-12-22T00:00:00,Middle_Agriculture_Soilwater,1.155021504038415
2025-12-23T00:00:00,Middle_Agriculture_Soilwater,0.9238672316479665
2025-12-24T00:00:00,Middle_Agriculture_Soilwater,0.5845192518760878
2025-12-25T00:00:00,Middle_Agriculture_Soilwater,0.6802161690795548
2025-12-26T00:00:00,Middle_Agriculture_Soilwater,0.8419523866351653
2025-12-27T00:00:00,Middle_Agriculture_Soilwater,1.0689392361492802
2025-12-28T00:00:00,Middle_Agriculture_Soilwater,1.2304879546405563
2025-12-29T00:00:00,Middle_Agriculture_Soilwater,1.3041320313595433
2025-12-30T00:00:00,Middle_Agriculture_Soilwater,1.1521681135229196
2025-12-31T00:00:00,Middle_Agriculture_Soilwater,0.7610348255662238
2026-01-01T00:00:00,Middle_Agriculture_Soilwater,0.7982286465397984
2026-01-02T00:00:00,Middle_Agriculture_Soilwater,1.1479400528094619
2026-01-03T00:00:00,Middle_Agriculture_Soilwater,1.1256308886541686
2026-01-04T00:00:00,Middle_Agriculture_Soilwater,1.1973613737005127
2026-01-05T00:00:00,Middle_Agriculture_Soilwater,1.2319987051470631
2026-01-06T00:00:00,Middle_Agriculture_Soilwater,0.9190079784069421
2026-01-07T00:00:00,Middle_Agriculture_Soilwater,0.9385185043791204
2026-01-08T00:00:00,Middle_Agriculture_Soilwater,1.13461622859401
2026-01-09T00:00:00,Middle_Agriculture_Soilwater,1.1330672535981556
2026-01-10T00:00:00,Middle_Agriculture_Soilwater,1.226470561019591
2026-01-11T00:00:00,Middle_Agriculture_Soilwater,1.0374955364803229
2026-01-12T00:00:00,Middle_Agriculture_Soilwater,0.9613329185530449
2026-01-13T00:00:00,Middle_Agriculture_Soilwater,0.9585703140127905
2026-01-14T00:00:00,Middle_Agriculture_Soilwater,0.9624780331390057
2026-01-15T00:00:00,Middle_Agriculture_Soilwater,0.829864613758996
2026-01-16T00:00:00,Middle_Agriculture_Soilwater,0.7264851450418149
2026-01-17T00:00:00,Middle_Agriculture_Soilwater,0.6906066776392514
2026-01-18T00:00:00,Middle_Agriculture_Soilwater,0.8779058534129621
2026-01-19T00:00:00,Middle_Agriculture_Soilwater,1.2810281592257633
2026-01-20T00:00:00,Middle_Agriculture_Soilwater,1.046564873078155
2026-01-21T00:00:00,Middle_Agriculture_Soilwater,0.8337780406562205
2026-01-22T00:00:00,Middle_Agriculture_Soilwater,0.6583548755243476
2026-01-23T00:00:00,Middle_Agriculture_Soilwater,0.6761829849928025
2026-01-24T00:00:00,Middle_Agriculture_Soilwater,0.9825214761615518
2026-01-25T00:00:00,Middle_Agriculture_Soilwater,1.094266081926815
2026-01-26T00:00:00,Middle_Agriculture_Soilwater,1.1897412898833426
2026-01-27T00:00:00,Middle_Agriculture_Soilwater,1.354907239081592
2026-01-28T00:00:00,Middle_Agriculture_Soilwater,1.4482769454417035
2026-01-29T00:00:00,Middle_Agriculture_Soilwater,0.9461659489355996
2026-01-30T00:00:00,Middle_Agriculture_Soilwater,0.523995875605167
2026-01-31T00:00:00,Middle_Agriculture_Soilwater,0.3523753129686524
2026-02-01T00:00:00,Middle_Agriculture_Soilwater,1.0462409052024497
2026-02-02T00:00:00,Middle_Agriculture_Soilwater,1.8030507519639083
2026-02-03T00:00:00,Middle_Agriculture_Soilwater,1.2984032380755632
2026-02-04T00:00:00,Middle_Agriculture_Soilwater,1.1702829780386257
2026-02-05T00:00:00,Middle_Agriculture_Soilwater,0.667407374484751
2026-02-06T00:00:00,Middle_Agriculture_Soilwater,0.43200000000000005
2026-02-07T00:00:00,Middle_Agriculture_Soilwater,0.47127272727272734
2026-02-08T00:00:00,Middle_Agriculture_Soilwater,0.6283636363636365
2026-02-09T00:00:00,Middle_Agriculture_Soilwater,0.8168727272727274
2026-02-10T00:00:00,Middle_Agriculture_Soilwater,0.9739636363636366
2026-02-11T00:00:00,Middle_Agriculture_Soilwater,0.9739636363636366
2026-02-12T00:00:00,Middle_Agriculture_Soilwater,0.8247272727272729
2026-02-13T00:00:00,Middle_Agriculture_Soilwater,0.8482909090909093
2026-02-14T00:00:00,Middle_Agriculture_Soilwater,0.8482909090909093
2026-02-15T00:00:00,Middle_Agriculture_Soilwater,0.8404363636363638
2026-02-16T00:00:00,Middle_Agriculture_Soilwater,0.809018181818182
2026-02-17T00:00:00,Middle_Agriculture_Soilwater,0.6990545454545456
2026-02-18T00:00:00,Middle_Agriculture_Soilwater,0.706909090909091
2026-02-19T00:00:00,Middle_Agriculture_Soilwater,0.5969454545454546
2026-02-20T00:00:00,Middle_Agriculture_Soilwater,0.6283636363636365
2026-02-21T00:00:00,Middle_Agriculture_Soilwater,0.5733818181818182
2026-02-22T00:00:00,Middle_Agriculture_Soilwater,0.4948363636363637
2026-02-23T00:00:00,Middle_Agriculture_Soilwater,0.6754909090909091
2026-02-24T00:00:00,Middle_Agriculture_Soilwater,0.8325818181818183
2026-02-25T00:00:00,Middle_Agriculture_Soilwater,0.5655272727272729
2026-02-26T00:00:00,Middle_Agriculture_Soilwater,0.28276363636363644
2026-02-27T00:00:00,Middle_Agriculture_Soilwater,0.43200000000000005
2026-02-28T00:00:00,Middle_Agriculture_Soilwater,0.47127272727272734
2026-03-01T00:00:00,Middle_Agriculture_Soilwater,0.3927272727272728
2026-03-02T00:00:00,Middle_Agriculture_Soilwater,0.3691636363636364
2026-03-03T00:00:00,Middle_Agriculture_Soilwater,0.3534545454545455
2026-03-04T00:00:00,Middle_Agriculture_Soilwater,0.447709090909091
2026-03-05T00:00:00,Middle_Agriculture_Soilwater,0.3691636363636364
2026-03-06T00:00:00,Middle_Agriculture_Soilwater,0.8998282998580722
2026-03-07T00:00:00,Middle_Agriculture_Soilwater,0.4239458515022391
2026-03-08T00:00:00,Middle_Agriculture_Soilwater,0.4239140097181376
2026-03-09T00:00:00,Middle_Agriculture_Soilwater,0.5419117264151404
2026-03-10T00:00:00,Middle_Agriculture_Soilwater,0.5732525155223775
2026-03-11T00:00:00,Middle_Agriculture_Soilwater,0.47097706481249246
2026-03-12T00:00:00,Middle_Agriculture_Soilwater,0.5810283518777941
2026-03-13T00:00:00,Middle_Agriculture_Soilwater,0.596563907799327
2026-03-14T00:00:00,Middle_Agriculture_Soilwater,0.5323445976940249
2026-03-15T00:00:00,Middle_Agriculture_Soilwater,0.7316759892354651
2026-03-16T00:00:00,Middle_Agriculture_Soilwater,0.6927277336466544
2026-03-17T00:00:00,Middle_Agriculture_Soilwater,1.033608237282226
2026-03-18T00:00:00,Middle_Agriculture_Soilwater,0.5434731952142704
2026-03-19T00:00:00,Middle_Agriculture_Soilwater,0.23563636363636367
2026-03-20T00:00:00,Middle_Agriculture_Soilwater,0.4005818181818182
2026-03-21T00:00:00,Middle_Agriculture_Soilwater,0.6519272727272729
2026-03-22T00:00:00,Middle_Agriculture_Soilwater,0.37701818181818186
2026-03-23T00:00:00,Middle_Agriculture_Soilwater,0.21992727272727275
2026-03-24T00:00:00,Middle_Agriculture_Soilwater,0.3534545454545455
2026-03-25T00:00:00,Middle_Agriculture_Soilwater,0.2277818181818182
2026-03-26T00:00:00,Middle_Agriculture_Soilwater,0.09425454545454548
2026-03-27T00:00:00,Middle_Agriculture_Soilwater,0.0
2026-03-28T00:00:00,Middle_Agriculture_Soilwater,0.0
2026-03-29T00:00:00,Middle_Agriculture_Soilwater,0.0
2026-03-30T00:00:00,Middle_Agriculture_Soilwater,0.0
2026-03-31T00:00:00,Middle_Agriculture_Soilwater,0.0
2026-04-01T00:00:00,Middle_Agriculture_Soilwater,0.2906181818181819
2026-04-02T00:00:00,Middle_Agriculture_Soilwater,0.5026909090909092
2026-04-03T00:00:00,Middle_Agriculture_Soilwater,0.7147636363636365
2026-04-04T00:00:00,Middle_Agriculture_Soilwater,0.7697454545454547
2026-04-05T00:00:00,Middle_Agriculture_Soilwater,0.5105454545454546
2026-04-06T00:00:00,Middle_Agriculture_Soilwater,0.3063272727272728
2026-04-07T00:00:00,Middle_Agriculture_Soilwater,0.023563636363636353
2026-04-08T00:00:00,Middle_Agriculture_Soilwater,0.13352727272727277
2026-04-09T00:00:00,Middle_Agriculture_Soilwater,0.3298909090909092
2026-04-10T00:00:00,Middle_Agriculture_Soilwater,0.5655272727272729
2026-04-11T00:00:00,Middle_Agriculture_Soilwater,0.2670545454545455
2026-04-12T00:00:00,Middle_Agriculture_Soilwater,0.1649454545454546
2026-04-13T00:00:00,Middle_Agriculture_Soilwater,0.15709090909090911
2026-04-14T00:00:00,Middle_Agriculture_Soilwater,0.11781818181818184
2026-04-15T00:00:00,Middle_Agriculture_Soilwater,0.5655272727272729
2026-04-16T00:00:00,Middle_Agriculture_Soilwater,0.5026909090909092
2026-04-17T00:00:00,Middle_Agriculture_Soilwater,0.4398545454545455
2026-04-18T00:00:00,Middle_Agriculture_Soilwater,0.6754909090909091
2026-04-19T00:00:00,Middle_Agriculture_Soilwater,0.5262545454545455
2026-04-20T00:00:00,Middle_Agriculture_Soilwater,0.5184000000000001
2026-04-21T00:00:00,Middle_Agriculture_Soilwater,0.28276363636363644
2026-04-22T00:00:00,Middle_Agriculture_Soilwater,0.3063272727272728
2026-04-23T00:00:00,Middle_Agriculture_Soilwater,0.3220363636363637
2026-04-24T00:00:00,Middle_Agriculture_Soilwater,0.21992727272727275
2026-04-25T00:00:00,Middle_Agriculture_Soilwater,0.0
2026-04-26T00:00:00,Middle_Agriculture_Soilwater,0.13352727272727277
2026-04-27T00:00:00,Middle_Agriculture_Soilwater,0.20421818181818185
2026-04-28T00:00:00,Middle_Agriculture_Soilwater,0.25920000000000004
2026-04-29T00:00:00,Middle_Agriculture_Soilwater,0.3063272727272728
2026-04-30T00:00:00,Middle_Agriculture_Soilwater,0.42414545454545466
2026-05-01T00:00:00,Middle_Agriculture_Soilwater,0.43200000000000005
2026-05-02T00:00:00,Middle_Agriculture_Soilwater,0.3613090909090909
2026-05-03T00:00:00,Middle_Agriculture_Soilwater,0.3534545454545455
2026-05-04T00:00:00,Middle_Agriculture_Soilwater,0.2670545454545455
2026-05-05T00:00:00,Middle_Agriculture_Soilwater,0.0
2026-05-06T00:00:00,Middle_Agriculture_Soilwater,0.0
2026-05-07T00:00:00,Middle_Agriculture_Soilwater,0.1256727272727273
2026-05-08T00:00:00,Middle_Agriculture_Soilwater,0.0
2026-05-09T00:00:00,Middle_Agriculture_Soilwater,0.2906181818181819
2026-05-10T00:00:00,Middle_Agriculture_Soilwater,0.3063272727272728
2026-05-11T00:00:00,Middle_Agriculture_Soilwater,0.17280000000000004
2026-05-12T00:00:00,Middle_Agriculture_Soilwater,0.6048000000000001
2026-05-13T00:00:00,Middle_Agriculture_Soilwater,0.4084363636363637
2026-05-14T00:00:00,Middle_Agriculture_Soilwater,0.4634181818181819
2026-05-15T00:00:00,Middle_Agriculture_Soilwater,0.4791272727272728
2026-05-16T00:00:00,Middle_Agriculture_Soilwater,0.3534545454545455
2026-05-17T00:00:00,Middle_Agriculture_Soilwater,0.4398545454545455
2026-05-18T00:00:00,Middle_Agriculture_Soilwater,0.28276363636363644
2026-05-19T00:00:00,Middle_Agriculture_Soilwater,0.25920000000000004
2026-05-20T00:00:00,Middle_Agriculture_Soilwater,0.3691636363636364
2026-05-21T00:00:00,Middle_Agriculture_Soilwater,0.6676363636363637
2026-05-22T00:00:00,Middle_Agriculture_Soilwater,0.7776000000000002
2026-05-23T00:00:00,Middle_Agriculture_Soilwater,0.6440727272727274
2026-05-24T00:00:00,Middle_Agriculture_Soilwater,0.5105454545454546
2026-05-25T00:00:00,Middle_Agriculture_Soilwater,0.447709090909091
2026-05-26T00:00:00,Middle_Agriculture_Soilwater,0.4398545454545455
2026-05-27T00:00:00,Middle_Agriculture_Soilwater,0.4948363636363637
2026-05-28T00:00:00,Middle_Agriculture_Soilwater,0.6362181818181819
2026-05-29T00:00:00,Middle_Agriculture_Soilwater,0.4084363636363637
2026-05-30T00:00:00,Middle_Agriculture_Soilwater,0.4869818181818183
2026-05-31T00:00:00,Middle_Agriculture_Soilwater,0.47127272727272734
2026-06-01T00:00:00,Middle_Agriculture_Soilwater,0.4791272727272728
2026-06-02T00:00:00,Middle_Agriculture_Soilwater,0.6048000000000001
2026-06-03T00:00:00,Middle_Agriculture_Soilwater,0.4398545454545455
2026-06-04T00:00:00,Middle_Agriculture_Soilwater,0.3613090909090909
2026-06-05T00:00:00,Middle_Agriculture_Soilwater,0.42414545454545466
2026-06-06T00:00:00,Middle_Agriculture_Soilwater,0.5655272727272729
2026-06-07T00:00:00,Middle_Agriculture_Soilwater,0.6912000000000001
2026-06-08T00:00:00,Middle_Agriculture_Soilwater,1.1703272727272729
2026-06-09T00:00:00,Middle_Agriculture_Soilwater,0.7304727272727274
2026-06-10T00:00:00,Middle_Agriculture_Soilwater,0.879709090909091
2026-06-11T00:00:00,Middle_Agriculture_Soilwater,0.7147636363636365
2026-06-12T00:00:00,Middle_Agriculture_Soilwater,0.3534545454545455
2026-06-13T00:00:00,Middle_Agriculture_Soilwater,0.3534545454545455
2026-06-14T00:00:00,Middle_Agriculture_Soilwater,0.4634181818181819
2026-06-15T00:00:00,Middle_Agriculture_Soilwater,0.6048000000000001
2026-06-16T00:00:00,Middle_Agriculture_Soilwater,0.6362181818181819
2026-06-17T00:00:00,Middle_Agriculture_Soilwater,1.1518036721158438
2026-06-18T00:00:00,Middle_Agriculture_Soilwater,0.7531046578327287
2026-06-19T00:00:00,Middle_Agriculture_Soilwater,0.7596283504078628
2026-06-20T00:00:00,Middle_Agriculture_Soilwater,0.5167637169954693
2026-06-21T00:00:00,Middle_Agriculture_Soilwater,0.21148567945588764
2026-06-22T00:00:00,Middle_Agriculture_Soilwater,0.27447655847558594
2026-06-23T00:00:00,Middle_Agriculture_Soilwater,0.6046202557660891
2026-06-24T00:00:00,Middle_Agriculture_Soilwater,0.7694832676439781
2026-06-25T00:00:00,Middle_Agriculture_Soilwater,0.3452092039693593
2026-06-26T00:00:00,Middle_Agriculture_Soilwater,0.7546041519891307
2026-06-27T00:00:00,Middle_Agriculture_Soilwater,1.1615793015647968
2026-06-28T00:00:00,Middle_Agriculture_Soilwater,0.8014274705500848
2026-06-29T00:00:00,Middle_Agriculture_Soilwater,0.5655272727272729
2026-06-30T00:00:00,Middle_Agriculture_Soilwater,0.6283636363636365
2026-07-01T00:00:00,Middle_Agriculture_Soilwater,0.5890909090909092
2026-07-02T00:00:00,Middle_Agriculture_Soilwater,0.4791272727272728
2026-07-03T00:00:00,Middle_Agriculture_Soilwater,0.4869818181818183
2026-07-04T00:00:00,Middle_Agriculture_Soilwater,0.5969454545454546
2026-07-05T00:00:00,Middle_Agriculture_Soilwater,0.534109090909091
2026-07-06T00:00:00,Middle_Agriculture_Soilwater,0.47127272727272734
2026-07-07T00:00:00,Middle_Agriculture_Soilwater,0.5890909090909092
2026-07-08T00:00:00,Middle_Agriculture_Soilwater,0.9504000000000001
2026-07-09T00:00:00,Middle_Agriculture_Soilwater,0.8875636363636366
2026-07-10T00:00:00,Middle_Agriculture_Soilwater,0.9896727272727274
2026-07-11T00:00:00,Middle_Agriculture_Soilwater,0.9896727272727274
2026-07-12T00:00:00,Middle_Agriculture_Soilwater,0.9582545454545456
2026-07-13T00:00:00,Middle_Agriculture_Soilwater,0.9582545454545456
2026-07-14T00:00:00,Middle_Agriculture_Soilwater,0.879709090909091
2026-07-15T00:00:00,Middle_Agriculture_Soilwater,0.6519272727272729
2026-07-16T00:00:00,Middle_Agriculture_Soilwater,1.2779753795265218
2026-07-17T00:00:00,Middle_Agriculture_Soilwater,0.7847448752009152
2026-07-18T00:00:00,Middle_Agriculture_Soilwater,0.5958383679693506
2026-07-19T00:00:00,Middle_Agriculture_Soilwater,0.7679423700817329
2026-07-20T00:00:00,Middle_Agriculture_Soilwater,1.1035551009217586
2026-07-21T00:00:00,Middle_Agriculture_Soilwater,1.1320543118680315
2026-07-22T00:00:00,Middle_Agriculture_Soilwater,0.9966349981032503
2026-07-23T00:00:00,Middle_Agriculture_Soilwater,1.0486581770112882
2026-07-24T00:00:00,Middle_Agriculture_Soilwater,1.1466050765312412
2026-07-25T00:00:00,Middle_Agriculture_Soilwater,0.8804864689897437
2026-07-26T00:00:00,Middle_Agriculture_Soilwater,0.9559069775969057
2026-07-27T00:00:00,Middle_Agriculture_Soilwater,1.1460294573446166
2026-07-28T00:00:00,Middle_Agriculture_Soilwater,0.9431988636217149
2026-07-29T00:00:00,Middle_Agriculture_Soilwater,0.91031702780274
2026-07-30T00:00:00,Middle_Agriculture_Soilwater,0.8092036456684476
2026-07-31T00:00:00,Middle_Agriculture_Soilwater,0.8923906274965727
2026-08-01T00:00:00,Middle_Agriculture_Soilwater,0.8381238547557388
2026-08-02T00:00:00,Middle_Agriculture_Soilwater,0.822012390438031
2026-08-03T00:00:00,Middle_Agriculture_Soilwater,0.8894550090318621
2026-08-04T00:00:00,Middle_Agriculture_Soilwater,0.80455271686127
2026-08-05T00:00:00,Middle_Agriculture_Soilwater,1.0100131871101397
2026-08-06T00:00:00,Middle_Agriculture_Soilwater,1.2675577301058576
2026-08-07T00:00:00,Middle_Agriculture_Soilwater,1.1373638902027419
2026-08-08T00:00:00,Middle_Agriculture_Soilwater,1.0530014287412583
2026-08-09T00:00:00,Middle_Agriculture_Soilwater,1.0457288747222986
2026-08-10T00:00:00,Middle_Agriculture_Soilwater,0.8867832232243648
2026-08-11T00:00:00,Middle_Agriculture_Soilwater,1.0766732311800224
2026-08-12T00:00:00,Middle_Agriculture_Soilwater,1.2613313086715048
2026-08-13T00:00:00,Middle_Agriculture_Soilwater,0.9452760687012869
2026-08-14T00:00:00,Middle_Agriculture_Soilwater,0.9945647479248612
2026-08-15T00:00:00,Middle_Agriculture_Soilwater,0.8208297689408927
2026-08-16T00:00:00,Middle_Agriculture_Soilwater,0.8783826733591172
2026-08-17T00:00:00,Middle_Agriculture_Soilwater,0.721914627355483
2026-08-18T00:00:00,Middle_Agriculture_Soilwater,0.9066548703517554
2026-08-19T00:00:00,Middle_Agriculture_Soilwater,1.224007824124263
2026-08-20T00:00:00,Middle_Agriculture_Soilwater,1.1781818181818184
2026-08-21T00:00:00,Middle_Agriculture_Soilwater,1.1781818181818184
2026-08-22T00:00:00,Middle_Agriculture_Soilwater,1.2096000000000002
2026-08-23T00:00:00,Middle_Agriculture_Soilwater,1.2645818181818185
2026-08-24T00:00:00,Middle_Agriculture_Soilwater,1.256727272727273
2026-08-25T00:00:00,Middle_Agriculture_Soilwater,1.2253090909090911
2026-08-26T00:00:00,Middle_Agriculture_Soilwater,1.2645818181818185
2026-08-27T00:00:00,Middle_Agriculture_Soilwater,1.2881454545454547
2026-08-28T00:00:00,Middle_Agriculture_Soilwater,1.2174545454545456
2026-08-29T00:00:00,Middle_Agriculture_Soilwater,1.241018181818182
2026-08-30T00:00:00,Middle_Agriculture_Soilwater,1.052509090909091
2026-08-31T00:00:00,Middle_Agriculture_Soilwater,1.2017454545454547
2026-09-01T00:00:00,Middle_Agriculture_Soilwater,1.2802909090909094
2026-09-02T00:00:00,Middle_Agriculture_Soilwater,1.1624727272727275
2026-09-03T00:00:00,Middle_Agriculture_Soilwater,1.3195636363636367
2026-09-04T00:00:00,Middle_Agriculture_Soilwater,1.4216727272727276
2026-09-05T00:00:00,Middle_Agriculture_Soilwater,1.4530909090909092
2026-09-06T00:00:00,Middle_Agriculture_Soilwater,1.4216727272727276
2026-09-07T00:00:00,Middle_Agriculture_Soilwater,1.3117090909090912
2026-09-08T00:00:00,Middle_Agriculture_Soilwater,1.2253090909090911
2026-09-09T00:00:00,Middle_Agriculture_Soilwater,1.2960000000000003
2026-09-10T00:00:00,Middle_Agriculture_Soilwater,1.5237818181818183
2026-09-11T00:00:00,Middle_Agriculture_Soilwater,1.6101818181818184
2026-09-12T00:00:00,Middle_Agriculture_Soilwater,1.8222545454545456
2026-09-13T00:00:00,Middle_Agriculture_Soilwater,1.7044363636363637
2026-09-14T00:00:00,Middle_Agriculture_Soilwater,1.4059636363636365
2026-09-15T00:00:00,Middle_Agriculture_Soilwater,1.2960000000000003
2026-09-16T00:00:00,Middle_Agriculture_Soilwater,1.3274181818181818
2026-09-17T00:00:00,Middle_Agriculture_Soilwater,1.241018181818182
2026-09-18T00:00:00,Middle_Agriculture_Soilwater,1.2331636363636365
2026-09-19T00:00:00,Middle_Agriculture_Soilwater,1.2724363636363638
2026-09-20T00:00:00,Middle_Agriculture_Soilwater,2.5887872084677372
2026-09-21T00:00:00,Middle_Agriculture_Soilwater,1.341031191162835
2026-09-22T00:00:00,Middle_Agriculture_Soilwater,1.43267951077352
2026-09-23T00:00:00,Middle_Agriculture_Soilwater,1.4397583858282688
2026-09-24T00:00:00,Middle_Agriculture_Soilwater,1.4227247813133252
2026-09-25T00:00:00,Middle_Agriculture_Soilwater,1.452731424628144
2026-09-26T00:00:00,Middle_Agriculture_Soilwater,1.3571594250264123
2026-09-27T00:00:00,Middle_Agriculture_Soilwater,1.573359834264909
2026-09-28T00:00:00,Middle_Agriculture_Soilwater,1.654994066490575
2026-09-29T00:00:00,Middle_Agriculture_Soilwater,1.6655151583391754
2026-09-30T00:00:00,Middle_Agriculture_Soilwater,1.6368445457490675
2026-10-01T00:00:00,Middle_Agriculture_Soilwater,1.7696888393830685
2026-10-02T00:00:00,Middle_Agriculture_Soilwater,2.0612223606786872
2026-10-03T00:00:00,Middle_Agriculture_Soilwater,2.073098056602227
2026-10-04T00:00:00,Middle_Agriculture_Soilwater,2.0236488261626207
2026-10-05T00:00:00,Middle_Agriculture_Soilwater,1.8540647456335277
2026-10-06T00:00:00,Middle_Agriculture_Soilwater,1.6143085499667504
2026-10-07T00:00:00,Middle_Agriculture_Soilwater,1.6099676100154643
2026-10-08T00:00:00,Middle_Agriculture_Soilwater,1.469173749950994
2026-10-09T00:00:00,Middle_Agriculture_Soilwater,1.4440253682254305
2026-10-10T00:00:00,Middle_Agriculture_Soilwater,1.3199252610129384
2026-10-11T00:00:00,Middle_Agriculture_Soilwater,1.5651718468587696
2026-10-12T00:00:00,Middle_Agriculture_Soilwater,1.4758083161944353
2026-10-13T00:00:00,Middle_Agriculture_Soilwater,1.476699428504476
2026-10-14T00:00:00,Middle_Agriculture_Soilwater,1.514608628535903
2026-10-15T00:00:00,Middle_Agriculture_Soilwater,1.5466707024516961
2026-10-16T00:00:00,Middle_Agriculture_Soilwater,1.5199690343942807
2026-10-17T00:00:00,Middle_Agriculture_Soilwater,1.4165004818810707
2026-10-18T00:00:00,Middle_Agriculture_Soilwater,1.5262964180785754
2026-10-19T00:00:00,Middle_Agriculture_Soilwater,1.5965923964113056
2026-10-20T00:00:00,Middle_Agriculture_Soilwater,1.5524362470028217
2026-10-21T00:00:00,Middle_Agriculture_Soilwater,1.3938026920319868
2026-10-22T00:00:00,Middle_Agriculture_Soilwater,1.6102913235098664
2026-10-23T00:00:00,Middle_Agriculture_Soilwater,1.610771401415449
2026-10-24T00:00:00,Middle_Agriculture_Soilwater,1.5796427890123683
2026-10-25T00:00:00,Middle_Agriculture_Soilwater,1.4150832853883577
2026-10-26T00:00:00,Middle_Agriculture_Soilwater,1.551329678787589
2026-10-27T00:00:00,Middle_Agriculture_Soilwater,1.4932462305045855
2026-10-28T00:00:00,Middle_Agriculture_Soilwater,1.5115538618814286
2026-10-29T00:00:00,Middle_Agriculture_Soilwater,1.5435812982754002
2026-10-30T00:00:00,Middle_Agriculture_Soilwater,1.4913578039609932
2026-10-31T00:00:00,Middle_Agriculture_Soilwater,1.4766545454545457
2026-11-01T00:00:00,Middle_Agriculture_Soilwater,1.5552000000000004
2026-11-02T00:00:00,Middle_Agriculture_Soilwater,1.586618181818182
2026-11-03T00:00:00,Middle_Agriculture_Soilwater,1.618036363636364
2026-11-04T00:00:00,Middle_Agriculture_Soilwater,1.618036363636364
2026-11-05T00:00:00,Middle_Agriculture_Soilwater,1.6808727272727275
2026-11-06T00:00:00,Middle_Agriculture_Soilwater,1.7829818181818184
2026-11-07T00:00:00,Middle_Agriculture_Soilwater,1.8536727272727276
2026-11-08T00:00:00,Middle_Agriculture_Soilwater,1.845818181818182
2026-11-09T00:00:00,Middle_Agriculture_Soilwater,1.7201454545454546
2026-11-10T00:00:00,Middle_Agriculture_Soilwater,1.790836363636364
2026-11-11T00:00:00,Middle_Agriculture_Soilwater,1.6651636363636366
2026-11-12T00:00:00,Middle_Agriculture_Soilwater,3.1253238749283927
2026-11-13T00:00:00,Middle_Agriculture_Soilwater,1.5587293311385568
2026-11-14T00:00:00,Middle_Agriculture_Soilwater,1.6096634371532013
2026-11-15T00:00:00,Middle_Agriculture_Soilwater,1.6128334868530187
2026-11-16T00:00:00,Middle_Agriculture_Soilwater,1.6465993522371376
2026-11-17T00:00:00,Middle_Agriculture_Soilwater,1.5247469225979111
2026-11-18T00:00:00,Middle_Agriculture_Soilwater,1.6122845058112911
2026-11-19T00:00:00,Middle_Agriculture_Soilwater,1.5600548027426302
2026-11-20T00:00:00,Middle_Agriculture_Soilwater,1.5158469010328903
2026-11-21T00:00:00,Middle_Agriculture_Soilwater,1.548195623607331
2026-11-22T00:00:00,Middle_Agriculture_Soilwater,1.519094402585812
2026-11-23T00:00:00,Middle_Agriculture_Soilwater,1.5506576801965362
2026-11-24T00:00:00,Middle_Agriculture_Soilwater,1.6869934525053376
2026-11-25T00:00:00,Middle_Agriculture_Soilwater,1.912168545760111
2026-11-26T00:00:00,Middle_Agriculture_Soilwater,1.5962515299689817
2026-11-27T00:00:00,Middle_Agriculture_Soilwater,1.6864620293751675
2026-11-28T00:00:00,Middle_Agriculture_Soilwater,1.5753507602023846
2026-11-29T00:00:00,Middle_Agriculture_Soilwater,1.5612750430451376
2026-11-30T00:00:00,Middle_Agriculture_Soilwater,1.4664783316737673
2026-12-01T00:00:00,Middle_Agriculture_Soilwater,1.3878872461661602
2026-12-02T00:00:00,Middle_Agriculture_Soilwater,1.3638373996527842
2026-12-03T00:00:00,Middle_Agriculture_Soilwater,1.3336073317911594
2026-12-04T00:00:00,Middle_Agriculture_Soilwater,1.4276596898191751
2026-12-05T00:00:00,Middle_Agriculture_Soilwater,1.2609801201636093
2026-12-06T00:00:00,Middle_Agriculture_Soilwater,1.3476589721775334
2026-12-07T00:00:00,Middle_Agriculture_Soilwater,1.2171374123925474
2026-12-08T00:00:00,Middle_Agriculture_Soilwater,1.2276777199031004
2026-12-09T00:00:00,Middle_Agriculture_Soilwater,1.2135641524527785
2026-12-10T00:00:00,Middle_Agriculture_Soilwater,1.1205387575540269
2026-12-11T00:00:00,Middle_Agriculture_Soilwater,1.328579830942212
2026-12-12T00:00:00,Middle_Agriculture_Soilwater,1.2945591843785766
2026-12-13T00:00:00,Middle_Agriculture_Soilwater,1.5096711883211478
2026-12-14T00:00:00,Middle_Agriculture_Soilwater,1.4650201176780429
2026-12-15T00:00:00,Middle_Agriculture_Soilwater,1.5449784368407442
2026-12-16T00:00:00,Middle_Agriculture_Soilwater,1.5315936105831895
2026-12-17T00:00:00,Middle_Agriculture_Soilwater,2.147272814020564
2026-12-18T00:00:00,Middle_Agriculture_Soilwater,2.716550474324916
2026-12-19T00:00:00,Middle_Agriculture_Soilwater,1.515927272727273
2026-12-20T00:00:00,Middle_Agriculture_Soilwater,1.3981090909090912
2026-12-21T00:00:00,Middle_Agriculture_Soilwater,1.1703272727272729
2026-12-22T00:00:00,Middle_Agriculture_Soilwater,1.1232000000000002
2026-12-23T00:00:00,Middle_Agriculture_Soilwater,1.2331636363636365
2026-12-24T00:00:00,Middle_Agriculture_Soilwater,1.3745454545454547
2026-12-25T00:00:00,Middle_Agriculture_Soilwater,1.3195636363636367
2026-12-26T00:00:00,Middle_Agriculture_Soilwater,1.3745454545454547
2026-12-27T00:00:00,Middle_Agriculture_Soilwater,1.138909090909091
2026-12-28T00:00:00,Middle_Agriculture_Soilwater,1.068218181818182
2026-12-29T00:00:00,Middle_Agriculture_Soilwater,1.1153454545454546
2026-12-30T00:00:00,Middle_Agriculture_Soilwater,1.052509090909091
2026-12-31T00:00:00,Middle_Agriculture_Soilwater,1.2724363636363638
