23d9fdea-5304-49e7-8d3d-1cb579de4d15,location,waterInputs
2023-01-01T00:00:00,Upper_Agriculture_Groundwater,3.4179992000000006
2023-01-02T00:00:00,Upper_Agriculture_Groundwater,3.0651112800000004
2023-01-03T00:00:00,Upper_Agriculture_Groundwater,2.7443873519999995
2023-01-04T00:00:00,Upper_Agriculture_Groundwater,2.4365334168
2023-01-05T00:00:00,Upper_Agriculture_Groundwater,2.16583039512
2023-01-06T00:00:00,Upper_Agriculture_Groundwater,1.912600003608
2023-01-07T00:00:00,Upper_Agriculture_Groundwater,1.7258297864471994
2023-01-08T00:00:00,Upper_Agriculture_Groundwater,1.5692021726824803
2023-01-09T00:00:00,Upper_Agriculture_Groundwater,1.4661705038062307
2023-01-10T00:00:00,Upper_Agriculture_Groundwater,1.3445869069784093
2023-01-11T00:00:00,Upper_Agriculture_Groundwater,1.2387668044780886
2023-01-12T00:00:00,Upper_Agriculture_Groundwater,1.138366613408048
2023-01-13T00:00:00,Upper_Agriculture_Groundwater,1.0466869525072346
2023-01-14T00:00:00,Upper_Agriculture_Groundwater,0.964802117652504
2023-01-15T00:00:00,Upper_Agriculture_Groundwater,0.865784500243648
2023-01-16T00:00:00,Upper_Agriculture_Groundwater,0.7634353451400372
2023-01-17T00:00:00,Upper_Agriculture_Groundwater,0.6755592960547111
2023-01-18T00:00:00,Upper_Agriculture_Groundwater,0.6907280233350508
2023-01-19T00:00:00,Upper_Agriculture_Groundwater,0.6991414921987754
2023-01-20T00:00:00,Upper_Agriculture_Groundwater,0.712633467056404
2023-01-21T00:00:00,Upper_Agriculture_Groundwater,0.7284157120205191
2023-01-22T00:00:00,Upper_Agriculture_Groundwater,0.6843820533212485
2023-01-23T00:00:00,Upper_Agriculture_Groundwater,0.651305849241626
2023-01-24T00:00:00,Upper_Agriculture_Groundwater,0.635903145444715
2023-01-25T00:00:00,Upper_Agriculture_Groundwater,0.6011616839147712
2023-01-26T00:00:00,Upper_Agriculture_Groundwater,0.6021181232363662
2023-01-27T00:00:00,Upper_Agriculture_Groundwater,0.585622377854497
2023-01-28T00:00:00,Upper_Agriculture_Groundwater,0.5552762803166357
2023-01-29T00:00:00,Upper_Agriculture_Groundwater,0.5341546985078023
2023-01-30T00:00:00,Upper_Agriculture_Groundwater,0.48908515025756855
2023-01-31T00:00:00,Upper_Agriculture_Groundwater,0.4481718046723063
2023-02-01T00:00:00,Upper_Agriculture_Groundwater,0.38641875670151876
2023-02-02T00:00:00,Upper_Agriculture_Groundwater,0.3278171602781666
2023-02-03T00:00:00,Upper_Agriculture_Groundwater,0.2775555355724697
2023-02-04T00:00:00,Upper_Agriculture_Groundwater,0.22874582420513123
2023-02-05T00:00:00,Upper_Agriculture_Groundwater,0.18420089975553425
2023-02-06T00:00:00,Upper_Agriculture_Groundwater,0.13732646195380455
2023-02-07T00:00:00,Upper_Agriculture_Groundwater,0.09967834271486593
2023-02-08T00:00:00,Upper_Agriculture_Groundwater,0.07496034270417738
2023-02-09T00:00:00,Upper_Agriculture_Groundwater,0.052556199268478564
2023-02-10T00:00:00,Upper_Agriculture_Groundwater,0.023480721092875283
2023-02-11T00:00:00,Upper_Agriculture_Groundwater,0.007436216559710544
2023-02-12T00:00:00,Upper_Agriculture_Groundwater,0.007006125722249408
2023-02-13T00:00:00,Upper_Agriculture_Groundwater,0.0
2023-02-14T00:00:00,Upper_Agriculture_Groundwater,0.0
2023-02-15T00:00:00,Upper_Agriculture_Groundwater,0.0
2023-02-16T00:00:00,Upper_Agriculture_Groundwater,0.0
2023-02-17T00:00:00,Upper_Agriculture_Groundwater,0.0
2023-02-18T00:00:00,Upper_Agriculture_Groundwater,0.0
2023-02-19T00:00:00,Upper_Agriculture_Groundwater,0.0
2023-02-20T00:00:00,Upper_Agriculture_Groundwater,0.0
2023-02-21T00:00:00,Upper_Agriculture_Groundwater,0.0
2023-02-22T00:00:00,Upper_Agriculture_Groundwater,0.0
2023-02-23T00:00:00,Upper_Agriculture_Groundwater,0.0
2023-02-24T00:00:00,Upper_Agriculture_Groundwater,0.0
2023-02-25T00:00:00,Upper_Agriculture_Groundwater,0.0
2023-02-26T00:00:00,Upper_Agriculture_Groundwater,0.0
2023-02-27T00:00:00,Upper_Agriculture_Groundwater,0.0
2023-02-28T00:00:00,Upper_Agriculture_Groundwater,0.0
2023-03-01T00:00:00,Upper_Agriculture_Groundwater,0.0
2023-03-02T00:00:00,Upper_Agriculture_Groundwater,0.0
2023-03-03T00:00:00,Upper_Agriculture_Groundwater,0.0
2023-03-04T00:00:00,Upper_Agriculture_Groundwater,0.0
2023-03-05T00:00:00,Upper_Agriculture_Groundwater,0.0
2023-03-06T00:00:00,Upper_Agriculture_Groundwater,0.0
2023-03-07T00:00:00,Upper_Agriculture_Groundwater,0.0
2023-03-08T00:00:00,Upper_Agriculture_Groundwater,0.0
2023-03-09T00:00:00,Upper_Agriculture_Groundwater,0.0
2023-03-10T00:00:00,Upper_Agriculture_Groundwater,0.04499552039482722
2023-03-11T00:00:00,Upper_Agriculture_Groundwater,0.11728761631549332
2023-03-12T00:00:00,Upper_Agriculture_Groundwater,0.17932829784808008
2023-03-13T00:00:00,Upper_Agriculture_Groundwater,0.24945996691099226
2023-03-14T00:00:00,Upper_Agriculture_Groundwater,0.2944631391828429
2023-03-15T00:00:00,Upper_Agriculture_Groundwater,0.3396437173312137
2023-03-16T00:00:00,Upper_Agriculture_Groundwater,0.3689123484580807
2023-03-17T00:00:00,Upper_Agriculture_Groundwater,0.3892332161862629
2023-03-18T00:00:00,Upper_Agriculture_Groundwater,0.4252317468842273
2023-03-19T00:00:00,Upper_Agriculture_Groundwater,0.5533120792807378
2023-03-20T00:00:00,Upper_Agriculture_Groundwater,0.6844251477291008
2023-03-21T00:00:00,Upper_Agriculture_Groundwater,0.7971183216949845
2023-03-22T00:00:00,Upper_Agriculture_Groundwater,0.8755902093904003
2023-03-23T00:00:00,Upper_Agriculture_Groundwater,0.9343277363297829
2023-03-24T00:00:00,Upper_Agriculture_Groundwater,0.9704450557873858
2023-03-25T00:00:00,Upper_Agriculture_Groundwater,0.9711359539901716
2023-03-26T00:00:00,Upper_Agriculture_Groundwater,0.9683346219945261
2023-03-27T00:00:00,Upper_Agriculture_Groundwater,0.9407783568581072
2023-03-28T00:00:00,Upper_Agriculture_Groundwater,0.8794752785290274
2023-03-29T00:00:00,Upper_Agriculture_Groundwater,0.8155213522971831
2023-03-30T00:00:00,Upper_Agriculture_Groundwater,0.7864687385264173
2023-03-31T00:00:00,Upper_Agriculture_Groundwater,0.75112007398683
2023-04-01T00:00:00,Upper_Agriculture_Groundwater,0.7398942149698985
2023-04-02T00:00:00,Upper_Agriculture_Groundwater,0.739187607016484
2023-04-03T00:00:00,Upper_Agriculture_Groundwater,0.7517361785040535
2023-04-04T00:00:00,Upper_Agriculture_Groundwater,0.7492776396239441
2023-04-05T00:00:00,Upper_Agriculture_Groundwater,0.7951074467348157
2023-04-06T00:00:00,Upper_Agriculture_Groundwater,0.8415102760272751
2023-04-07T00:00:00,Upper_Agriculture_Groundwater,0.8872529849938937
2023-04-08T00:00:00,Upper_Agriculture_Groundwater,0.925532209406916
2023-04-09T00:00:00,Upper_Agriculture_Groundwater,0.9494603390873951
2023-04-10T00:00:00,Upper_Agriculture_Groundwater,0.9593475207377102
2023-04-11T00:00:00,Upper_Agriculture_Groundwater,0.9615426626670877
2023-04-12T00:00:00,Upper_Agriculture_Groundwater,0.9518909010032127
2023-04-13T00:00:00,Upper_Agriculture_Groundwater,0.9098782250454434
2023-04-14T00:00:00,Upper_Agriculture_Groundwater,0.9249258952691943
2023-04-15T00:00:00,Upper_Agriculture_Groundwater,0.94062652919774
2023-04-16T00:00:00,Upper_Agriculture_Groundwater,0.9491995373878862
2023-04-17T00:00:00,Upper_Agriculture_Groundwater,0.9531835186480245
2023-04-18T00:00:00,Upper_Agriculture_Groundwater,0.9481639082822559
2023-04-19T00:00:00,Upper_Agriculture_Groundwater,0.9263911048031616
2023-04-20T00:00:00,Upper_Agriculture_Groundwater,0.9097778629370632
2023-04-21T00:00:00,Upper_Agriculture_Groundwater,0.888191038396152
2023-04-22T00:00:00,Upper_Agriculture_Groundwater,0.8776090801340529
2023-04-23T00:00:00,Upper_Agriculture_Groundwater,0.8703416031404131
2023-04-24T00:00:00,Upper_Agriculture_Groundwater,0.8544915307441613
2023-04-25T00:00:00,Upper_Agriculture_Groundwater,0.8467160567957549
2023-04-26T00:00:00,Upper_Agriculture_Groundwater,0.8319507623295894
2023-04-27T00:00:00,Upper_Agriculture_Groundwater,0.8116713661886994
2023-04-28T00:00:00,Upper_Agriculture_Groundwater,0.7810803416526906
2023-04-29T00:00:00,Upper_Agriculture_Groundwater,0.748490808361996
2023-04-30T00:00:00,Upper_Agriculture_Groundwater,0.7158784583129151
2023-05-01T00:00:00,Upper_Agriculture_Groundwater,0.6855695901900287
2023-05-02T00:00:00,Upper_Agriculture_Groundwater,0.6541637111085911
2023-05-03T00:00:00,Upper_Agriculture_Groundwater,0.6221833119415416
2023-05-04T00:00:00,Upper_Agriculture_Groundwater,0.5900573554968142
2023-05-05T00:00:00,Upper_Agriculture_Groundwater,0.5581347572216173
2023-05-06T00:00:00,Upper_Agriculture_Groundwater,0.5266961050464913
2023-05-07T00:00:00,Upper_Agriculture_Groundwater,0.4959638357341743
2023-05-08T00:00:00,Upper_Agriculture_Groundwater,0.4661110592338562
2023-05-09T00:00:00,Upper_Agriculture_Groundwater,0.43726919967626093
2023-05-10T00:00:00,Upper_Agriculture_Groundwater,0.4095346014378461
2023-05-11T00:00:00,Upper_Agriculture_Groundwater,0.3892742308503511
2023-05-12T00:00:00,Upper_Agriculture_Groundwater,0.36897058836597607
2023-05-13T00:00:00,Upper_Agriculture_Groundwater,0.3488349320699732
2023-05-14T00:00:00,Upper_Agriculture_Groundwater,0.3290367011495113
2023-05-15T00:00:00,Upper_Agriculture_Groundwater,0.30970976709244186
2023-05-16T00:00:00,Upper_Agriculture_Groundwater,0.2972578528352904
2023-05-17T00:00:00,Upper_Agriculture_Groundwater,0.32298202375864515
2023-05-18T00:00:00,Upper_Agriculture_Groundwater,0.35211526196897525
2023-05-19T00:00:00,Upper_Agriculture_Groundwater,0.3862536322996542
2023-05-20T00:00:00,Upper_Agriculture_Groundwater,0.41004317594450784
2023-05-21T00:00:00,Upper_Agriculture_Groundwater,0.47125267453739383
2023-05-22T00:00:00,Upper_Agriculture_Groundwater,0.4944276816522597
2023-05-23T00:00:00,Upper_Agriculture_Groundwater,0.5317566805987769
2023-05-24T00:00:00,Upper_Agriculture_Groundwater,0.5328464829394679
2023-05-25T00:00:00,Upper_Agriculture_Groundwater,0.6423097980060333
2023-05-26T00:00:00,Upper_Agriculture_Groundwater,0.7126374252298887
2023-05-27T00:00:00,Upper_Agriculture_Groundwater,0.7563074690289127
2023-05-28T00:00:00,Upper_Agriculture_Groundwater,0.7922214498158353
2023-05-29T00:00:00,Upper_Agriculture_Groundwater,0.8323802797550831
2023-05-30T00:00:00,Upper_Agriculture_Groundwater,0.8865983292083219
2023-05-31T00:00:00,Upper_Agriculture_Groundwater,0.8799177659733635
2023-06-01T00:00:00,Upper_Agriculture_Groundwater,0.8645582120933119
2023-06-02T00:00:00,Upper_Agriculture_Groundwater,0.8353670713295376
2023-06-03T00:00:00,Upper_Agriculture_Groundwater,0.7996792965975854
2023-06-04T00:00:00,Upper_Agriculture_Groundwater,0.7815242060987291
2023-06-05T00:00:00,Upper_Agriculture_Groundwater,0.7764215807336686
2023-06-06T00:00:00,Upper_Agriculture_Groundwater,0.7645242383806319
2023-06-07T00:00:00,Upper_Agriculture_Groundwater,0.7472421486908666
2023-06-08T00:00:00,Upper_Agriculture_Groundwater,0.7197232345552482
2023-06-09T00:00:00,Upper_Agriculture_Groundwater,0.6775348817598447
2023-06-10T00:00:00,Upper_Agriculture_Groundwater,0.6136045671779695
2023-06-11T00:00:00,Upper_Agriculture_Groundwater,0.5414721666948689
2023-06-12T00:00:00,Upper_Agriculture_Groundwater,0.4805332406366108
2023-06-13T00:00:00,Upper_Agriculture_Groundwater,0.4076790581230557
2023-06-14T00:00:00,Upper_Agriculture_Groundwater,0.33654653970584464
2023-06-15T00:00:00,Upper_Agriculture_Groundwater,0.30356597439084565
2023-06-16T00:00:00,Upper_Agriculture_Groundwater,0.2604499767417866
2023-06-17T00:00:00,Upper_Agriculture_Groundwater,0.21088599887863269
2023-06-18T00:00:00,Upper_Agriculture_Groundwater,0.16240087682069032
2023-06-19T00:00:00,Upper_Agriculture_Groundwater,0.12053623918555104
2023-06-20T00:00:00,Upper_Agriculture_Groundwater,0.09388772030923291
2023-06-21T00:00:00,Upper_Agriculture_Groundwater,0.07588442281632354
2023-06-22T00:00:00,Upper_Agriculture_Groundwater,0.016634427618903373
2023-06-23T00:00:00,Upper_Agriculture_Groundwater,0.0
2023-06-24T00:00:00,Upper_Agriculture_Groundwater,0.0
2023-06-25T00:00:00,Upper_Agriculture_Groundwater,0.0
2023-06-26T00:00:00,Upper_Agriculture_Groundwater,0.0
2023-06-27T00:00:00,Upper_Agriculture_Groundwater,0.0
2023-06-28T00:00:00,Upper_Agriculture_Groundwater,0.0
2023-06-29T00:00:00,Upper_Agriculture_Groundwater,0.0
2023-06-30T00:00:00,Upper_Agriculture_Groundwater,0.0
2023-07-01T00:00:00,Upper_Agriculture_Groundwater,0.0
2023-07-02T00:00:00,Upper_Agriculture_Groundwater,0.0
2023-07-03T00:00:00,Upper_Agriculture_Groundwater,0.0
2023-07-04T00:00:00,Upper_Agriculture_Groundwater,0.0
2023-07-05T00:00:00,Upper_Agriculture_Groundwater,0.0
2023-07-06T00:00:00,Upper_Agriculture_Groundwater,0.0
2023-07-07T00:00:00,Upper_Agriculture_Groundwater,0.0
2023-07-08T00:00:00,Upper_Agriculture_Groundwater,0.0
2023-07-09T00:00:00,Upper_Agriculture_Groundwater,0.0
2023-07-10T00:00:00,Upper_Agriculture_Groundwater,0.016616808736911255
2023-07-11T00:00:00,Upper_Agriculture_Groundwater,0.03842085498551967
2023-07-12T00:00:00,Upper_Agriculture_Groundwater,0.06684640389703646
2023-07-13T00:00:00,Upper_Agriculture_Groundwater,0.07178439447639505
2023-07-14T00:00:00,Upper_Agriculture_Groundwater,0.06055112290091244
2023-07-15T00:00:00,Upper_Agriculture_Groundwater,0.13909706169576055
2023-07-16T00:00:00,Upper_Agriculture_Groundwater,0.21101518150262907
2023-07-17T00:00:00,Upper_Agriculture_Groundwater,0.25627230673116574
2023-07-18T00:00:00,Upper_Agriculture_Groundwater,0.28419889509896906
2023-07-19T00:00:00,Upper_Agriculture_Groundwater,0.3190722427259007
2023-07-20T00:00:00,Upper_Agriculture_Groundwater,0.33541981187645775
2023-07-21T00:00:00,Upper_Agriculture_Groundwater,0.33391170476964394
2023-07-22T00:00:00,Upper_Agriculture_Groundwater,0.41455726096542944
2023-07-23T00:00:00,Upper_Agriculture_Groundwater,0.45746962887436043
2023-07-24T00:00:00,Upper_Agriculture_Groundwater,0.4787633905918514
2023-07-25T00:00:00,Upper_Agriculture_Groundwater,0.47707138367710034
2023-07-26T00:00:00,Upper_Agriculture_Groundwater,0.4613138242393819
2023-07-27T00:00:00,Upper_Agriculture_Groundwater,0.44212266285243346
2023-07-28T00:00:00,Upper_Agriculture_Groundwater,0.4389397955004833
2023-07-29T00:00:00,Upper_Agriculture_Groundwater,0.4117114749903973
2023-07-30T00:00:00,Upper_Agriculture_Groundwater,0.37241526062732216
2023-07-31T00:00:00,Upper_Agriculture_Groundwater,0.33897797438695987
2023-08-01T00:00:00,Upper_Agriculture_Groundwater,0.3080806327883968
2023-08-02T00:00:00,Upper_Agriculture_Groundwater,0.27180817976567767
2023-08-03T00:00:00,Upper_Agriculture_Groundwater,0.21207005101961726
2023-08-04T00:00:00,Upper_Agriculture_Groundwater,0.1754113862251131
2023-08-05T00:00:00,Upper_Agriculture_Groundwater,0.14317751387931393
2023-08-06T00:00:00,Upper_Agriculture_Groundwater,0.10154446214042138
2023-08-07T00:00:00,Upper_Agriculture_Groundwater,0.0676529656105157
2023-08-08T00:00:00,Upper_Agriculture_Groundwater,0.03329488376518782
2023-08-09T00:00:00,Upper_Agriculture_Groundwater,0.0
2023-08-10T00:00:00,Upper_Agriculture_Groundwater,0.0
2023-08-11T00:00:00,Upper_Agriculture_Groundwater,0.0
2023-08-12T00:00:00,Upper_Agriculture_Groundwater,0.0
2023-08-13T00:00:00,Upper_Agriculture_Groundwater,0.0
2023-08-14T00:00:00,Upper_Agriculture_Groundwater,0.0
2023-08-15T00:00:00,Upper_Agriculture_Groundwater,0.0
2023-08-16T00:00:00,Upper_Agriculture_Groundwater,0.0
2023-08-17T00:00:00,Upper_Agriculture_Groundwater,0.0
2023-08-18T00:00:00,Upper_Agriculture_Groundwater,0.0
2023-08-19T00:00:00,Upper_Agriculture_Groundwater,0.0
2023-08-20T00:00:00,Upper_Agriculture_Groundwater,0.0
2023-08-21T00:00:00,Upper_Agriculture_Groundwater,0.0
2023-08-22T00:00:00,Upper_Agriculture_Groundwater,0.0
2023-08-23T00:00:00,Upper_Agriculture_Groundwater,0.0
2023-08-24T00:00:00,Upper_Agriculture_Groundwater,0.0
2023-08-25T00:00:00,Upper_Agriculture_Groundwater,0.0
2023-08-26T00:00:00,Upper_Agriculture_Groundwater,0.0
2023-08-27T00:00:00,Upper_Agriculture_Groundwater,0.0
2023-08-28T00:00:00,Upper_Agriculture_Groundwater,0.0
2023-08-29T00:00:00,Upper_Agriculture_Groundwater,0.0
2023-08-30T00:00:00,Upper_Agriculture_Groundwater,0.0
2023-08-31T00:00:00,Upper_Agriculture_Groundwater,0.0
2023-09-01T00:00:00,Upper_Agriculture_Groundwater,0.0
2023-09-02T00:00:00,Upper_Agriculture_Groundwater,0.0
2023-09-03T00:00:00,Upper_Agriculture_Groundwater,0.0
2023-09-04T00:00:00,Upper_Agriculture_Groundwater,0.0
2023-09-05T00:00:00,Upper_Agriculture_Groundwater,0.0
2023-09-06T00:00:00,Upper_Agriculture_Groundwater,0.0
2023-09-07T00:00:00,Upper_Agriculture_Groundwater,0.0
2023-09-08T00:00:00,Upper_Agriculture_Groundwater,0.0
2023-09-09T00:00:00,Upper_Agriculture_Groundwater,0.0
2023-09-10T00:00:00,Upper_Agriculture_Groundwater,0.0
2023-09-11T00:00:00,Upper_Agriculture_Groundwater,0.0
2023-09-12T00:00:00,Upper_Agriculture_Groundwater,0.0
2023-09-13T00:00:00,Upper_Agriculture_Groundwater,0.0
2023-09-14T00:00:00,Upper_Agriculture_Groundwater,0.0
2023-09-15T00:00:00,Upper_Agriculture_Groundwater,0.0
2023-09-16T00:00:00,Upper_Agriculture_Groundwater,0.0
2023-09-17T00:00:00,Upper_Agriculture_Groundwater,0.0
2023-09-18T00:00:00,Upper_Agriculture_Groundwater,0.0520642233860741
2023-09-19T00:00:00,Upper_Agriculture_Groundwater,0.1842312945785946
2023-09-20T00:00:00,Upper_Agriculture_Groundwater,0.2742638292987482
2023-09-21T00:00:00,Upper_Agriculture_Groundwater,0.3361013041290869
2023-09-22T00:00:00,Upper_Agriculture_Groundwater,0.37055120570037076
2023-09-23T00:00:00,Upper_Agriculture_Groundwater,0.3896093139161067
2023-09-24T00:00:00,Upper_Agriculture_Groundwater,0.39918468843169275
2023-09-25T00:00:00,Upper_Agriculture_Groundwater,0.42843113490499835
2023-09-26T00:00:00,Upper_Agriculture_Groundwater,0.5151053251993273
2023-09-27T00:00:00,Upper_Agriculture_Groundwater,0.5713857260857403
2023-09-28T00:00:00,Upper_Agriculture_Groundwater,0.6056948335428773
2023-09-29T00:00:00,Upper_Agriculture_Groundwater,0.6132759422477297
2023-09-30T00:00:00,Upper_Agriculture_Groundwater,0.6122658008761834
2023-10-01T00:00:00,Upper_Agriculture_Groundwater,0.5834916483564666
2023-10-02T00:00:00,Upper_Agriculture_Groundwater,0.5363266283319333
2023-10-03T00:00:00,Upper_Agriculture_Groundwater,0.494755535828742
2023-10-04T00:00:00,Upper_Agriculture_Groundwater,0.43424163554287104
2023-10-05T00:00:00,Upper_Agriculture_Groundwater,0.36884743995588276
2023-10-06T00:00:00,Upper_Agriculture_Groundwater,0.3038434271308668
2023-10-07T00:00:00,Upper_Agriculture_Groundwater,0.22813286247129327
2023-10-08T00:00:00,Upper_Agriculture_Groundwater,0.1376728564723257
2023-10-09T00:00:00,Upper_Agriculture_Groundwater,0.1099509630484397
2023-10-10T00:00:00,Upper_Agriculture_Groundwater,0.07467367974460701
2023-10-11T00:00:00,Upper_Agriculture_Groundwater,0.09062666347105676
2023-10-12T00:00:00,Upper_Agriculture_Groundwater,0.09624151365476849
2023-10-13T00:00:00,Upper_Agriculture_Groundwater,0.08841656716702885
2023-10-14T00:00:00,Upper_Agriculture_Groundwater,0.1133997948402893
2023-10-15T00:00:00,Upper_Agriculture_Groundwater,0.15303517130722724
2023-10-16T00:00:00,Upper_Agriculture_Groundwater,0.21647531453237462
2023-10-17T00:00:00,Upper_Agriculture_Groundwater,0.25118187739942244
2023-10-18T00:00:00,Upper_Agriculture_Groundwater,0.27978117454773466
2023-10-19T00:00:00,Upper_Agriculture_Groundwater,0.29518943349239096
2023-10-20T00:00:00,Upper_Agriculture_Groundwater,0.287662868902639
2023-10-21T00:00:00,Upper_Agriculture_Groundwater,0.300986682895911
2023-10-22T00:00:00,Upper_Agriculture_Groundwater,0.300785745401503
2023-10-23T00:00:00,Upper_Agriculture_Groundwater,0.2826765685770181
2023-10-24T00:00:00,Upper_Agriculture_Groundwater,0.24740024966341564
2023-10-25T00:00:00,Upper_Agriculture_Groundwater,0.1785524288467627
2023-10-26T00:00:00,Upper_Agriculture_Groundwater,0.103581929696806
2023-10-27T00:00:00,Upper_Agriculture_Groundwater,0.04708176608837278
2023-10-28T00:00:00,Upper_Agriculture_Groundwater,0.0
2023-10-29T00:00:00,Upper_Agriculture_Groundwater,0.0
2023-10-30T00:00:00,Upper_Agriculture_Groundwater,0.0
2023-10-31T00:00:00,Upper_Agriculture_Groundwater,0.0
2023-11-01T00:00:00,Upper_Agriculture_Groundwater,0.0
2023-11-02T00:00:00,Upper_Agriculture_Groundwater,0.0
2023-11-03T00:00:00,Upper_Agriculture_Groundwater,0.0
2023-11-04T00:00:00,Upper_Agriculture_Groundwater,0.0
2023-11-05T00:00:00,Upper_Agriculture_Groundwater,0.0
2023-11-06T00:00:00,Upper_Agriculture_Groundwater,0.0
2023-11-07T00:00:00,Upper_Agriculture_Groundwater,0.0
2023-11-08T00:00:00,Upper_Agriculture_Groundwater,0.0
2023-11-09T00:00:00,Upper_Agriculture_Groundwater,0.0
2023-11-10T00:00:00,Upper_Agriculture_Groundwater,0.0
2023-11-11T00:00:00,Upper_Agriculture_Groundwater,0.0
2023-11-12T00:00:00,Upper_Agriculture_Groundwater,0.0027894546610494333
2023-11-13T00:00:00,Upper_Agriculture_Groundwater,0.07772482399090393
2023-11-14T00:00:00,Upper_Agriculture_Groundwater,0.1256701849081773
2023-11-15T00:00:00,Upper_Agriculture_Groundwater,0.1561125854020878
2023-11-16T00:00:00,Upper_Agriculture_Groundwater,0.15501780394813408
2023-11-17T00:00:00,Upper_Agriculture_Groundwater,0.14768197293095
2023-11-18T00:00:00,Upper_Agriculture_Groundwater,0.11982089007772032
2023-11-19T00:00:00,Upper_Agriculture_Groundwater,0.11062584406582772
2023-11-20T00:00:00,Upper_Agriculture_Groundwater,0.07431127835553782
2023-11-21T00:00:00,Upper_Agriculture_Groundwater,0.048084567346646734
2023-11-22T00:00:00,Upper_Agriculture_Groundwater,0.015715605755976865
2023-11-23T00:00:00,Upper_Agriculture_Groundwater,0.09642447080997528
2023-11-24T00:00:00,Upper_Agriculture_Groundwater,0.1911600867956136
2023-11-25T00:00:00,Upper_Agriculture_Groundwater,0.26899321487602434
2023-11-26T00:00:00,Upper_Agriculture_Groundwater,0.3286626764723982
2023-11-27T00:00:00,Upper_Agriculture_Groundwater,0.43718207360073735
2023-11-28T00:00:00,Upper_Agriculture_Groundwater,0.5283314445386859
2023-11-29T00:00:00,Upper_Agriculture_Groundwater,0.600593600553035
2023-11-30T00:00:00,Upper_Agriculture_Groundwater,0.6115702509191278
2023-12-01T00:00:00,Upper_Agriculture_Groundwater,0.6343342752064711
2023-12-02T00:00:00,Upper_Agriculture_Groundwater,0.8251381121271555
2023-12-03T00:00:00,Upper_Agriculture_Groundwater,1.0104423989116376
2023-12-04T00:00:00,Upper_Agriculture_Groundwater,1.1371288472179528
2023-12-05T00:00:00,Upper_Agriculture_Groundwater,1.2050887818738885
2023-12-06T00:00:00,Upper_Agriculture_Groundwater,1.245908161126456
2023-12-07T00:00:00,Upper_Agriculture_Groundwater,1.2562311767097731
2023-12-08T00:00:00,Upper_Agriculture_Groundwater,1.271192587565161
2023-12-09T00:00:00,Upper_Agriculture_Groundwater,1.2612854844823733
2023-12-10T00:00:00,Upper_Agriculture_Groundwater,1.2318782761404918
2023-12-11T00:00:00,Upper_Agriculture_Groundwater,1.1972516546221623
2023-12-12T00:00:00,Upper_Agriculture_Groundwater,1.111992534646094
2023-12-13T00:00:00,Upper_Agriculture_Groundwater,1.0181543221190192
2023-12-14T00:00:00,Upper_Agriculture_Groundwater,0.9474467067508996
2023-12-15T00:00:00,Upper_Agriculture_Groundwater,0.8790056312352112
2023-12-16T00:00:00,Upper_Agriculture_Groundwater,0.8424983037551499
2023-12-17T00:00:00,Upper_Agriculture_Groundwater,0.7861769454587508
2023-12-18T00:00:00,Upper_Agriculture_Groundwater,0.7182401557840794
2023-12-19T00:00:00,Upper_Agriculture_Groundwater,0.648146394589754
2023-12-20T00:00:00,Upper_Agriculture_Groundwater,0.6342305840764524
2023-12-21T00:00:00,Upper_Agriculture_Groundwater,0.6202956717199134
2023-12-22T00:00:00,Upper_Agriculture_Groundwater,0.6028659159939176
2023-12-23T00:00:00,Upper_Agriculture_Groundwater,0.670037154695925
2023-12-24T00:00:00,Upper_Agriculture_Groundwater,0.7249274864975905
2023-12-25T00:00:00,Upper_Agriculture_Groundwater,0.7520997003919639
2023-12-26T00:00:00,Upper_Agriculture_Groundwater,0.7750553966424878
2023-12-27T00:00:00,Upper_Agriculture_Groundwater,0.7926475166389864
2023-12-28T00:00:00,Upper_Agriculture_Groundwater,0.8573792186697592
2023-12-29T00:00:00,Upper_Agriculture_Groundwater,0.8965609851279879
2023-12-30T00:00:00,Upper_Agriculture_Groundwater,0.9371338861078735
2023-12-31T00:00:00,Upper_Agriculture_Groundwater,0.9665989970405007
2024-01-01T00:00:00,Upper_Agriculture_Groundwater,0.9887730269255253
2024-01-02T00:00:00,Upper_Agriculture_Groundwater,0.9901934608631392
2024-01-03T00:00:00,Upper_Agriculture_Groundwater,0.9721886377439762
2024-01-04T00:00:00,Upper_Agriculture_Groundwater,0.9723722046400141
2024-01-05T00:00:00,Upper_Agriculture_Groundwater,0.9809210117794035
2024-01-06T00:00:00,Upper_Agriculture_Groundwater,0.9824513754445149
2024-01-07T00:00:00,Upper_Agriculture_Groundwater,0.9686046962588117
2024-01-08T00:00:00,Upper_Agriculture_Groundwater,0.932885239155801
2024-01-09T00:00:00,Upper_Agriculture_Groundwater,0.8898457065108061
2024-01-10T00:00:00,Upper_Agriculture_Groundwater,0.8512260280032539
2024-01-11T00:00:00,Upper_Agriculture_Groundwater,0.8165726281321042
2024-01-12T00:00:00,Upper_Agriculture_Groundwater,0.7738662879551503
2024-01-13T00:00:00,Upper_Agriculture_Groundwater,0.7406074895322659
2024-01-14T00:00:00,Upper_Agriculture_Groundwater,0.6925328279144048
2024-01-15T00:00:00,Upper_Agriculture_Groundwater,0.6532795037247965
2024-01-16T00:00:00,Upper_Agriculture_Groundwater,0.7007423960939653
2024-01-17T00:00:00,Upper_Agriculture_Groundwater,0.7305469549520538
2024-01-18T00:00:00,Upper_Agriculture_Groundwater,0.7351460580775854
2024-01-19T00:00:00,Upper_Agriculture_Groundwater,0.7548197910284882
2024-01-20T00:00:00,Upper_Agriculture_Groundwater,0.7605058768084345
2024-01-21T00:00:00,Upper_Agriculture_Groundwater,0.8348403075221069
2024-01-22T00:00:00,Upper_Agriculture_Groundwater,0.8872420733249612
2024-01-23T00:00:00,Upper_Agriculture_Groundwater,0.9372051628920235
2024-01-24T00:00:00,Upper_Agriculture_Groundwater,0.9646139338124218
2024-01-25T00:00:00,Upper_Agriculture_Groundwater,0.9668872989198204
2024-01-26T00:00:00,Upper_Agriculture_Groundwater,0.9790182516676151
2024-01-27T00:00:00,Upper_Agriculture_Groundwater,0.9754858208766526
2024-01-28T00:00:00,Upper_Agriculture_Groundwater,0.9718812137272085
2024-01-29T00:00:00,Upper_Agriculture_Groundwater,0.9712177097988848
2024-01-30T00:00:00,Upper_Agriculture_Groundwater,0.9528788945189552
2024-01-31T00:00:00,Upper_Agriculture_Groundwater,0.9298917451970203
2024-02-01T00:00:00,Upper_Agriculture_Groundwater,0.9059649167942843
2024-02-02T00:00:00,Upper_Agriculture_Groundwater,0.8580600566201246
2024-02-03T00:00:00,Upper_Agriculture_Groundwater,0.8003344393128534
2024-02-04T00:00:00,Upper_Agriculture_Groundwater,0.7571855049008368
2024-02-05T00:00:00,Upper_Agriculture_Groundwater,0.7232511729780964
2024-02-06T00:00:00,Upper_Agriculture_Groundwater,0.6833305723908938
2024-02-07T00:00:00,Upper_Agriculture_Groundwater,0.65027006019135
2024-02-08T00:00:00,Upper_Agriculture_Groundwater,0.6071301047078077
2024-02-09T00:00:00,Upper_Agriculture_Groundwater,0.5730706397190607
2024-02-10T00:00:00,Upper_Agriculture_Groundwater,0.5519687266809827
2024-02-11T00:00:00,Upper_Agriculture_Groundwater,0.4888953698533313
2024-02-12T00:00:00,Upper_Agriculture_Groundwater,0.4259164371243989
2024-02-13T00:00:00,Upper_Agriculture_Groundwater,0.38274033724272216
2024-02-14T00:00:00,Upper_Agriculture_Groundwater,0.3603303729661374
2024-02-15T00:00:00,Upper_Agriculture_Groundwater,0.3031790781724408
2024-02-16T00:00:00,Upper_Agriculture_Groundwater,0.2617171386078232
2024-02-17T00:00:00,Upper_Agriculture_Groundwater,0.21977019617440363
2024-02-18T00:00:00,Upper_Agriculture_Groundwater,0.18026907084159036
2024-02-19T00:00:00,Upper_Agriculture_Groundwater,0.14822438861359585
2024-02-20T00:00:00,Upper_Agriculture_Groundwater,0.11963683212278368
2024-02-21T00:00:00,Upper_Agriculture_Groundwater,0.08179750304399562
2024-02-22T00:00:00,Upper_Agriculture_Groundwater,0.0401690314597397
2024-02-23T00:00:00,Upper_Agriculture_Groundwater,0.0020565991618951784
2024-02-24T00:00:00,Upper_Agriculture_Groundwater,0.0
2024-02-25T00:00:00,Upper_Agriculture_Groundwater,0.0
2024-02-26T00:00:00,Upper_Agriculture_Groundwater,0.0
2024-02-27T00:00:00,Upper_Agriculture_Groundwater,0.0
2024-02-28T00:00:00,Upper_Agriculture_Groundwater,0.0
2024-02-29T00:00:00,Upper_Agriculture_Groundwater,0.07530742858359758
2024-03-01T00:00:00,Upper_Agriculture_Groundwater,0.19022083518419833
2024-03-02T00:00:00,Upper_Agriculture_Groundwater,0.30101920617884187
2024-03-03T00:00:00,Upper_Agriculture_Groundwater,0.3877556946227165
2024-03-04T00:00:00,Upper_Agriculture_Groundwater,0.45413469331602696
2024-03-05T00:00:00,Upper_Agriculture_Groundwater,0.5033603353244485
2024-03-06T00:00:00,Upper_Agriculture_Groundwater,0.5722195019980256
2024-03-07T00:00:00,Upper_Agriculture_Groundwater,0.6651132319836424
2024-03-08T00:00:00,Upper_Agriculture_Groundwater,0.7288676209521557
2024-03-09T00:00:00,Upper_Agriculture_Groundwater,0.7826145598071315
2024-03-10T00:00:00,Upper_Agriculture_Groundwater,0.8183234346815902
2024-03-11T00:00:00,Upper_Agriculture_Groundwater,0.8510343889830853
2024-03-12T00:00:00,Upper_Agriculture_Groundwater,0.8690199180774638
2024-03-13T00:00:00,Upper_Agriculture_Groundwater,0.9063979974631354
2024-03-14T00:00:00,Upper_Agriculture_Groundwater,0.9276102617908984
2024-03-15T00:00:00,Upper_Agriculture_Groundwater,0.9355160932784775
2024-03-16T00:00:00,Upper_Agriculture_Groundwater,0.9388646558506323
2024-03-17T00:00:00,Upper_Agriculture_Groundwater,0.9391183449755724
2024-03-18T00:00:00,Upper_Agriculture_Groundwater,0.9286726497170168
2024-03-19T00:00:00,Upper_Agriculture_Groundwater,0.919417310060416
2024-03-20T00:00:00,Upper_Agriculture_Groundwater,0.923077831837966
2024-03-21T00:00:00,Upper_Agriculture_Groundwater,0.9214690361594012
2024-03-22T00:00:00,Upper_Agriculture_Groundwater,0.9131285012981709
2024-03-23T00:00:00,Upper_Agriculture_Groundwater,0.9029113830475912
2024-03-24T00:00:00,Upper_Agriculture_Groundwater,0.8912764034341473
2024-03-25T00:00:00,Upper_Agriculture_Groundwater,0.8811293059129165
2024-03-26T00:00:00,Upper_Agriculture_Groundwater,0.8811088638615903
2024-03-27T00:00:00,Upper_Agriculture_Groundwater,0.8950368171613992
2024-03-28T00:00:00,Upper_Agriculture_Groundwater,0.9041670511626302
2024-03-29T00:00:00,Upper_Agriculture_Groundwater,0.9025208701920017
2024-03-30T00:00:00,Upper_Agriculture_Groundwater,0.9068588949038718
2024-03-31T00:00:00,Upper_Agriculture_Groundwater,0.9040005059714485
2024-04-01T00:00:00,Upper_Agriculture_Groundwater,0.879470645876472
2024-04-02T00:00:00,Upper_Agriculture_Groundwater,0.8728718727407758
2024-04-03T00:00:00,Upper_Agriculture_Groundwater,0.8462183077734546
2024-04-04T00:00:00,Upper_Agriculture_Groundwater,0.830500497072191
2024-04-05T00:00:00,Upper_Agriculture_Groundwater,0.8229763054334435
2024-04-06T00:00:00,Upper_Agriculture_Groundwater,0.7917780271517256
2024-04-07T00:00:00,Upper_Agriculture_Groundwater,0.7873781214720147
2024-04-08T00:00:00,Upper_Agriculture_Groundwater,0.7740655366567293
2024-04-09T00:00:00,Upper_Agriculture_Groundwater,0.7727381675897802
2024-04-10T00:00:00,Upper_Agriculture_Groundwater,0.7566175369696545
2024-04-11T00:00:00,Upper_Agriculture_Groundwater,0.7401667707976546
2024-04-12T00:00:00,Upper_Agriculture_Groundwater,0.7355075024903592
2024-04-13T00:00:00,Upper_Agriculture_Groundwater,0.7280677001365455
2024-04-14T00:00:00,Upper_Agriculture_Groundwater,0.7158494232285924
2024-04-15T00:00:00,Upper_Agriculture_Groundwater,0.6987941247008638
2024-04-16T00:00:00,Upper_Agriculture_Groundwater,0.6842913916463951
2024-04-17T00:00:00,Upper_Agriculture_Groundwater,0.7022412639558112
2024-04-18T00:00:00,Upper_Agriculture_Groundwater,0.7097582478868795
2024-04-19T00:00:00,Upper_Agriculture_Groundwater,0.7087494223921774
2024-04-20T00:00:00,Upper_Agriculture_Groundwater,0.700844779517546
2024-04-21T00:00:00,Upper_Agriculture_Groundwater,0.6924735709939198
2024-04-22T00:00:00,Upper_Agriculture_Groundwater,0.6787681563798438
2024-04-23T00:00:00,Upper_Agriculture_Groundwater,0.6608790889786431
2024-04-24T00:00:00,Upper_Agriculture_Groundwater,0.6397801534938833
2024-04-25T00:00:00,Upper_Agriculture_Groundwater,0.6162922142162895
2024-04-26T00:00:00,Upper_Agriculture_Groundwater,0.591104061259276
2024-04-27T00:00:00,Upper_Agriculture_Groundwater,0.5647906167515023
2024-04-28T00:00:00,Upper_Agriculture_Groundwater,0.5378288205326913
2024-04-29T00:00:00,Upper_Agriculture_Groundwater,0.5244714773901271
2024-04-30T00:00:00,Upper_Agriculture_Groundwater,0.47877211467074776
2024-05-01T00:00:00,Upper_Agriculture_Groundwater,0.4346091897213444
2024-05-02T00:00:00,Upper_Agriculture_Groundwater,0.3956704886151121
2024-05-03T00:00:00,Upper_Agriculture_Groundwater,0.36622143583291605
2024-05-04T00:00:00,Upper_Agriculture_Groundwater,0.3626555687210066
2024-05-05T00:00:00,Upper_Agriculture_Groundwater,0.3561406606731501
2024-05-06T00:00:00,Upper_Agriculture_Groundwater,0.34730217854765527
2024-05-07T00:00:00,Upper_Agriculture_Groundwater,0.3370983862405276
2024-05-08T00:00:00,Upper_Agriculture_Groundwater,0.32869297060934827
2024-05-09T00:00:00,Upper_Agriculture_Groundwater,0.37322117424199946
2024-05-10T00:00:00,Upper_Agriculture_Groundwater,0.413620807442027
2024-05-11T00:00:00,Upper_Agriculture_Groundwater,0.4602162222596286
2024-05-12T00:00:00,Upper_Agriculture_Groundwater,0.4993438660392906
2024-05-13T00:00:00,Upper_Agriculture_Groundwater,0.538643818840425
2024-05-14T00:00:00,Upper_Agriculture_Groundwater,0.5827303424209385
2024-05-15T00:00:00,Upper_Agriculture_Groundwater,0.6204251230969456
2024-05-16T00:00:00,Upper_Agriculture_Groundwater,0.6627968442135403
2024-05-17T00:00:00,Upper_Agriculture_Groundwater,0.6729507698758453
2024-05-18T00:00:00,Upper_Agriculture_Groundwater,0.6714824219635557
2024-05-19T00:00:00,Upper_Agriculture_Groundwater,0.6580745559349651
2024-05-20T00:00:00,Upper_Agriculture_Groundwater,0.6458296788924582
2024-05-21T00:00:00,Upper_Agriculture_Groundwater,0.640394871699103
2024-05-22T00:00:00,Upper_Agriculture_Groundwater,0.6291048891554939
2024-05-23T00:00:00,Upper_Agriculture_Groundwater,0.6192935944036168
2024-05-24T00:00:00,Upper_Agriculture_Groundwater,0.6084194297105577
2024-05-25T00:00:00,Upper_Agriculture_Groundwater,0.5935271620120758
2024-05-26T00:00:00,Upper_Agriculture_Groundwater,0.575529153556183
2024-05-27T00:00:00,Upper_Agriculture_Groundwater,0.5551954751713504
2024-05-28T00:00:00,Upper_Agriculture_Groundwater,0.5331732409279228
2024-05-29T00:00:00,Upper_Agriculture_Groundwater,0.5100034987814676
2024-05-30T00:00:00,Upper_Agriculture_Groundwater,0.45891997265502193
2024-05-31T00:00:00,Upper_Agriculture_Groundwater,0.4156747167660521
2024-06-01T00:00:00,Upper_Agriculture_Groundwater,0.3712880323283241
2024-06-02T00:00:00,Upper_Agriculture_Groundwater,0.34123825761048177
2024-06-03T00:00:00,Upper_Agriculture_Groundwater,0.31463467751292484
2024-06-04T00:00:00,Upper_Agriculture_Groundwater,0.2786296708587758
2024-06-05T00:00:00,Upper_Agriculture_Groundwater,0.2325269987603261
2024-06-06T00:00:00,Upper_Agriculture_Groundwater,0.19080224437297968
2024-06-07T00:00:00,Upper_Agriculture_Groundwater,0.18340181087549948
2024-06-08T00:00:00,Upper_Agriculture_Groundwater,0.1755734416337842
2024-06-09T00:00:00,Upper_Agriculture_Groundwater,0.16747672813165593
2024-06-10T00:00:00,Upper_Agriculture_Groundwater,0.15924362291361802
2024-06-11T00:00:00,Upper_Agriculture_Groundwater,0.15098237145787038
2024-06-12T00:00:00,Upper_Agriculture_Groundwater,0.14278093406413603
2024-06-13T00:00:00,Upper_Agriculture_Groundwater,0.1347099604345692
2024-06-14T00:00:00,Upper_Agriculture_Groundwater,0.1268253721902741
2024-06-15T00:00:00,Upper_Agriculture_Groundwater,0.11917060199049304
2024-06-16T00:00:00,Upper_Agriculture_Groundwater,0.1117785321087655
2024-06-17T00:00:00,Upper_Agriculture_Groundwater,0.104068370183478
2024-06-18T00:00:00,Upper_Agriculture_Groundwater,0.09732677532216003
2024-06-19T00:00:00,Upper_Agriculture_Groundwater,0.09089281573127124
2024-06-20T00:00:00,Upper_Agriculture_Groundwater,0.0847723803053384
2024-06-21T00:00:00,Upper_Agriculture_Groundwater,0.07896710380727996
2024-06-22T00:00:00,Upper_Agriculture_Groundwater,0.07347515880577901
2024-06-23T00:00:00,Upper_Agriculture_Groundwater,0.06829193176650562
2024-06-24T00:00:00,Upper_Agriculture_Groundwater,0.06341059854702963
2024-06-25T00:00:00,Upper_Agriculture_Groundwater,0.05821781265378235
2024-06-26T00:00:00,Upper_Agriculture_Groundwater,0.04611139795371457
2024-06-27T00:00:00,Upper_Agriculture_Groundwater,0.03384824806712203
2024-06-28T00:00:00,Upper_Agriculture_Groundwater,0.018435814178313876
2024-06-29T00:00:00,Upper_Agriculture_Groundwater,0.013508824586592992
2024-06-30T00:00:00,Upper_Agriculture_Groundwater,0.0004923147714356446
2024-07-01T00:00:00,Upper_Agriculture_Groundwater,0.0
2024-07-02T00:00:00,Upper_Agriculture_Groundwater,0.0
2024-07-03T00:00:00,Upper_Agriculture_Groundwater,0.0
2024-07-04T00:00:00,Upper_Agriculture_Groundwater,0.0
2024-07-05T00:00:00,Upper_Agriculture_Groundwater,0.0
2024-07-06T00:00:00,Upper_Agriculture_Groundwater,0.0
2024-07-07T00:00:00,Upper_Agriculture_Groundwater,0.0
2024-07-08T00:00:00,Upper_Agriculture_Groundwater,0.0
2024-07-09T00:00:00,Upper_Agriculture_Groundwater,0.0
2024-07-10T00:00:00,Upper_Agriculture_Groundwater,0.0
2024-07-11T00:00:00,Upper_Agriculture_Groundwater,0.0
2024-07-12T00:00:00,Upper_Agriculture_Groundwater,0.0
2024-07-13T00:00:00,Upper_Agriculture_Groundwater,0.0
2024-07-14T00:00:00,Upper_Agriculture_Groundwater,0.0
2024-07-15T00:00:00,Upper_Agriculture_Groundwater,0.0
2024-07-16T00:00:00,Upper_Agriculture_Groundwater,0.00031987024645104613
2024-07-17T00:00:00,Upper_Agriculture_Groundwater,0.06570105284446981
2024-07-18T00:00:00,Upper_Agriculture_Groundwater,0.09896672022041827
2024-07-19T00:00:00,Upper_Agriculture_Groundwater,0.17353304359273236
2024-07-20T00:00:00,Upper_Agriculture_Groundwater,0.24152547508837982
2024-07-21T00:00:00,Upper_Agriculture_Groundwater,0.2941236098489708
2024-07-22T00:00:00,Upper_Agriculture_Groundwater,0.32404958290656
2024-07-23T00:00:00,Upper_Agriculture_Groundwater,0.3608444852541407
2024-07-24T00:00:00,Upper_Agriculture_Groundwater,0.36617431130314115
2024-07-25T00:00:00,Upper_Agriculture_Groundwater,0.36374524728979996
2024-07-26T00:00:00,Upper_Agriculture_Groundwater,0.3445322529660953
2024-07-27T00:00:00,Upper_Agriculture_Groundwater,0.32691544503423386
2024-07-28T00:00:00,Upper_Agriculture_Groundwater,0.30859043615908266
2024-07-29T00:00:00,Upper_Agriculture_Groundwater,0.28679055460861974
2024-07-30T00:00:00,Upper_Agriculture_Groundwater,0.2498746650066599
2024-07-31T00:00:00,Upper_Agriculture_Groundwater,0.20906732777900514
2024-08-01T00:00:00,Upper_Agriculture_Groundwater,0.1744065513468138
2024-08-02T00:00:00,Upper_Agriculture_Groundwater,0.13430565692327262
2024-08-03T00:00:00,Upper_Agriculture_Groundwater,0.09521911587097151
2024-08-04T00:00:00,Upper_Agriculture_Groundwater,0.032669226459896665
2024-08-05T00:00:00,Upper_Agriculture_Groundwater,0.0
2024-08-06T00:00:00,Upper_Agriculture_Groundwater,0.0
2024-08-07T00:00:00,Upper_Agriculture_Groundwater,0.0
2024-08-08T00:00:00,Upper_Agriculture_Groundwater,0.0
2024-08-09T00:00:00,Upper_Agriculture_Groundwater,0.0
2024-08-10T00:00:00,Upper_Agriculture_Groundwater,0.0
2024-08-11T00:00:00,Upper_Agriculture_Groundwater,0.0
2024-08-12T00:00:00,Upper_Agriculture_Groundwater,0.0
2024-08-13T00:00:00,Upper_Agriculture_Groundwater,0.0
2024-08-14T00:00:00,Upper_Agriculture_Groundwater,0.0
2024-08-15T00:00:00,Upper_Agriculture_Groundwater,0.0
2024-08-16T00:00:00,Upper_Agriculture_Groundwater,0.0
2024-08-17T00:00:00,Upper_Agriculture_Groundwater,0.0
2024-08-18T00:00:00,Upper_Agriculture_Groundwater,0.0
2024-08-19T00:00:00,Upper_Agriculture_Groundwater,0.0
2024-08-20T00:00:00,Upper_Agriculture_Groundwater,0.0
2024-08-21T00:00:00,Upper_Agriculture_Groundwater,0.0
2024-08-22T00:00:00,Upper_Agriculture_Groundwater,0.0
2024-08-23T00:00:00,Upper_Agriculture_Groundwater,0.0
2024-08-24T00:00:00,Upper_Agriculture_Groundwater,0.0
2024-08-25T00:00:00,Upper_Agriculture_Groundwater,0.0
2024-08-26T00:00:00,Upper_Agriculture_Groundwater,0.0
2024-08-27T00:00:00,Upper_Agriculture_Groundwater,0.0
2024-08-28T00:00:00,Upper_Agriculture_Groundwater,0.0
2024-08-29T00:00:00,Upper_Agriculture_Groundwater,0.0
2024-08-30T00:00:00,Upper_Agriculture_Groundwater,0.0
2024-08-31T00:00:00,Upper_Agriculture_Groundwater,0.0
2024-09-01T00:00:00,Upper_Agriculture_Groundwater,0.0
2024-09-02T00:00:00,Upper_Agriculture_Groundwater,0.0
2024-09-03T00:00:00,Upper_Agriculture_Groundwater,0.0
2024-09-04T00:00:00,Upper_Agriculture_Groundwater,0.0
2024-09-05T00:00:00,Upper_Agriculture_Groundwater,0.0
2024-09-06T00:00:00,Upper_Agriculture_Groundwater,0.0
2024-09-07T00:00:00,Upper_Agriculture_Groundwater,0.0
2024-09-08T00:00:00,Upper_Agriculture_Groundwater,0.0
2024-09-09T00:00:00,Upper_Agriculture_Groundwater,0.0
2024-09-10T00:00:00,Upper_Agriculture_Groundwater,0.0
2024-09-11T00:00:00,Upper_Agriculture_Groundwater,0.0
2024-09-12T00:00:00,Upper_Agriculture_Groundwater,0.0
2024-09-13T00:00:00,Upper_Agriculture_Groundwater,0.0
2024-09-14T00:00:00,Upper_Agriculture_Groundwater,0.0
2024-09-15T00:00:00,Upper_Agriculture_Groundwater,0.0
2024-09-16T00:00:00,Upper_Agriculture_Groundwater,0.0
2024-09-17T00:00:00,Upper_Agriculture_Groundwater,0.0
2024-09-18T00:00:00,Upper_Agriculture_Groundwater,0.0
2024-09-19T00:00:00,Upper_Agriculture_Groundwater,0.0
2024-09-20T00:00:00,Upper_Agriculture_Groundwater,0.0
2024-09-21T00:00:00,Upper_Agriculture_Groundwater,0.0
2024-09-22T00:00:00,Upper_Agriculture_Groundwater,0.0
2024-09-23T00:00:00,Upper_Agriculture_Groundwater,0.0
2024-09-24T00:00:00,Upper_Agriculture_Groundwater,0.0
2024-09-25T00:00:00,Upper_Agriculture_Groundwater,0.0
2024-09-26T00:00:00,Upper_Agriculture_Groundwater,0.0
2024-09-27T00:00:00,Upper_Agriculture_Groundwater,0.0
2024-09-28T00:00:00,Upper_Agriculture_Groundwater,0.0
2024-09-29T00:00:00,Upper_Agriculture_Groundwater,0.0
2024-09-30T00:00:00,Upper_Agriculture_Groundwater,0.0
2024-10-01T00:00:00,Upper_Agriculture_Groundwater,0.0
2024-10-02T00:00:00,Upper_Agriculture_Groundwater,0.0
2024-10-03T00:00:00,Upper_Agriculture_Groundwater,0.0
2024-10-04T00:00:00,Upper_Agriculture_Groundwater,0.0
2024-10-05T00:00:00,Upper_Agriculture_Groundwater,0.0
2024-10-06T00:00:00,Upper_Agriculture_Groundwater,0.0
2024-10-07T00:00:00,Upper_Agriculture_Groundwater,0.0
2024-10-08T00:00:00,Upper_Agriculture_Groundwater,0.0
2024-10-09T00:00:00,Upper_Agriculture_Groundwater,0.0
2024-10-10T00:00:00,Upper_Agriculture_Groundwater,0.0
2024-10-11T00:00:00,Upper_Agriculture_Groundwater,0.0
2024-10-12T00:00:00,Upper_Agriculture_Groundwater,0.0
2024-10-13T00:00:00,Upper_Agriculture_Groundwater,0.0
2024-10-14T00:00:00,Upper_Agriculture_Groundwater,0.0
2024-10-15T00:00:00,Upper_Agriculture_Groundwater,0.0
2024-10-16T00:00:00,Upper_Agriculture_Groundwater,0.0
2024-10-17T00:00:00,Upper_Agriculture_Groundwater,0.0
2024-10-18T00:00:00,Upper_Agriculture_Groundwater,0.0
2024-10-19T00:00:00,Upper_Agriculture_Groundwater,0.0
2024-10-20T00:00:00,Upper_Agriculture_Groundwater,0.0
2024-10-21T00:00:00,Upper_Agriculture_Groundwater,0.0
2024-10-22T00:00:00,Upper_Agriculture_Groundwater,0.0
2024-10-23T00:00:00,Upper_Agriculture_Groundwater,0.0
2024-10-24T00:00:00,Upper_Agriculture_Groundwater,0.0
2024-10-25T00:00:00,Upper_Agriculture_Groundwater,0.0
2024-10-26T00:00:00,Upper_Agriculture_Groundwater,0.0
2024-10-27T00:00:00,Upper_Agriculture_Groundwater,0.0
2024-10-28T00:00:00,Upper_Agriculture_Groundwater,0.0
2024-10-29T00:00:00,Upper_Agriculture_Groundwater,0.0
2024-10-30T00:00:00,Upper_Agriculture_Groundwater,0.0
2024-10-31T00:00:00,Upper_Agriculture_Groundwater,0.0
2024-11-01T00:00:00,Upper_Agriculture_Groundwater,0.0
2024-11-02T00:00:00,Upper_Agriculture_Groundwater,0.0
2024-11-03T00:00:00,Upper_Agriculture_Groundwater,0.0
2024-11-04T00:00:00,Upper_Agriculture_Groundwater,0.0
2024-11-05T00:00:00,Upper_Agriculture_Groundwater,0.0
2024-11-06T00:00:00,Upper_Agriculture_Groundwater,0.0
2024-11-07T00:00:00,Upper_Agriculture_Groundwater,0.0
2024-11-08T00:00:00,Upper_Agriculture_Groundwater,0.0
2024-11-09T00:00:00,Upper_Agriculture_Groundwater,0.0
2024-11-10T00:00:00,Upper_Agriculture_Groundwater,0.0
2024-11-11T00:00:00,Upper_Agriculture_Groundwater,0.0
2024-11-12T00:00:00,Upper_Agriculture_Groundwater,0.0
2024-11-13T00:00:00,Upper_Agriculture_Groundwater,0.0
2024-11-14T00:00:00,Upper_Agriculture_Groundwater,0.0
2024-11-15T00:00:00,Upper_Agriculture_Groundwater,0.0
2024-11-16T00:00:00,Upper_Agriculture_Groundwater,0.0
2024-11-17T00:00:00,Upper_Agriculture_Groundwater,0.0
2024-11-18T00:00:00,Upper_Agriculture_Groundwater,0.0
2024-11-19T00:00:00,Upper_Agriculture_Groundwater,0.0
2024-11-20T00:00:00,Upper_Agriculture_Groundwater,0.0
2024-11-21T00:00:00,Upper_Agriculture_Groundwater,0.0
2024-11-22T00:00:00,Upper_Agriculture_Groundwater,0.0
2024-11-23T00:00:00,Upper_Agriculture_Groundwater,0.0
2024-11-24T00:00:00,Upper_Agriculture_Groundwater,0.0
2024-11-25T00:00:00,Upper_Agriculture_Groundwater,0.0
2024-11-26T00:00:00,Upper_Agriculture_Groundwater,0.0
2024-11-27T00:00:00,Upper_Agriculture_Groundwater,0.0
2024-11-28T00:00:00,Upper_Agriculture_Groundwater,0.0
2024-11-29T00:00:00,Upper_Agriculture_Groundwater,0.0
2024-11-30T00:00:00,Upper_Agriculture_Groundwater,0.0
2024-12-01T00:00:00,Upper_Agriculture_Groundwater,0.0
2024-12-02T00:00:00,Upper_Agriculture_Groundwater,0.0
2024-12-03T00:00:00,Upper_Agriculture_Groundwater,0.0
2024-12-04T00:00:00,Upper_Agriculture_Groundwater,0.0
2024-12-05T00:00:00,Upper_Agriculture_Groundwater,0.0
2024-12-06T00:00:00,Upper_Agriculture_Groundwater,0.0
2024-12-07T00:00:00,Upper_Agriculture_Groundwater,0.0
2024-12-08T00:00:00,Upper_Agriculture_Groundwater,0.0
2024-12-09T00:00:00,Upper_Agriculture_Groundwater,0.0
2024-12-10T00:00:00,Upper_Agriculture_Groundwater,0.0
2024-12-11T00:00:00,Upper_Agriculture_Groundwater,0.0
2024-12-12T00:00:00,Upper_Agriculture_Groundwater,0.0
2024-12-13T00:00:00,Upper_Agriculture_Groundwater,0.0
2024-12-14T00:00:00,Upper_Agriculture_Groundwater,0.0
2024-12-15T00:00:00,Upper_Agriculture_Groundwater,0.0
2024-12-16T00:00:00,Upper_Agriculture_Groundwater,0.0
2024-12-17T00:00:00,Upper_Agriculture_Groundwater,0.0
2024-12-18T00:00:00,Upper_Agriculture_Groundwater,0.0
2024-12-19T00:00:00,Upper_Agriculture_Groundwater,0.0
2024-12-20T00:00:00,Upper_Agriculture_Groundwater,0.0
2024-12-21T00:00:00,Upper_Agriculture_Groundwater,0.0
2024-12-22T00:00:00,Upper_Agriculture_Groundwater,0.0
2024-12-23T00:00:00,Upper_Agriculture_Groundwater,0.0
2024-12-24T00:00:00,Upper_Agriculture_Groundwater,0.0
2024-12-25T00:00:00,Upper_Agriculture_Groundwater,0.0
2024-12-26T00:00:00,Upper_Agriculture_Groundwater,0.0
2024-12-27T00:00:00,Upper_Agriculture_Groundwater,0.0
2024-12-28T00:00:00,Upper_Agriculture_Groundwater,0.0
2024-12-29T00:00:00,Upper_Agriculture_Groundwater,0.0
2024-12-30T00:00:00,Upper_Agriculture_Groundwater,0.0
2024-12-31T00:00:00,Upper_Agriculture_Groundwater,0.0
2025-01-01T00:00:00,Upper_Agriculture_Groundwater,0.0
2025-01-02T00:00:00,Upper_Agriculture_Groundwater,0.0
2025-01-03T00:00:00,Upper_Agriculture_Groundwater,0.0
2025-01-04T00:00:00,Upper_Agriculture_Groundwater,0.0
2025-01-05T00:00:00,Upper_Agriculture_Groundwater,0.0
2025-01-06T00:00:00,Upper_Agriculture_Groundwater,0.0
2025-01-07T00:00:00,Upper_Agriculture_Groundwater,0.0
2025-01-08T00:00:00,Upper_Agriculture_Groundwater,0.0
2025-01-09T00:00:00,Upper_Agriculture_Groundwater,0.0
2025-01-10T00:00:00,Upper_Agriculture_Groundwater,0.0
2025-01-11T00:00:00,Upper_Agriculture_Groundwater,0.0
2025-01-12T00:00:00,Upper_Agriculture_Groundwater,0.0
2025-01-13T00:00:00,Upper_Agriculture_Groundwater,0.0
2025-01-14T00:00:00,Upper_Agriculture_Groundwater,0.0
2025-01-15T00:00:00,Upper_Agriculture_Groundwater,0.0
2025-01-16T00:00:00,Upper_Agriculture_Groundwater,0.0
2025-01-17T00:00:00,Upper_Agriculture_Groundwater,0.0
2025-01-18T00:00:00,Upper_Agriculture_Groundwater,0.0
2025-01-19T00:00:00,Upper_Agriculture_Groundwater,0.0
2025-01-20T00:00:00,Upper_Agriculture_Groundwater,0.0
2025-01-21T00:00:00,Upper_Agriculture_Groundwater,0.0
2025-01-22T00:00:00,Upper_Agriculture_Groundwater,0.0
2025-01-23T00:00:00,Upper_Agriculture_Groundwater,0.0
2025-01-24T00:00:00,Upper_Agriculture_Groundwater,0.0
2025-01-25T00:00:00,Upper_Agriculture_Groundwater,0.0
2025-01-26T00:00:00,Upper_Agriculture_Groundwater,0.0
2025-01-27T00:00:00,Upper_Agriculture_Groundwater,0.0
2025-01-28T00:00:00,Upper_Agriculture_Groundwater,0.0
2025-01-29T00:00:00,Upper_Agriculture_Groundwater,0.0
2025-01-30T00:00:00,Upper_Agriculture_Groundwater,0.0
2025-01-31T00:00:00,Upper_Agriculture_Groundwater,0.0
2025-02-01T00:00:00,Upper_Agriculture_Groundwater,0.0
2025-02-02T00:00:00,Upper_Agriculture_Groundwater,0.0
2025-02-03T00:00:00,Upper_Agriculture_Groundwater,0.0
2025-02-04T00:00:00,Upper_Agriculture_Groundwater,0.02601729237598562
2025-02-05T00:00:00,Upper_Agriculture_Groundwater,0.182096281972384
2025-02-06T00:00:00,Upper_Agriculture_Groundwater,0.3138863407257406
2025-02-07T00:00:00,Upper_Agriculture_Groundwater,0.4313876649087033
2025-02-08T00:00:00,Upper_Agriculture_Groundwater,0.5046501808478154
2025-02-09T00:00:00,Upper_Agriculture_Groundwater,0.6254188769500186
2025-02-10T00:00:00,Upper_Agriculture_Groundwater,0.726523012023301
2025-02-11T00:00:00,Upper_Agriculture_Groundwater,0.816755971312428
2025-02-12T00:00:00,Upper_Agriculture_Groundwater,0.867348388623498
2025-02-13T00:00:00,Upper_Agriculture_Groundwater,0.900924842759228
2025-02-14T00:00:00,Upper_Agriculture_Groundwater,0.9345046821815775
2025-02-15T00:00:00,Upper_Agriculture_Groundwater,0.941462825291867
2025-02-16T00:00:00,Upper_Agriculture_Groundwater,0.9128270129582811
2025-02-17T00:00:00,Upper_Agriculture_Groundwater,0.9020950948384945
2025-02-18T00:00:00,Upper_Agriculture_Groundwater,0.8874304902130812
2025-02-19T00:00:00,Upper_Agriculture_Groundwater,0.8542189755643659
2025-02-20T00:00:00,Upper_Agriculture_Groundwater,0.8579967389432644
2025-02-21T00:00:00,Upper_Agriculture_Groundwater,0.8428352398907404
2025-02-22T00:00:00,Upper_Agriculture_Groundwater,0.8331334332592868
2025-02-23T00:00:00,Upper_Agriculture_Groundwater,0.8154921155552153
2025-02-24T00:00:00,Upper_Agriculture_Groundwater,0.7970998870593661
2025-02-25T00:00:00,Upper_Agriculture_Groundwater,0.7758641431071357
2025-02-26T00:00:00,Upper_Agriculture_Groundwater,0.7567963090747574
2025-02-27T00:00:00,Upper_Agriculture_Groundwater,0.6890282004177822
2025-02-28T00:00:00,Upper_Agriculture_Groundwater,0.6271247904014557
2025-03-01T00:00:00,Upper_Agriculture_Groundwater,0.6019799403842154
2025-03-02T00:00:00,Upper_Agriculture_Groundwater,0.5869025724664101
2025-03-03T00:00:00,Upper_Agriculture_Groundwater,0.5263639187283223
2025-03-04T00:00:00,Upper_Agriculture_Groundwater,0.48464381001318885
2025-03-05T00:00:00,Upper_Agriculture_Groundwater,0.4545065638537991
2025-03-06T00:00:00,Upper_Agriculture_Groundwater,0.4468997688261533
2025-03-07T00:00:00,Upper_Agriculture_Groundwater,0.45163622716550117
2025-03-08T00:00:00,Upper_Agriculture_Groundwater,0.4728703161487184
2025-03-09T00:00:00,Upper_Agriculture_Groundwater,0.5043924250636351
2025-03-10T00:00:00,Upper_Agriculture_Groundwater,0.5248814090340829
2025-03-11T00:00:00,Upper_Agriculture_Groundwater,0.5431586719598036
2025-03-12T00:00:00,Upper_Agriculture_Groundwater,0.52833966821004
2025-03-13T00:00:00,Upper_Agriculture_Groundwater,0.4820224784906293
2025-03-14T00:00:00,Upper_Agriculture_Groundwater,0.42371861003300015
2025-03-15T00:00:00,Upper_Agriculture_Groundwater,0.4047935304819933
2025-03-16T00:00:00,Upper_Agriculture_Groundwater,0.4007580407408582
2025-03-17T00:00:00,Upper_Agriculture_Groundwater,0.3788354736431293
2025-03-18T00:00:00,Upper_Agriculture_Groundwater,0.34198839955753785
2025-03-19T00:00:00,Upper_Agriculture_Groundwater,0.31047630555263284
2025-03-20T00:00:00,Upper_Agriculture_Groundwater,0.300051226353132
2025-03-21T00:00:00,Upper_Agriculture_Groundwater,0.28383351993800604
2025-03-22T00:00:00,Upper_Agriculture_Groundwater,0.2681612425423725
2025-03-23T00:00:00,Upper_Agriculture_Groundwater,0.2510261254264867
2025-03-24T00:00:00,Upper_Agriculture_Groundwater,0.22477817930835528
2025-03-25T00:00:00,Upper_Agriculture_Groundwater,0.2236874811595848
2025-03-26T00:00:00,Upper_Agriculture_Groundwater,0.2158144208474846
2025-03-27T00:00:00,Upper_Agriculture_Groundwater,0.22418325778620982
2025-03-28T00:00:00,Upper_Agriculture_Groundwater,0.26354658312871265
2025-03-29T00:00:00,Upper_Agriculture_Groundwater,0.3372734108248548
2025-03-30T00:00:00,Upper_Agriculture_Groundwater,0.37172564715048056
2025-03-31T00:00:00,Upper_Agriculture_Groundwater,0.39996686210273313
2025-04-01T00:00:00,Upper_Agriculture_Groundwater,0.4244067375930297
2025-04-02T00:00:00,Upper_Agriculture_Groundwater,0.4295564093642386
2025-04-03T00:00:00,Upper_Agriculture_Groundwater,0.43100455940527665
2025-04-04T00:00:00,Upper_Agriculture_Groundwater,0.4222983153444633
2025-04-05T00:00:00,Upper_Agriculture_Groundwater,0.4127519945017616
2025-04-06T00:00:00,Upper_Agriculture_Groundwater,0.4140161146741548
2025-04-07T00:00:00,Upper_Agriculture_Groundwater,0.42577293086705337
2025-04-08T00:00:00,Upper_Agriculture_Groundwater,0.4288760626746284
2025-04-09T00:00:00,Upper_Agriculture_Groundwater,0.4206143588120179
2025-04-10T00:00:00,Upper_Agriculture_Groundwater,0.4091416750951828
2025-04-11T00:00:00,Upper_Agriculture_Groundwater,0.4670481845335948
2025-04-12T00:00:00,Upper_Agriculture_Groundwater,0.5603875753333727
2025-04-13T00:00:00,Upper_Agriculture_Groundwater,0.6472020461278589
2025-04-14T00:00:00,Upper_Agriculture_Groundwater,0.7110497470101143
2025-04-15T00:00:00,Upper_Agriculture_Groundwater,0.7556558872546404
2025-04-16T00:00:00,Upper_Agriculture_Groundwater,0.7842303019801596
2025-04-17T00:00:00,Upper_Agriculture_Groundwater,0.8052032748880287
2025-04-18T00:00:00,Upper_Agriculture_Groundwater,0.8141393501945234
2025-04-19T00:00:00,Upper_Agriculture_Groundwater,0.8132361776908397
2025-04-20T00:00:00,Upper_Agriculture_Groundwater,0.8043722461859472
2025-04-21T00:00:00,Upper_Agriculture_Groundwater,0.7891487392051235
2025-04-22T00:00:00,Upper_Agriculture_Groundwater,0.7689262111586064
2025-04-23T00:00:00,Upper_Agriculture_Groundwater,0.7448567013293405
2025-04-24T00:00:00,Upper_Agriculture_Groundwater,0.717911831354341
2025-04-25T00:00:00,Upper_Agriculture_Groundwater,0.688907368361049
2025-04-26T00:00:00,Upper_Agriculture_Groundwater,0.6585246796528721
2025-04-27T00:00:00,Upper_Agriculture_Groundwater,0.6273294550027194
2025-04-28T00:00:00,Upper_Agriculture_Groundwater,0.5957880284860682
2025-04-29T00:00:00,Upper_Agriculture_Groundwater,0.56087959272272
2025-04-30T00:00:00,Upper_Agriculture_Groundwater,0.5218541638271824
2025-05-01T00:00:00,Upper_Agriculture_Groundwater,0.49700006478352465
2025-05-02T00:00:00,Upper_Agriculture_Groundwater,0.4718982439103274
2025-05-03T00:00:00,Upper_Agriculture_Groundwater,0.4789767865639331
2025-05-04T00:00:00,Upper_Agriculture_Groundwater,0.46480063824771434
2025-05-05T00:00:00,Upper_Agriculture_Groundwater,0.44138715172910115
2025-05-06T00:00:00,Upper_Agriculture_Groundwater,0.41401667613173315
2025-05-07T00:00:00,Upper_Agriculture_Groundwater,0.3932705841365467
2025-05-08T00:00:00,Upper_Agriculture_Groundwater,0.37168682377908163
2025-05-09T00:00:00,Upper_Agriculture_Groundwater,0.3479469496517427
2025-05-10T00:00:00,Upper_Agriculture_Groundwater,0.3714751421120823
2025-05-11T00:00:00,Upper_Agriculture_Groundwater,0.38362286658383826
2025-05-12T00:00:00,Upper_Agriculture_Groundwater,0.3948880547401194
2025-05-13T00:00:00,Upper_Agriculture_Groundwater,0.40806749659930686
2025-05-14T00:00:00,Upper_Agriculture_Groundwater,0.4277359295392555
2025-05-15T00:00:00,Upper_Agriculture_Groundwater,0.43751512092522177
2025-05-16T00:00:00,Upper_Agriculture_Groundwater,0.45255231473860247
2025-05-17T00:00:00,Upper_Agriculture_Groundwater,0.4546427585800538
2025-05-18T00:00:00,Upper_Agriculture_Groundwater,0.46038783050582877
2025-05-19T00:00:00,Upper_Agriculture_Groundwater,0.4521113804606469
2025-05-20T00:00:00,Upper_Agriculture_Groundwater,0.4404025021194431
2025-05-21T00:00:00,Upper_Agriculture_Groundwater,0.44030372564187414
2025-05-22T00:00:00,Upper_Agriculture_Groundwater,0.47167523943862594
2025-05-23T00:00:00,Upper_Agriculture_Groundwater,0.49962701321960934
2025-05-24T00:00:00,Upper_Agriculture_Groundwater,0.573800319850007
2025-05-25T00:00:00,Upper_Agriculture_Groundwater,0.6134460550221295
2025-05-26T00:00:00,Upper_Agriculture_Groundwater,0.6217039999613289
2025-05-27T00:00:00,Upper_Agriculture_Groundwater,0.6103218153624661
2025-05-28T00:00:00,Upper_Agriculture_Groundwater,0.6115100676837623
2025-05-29T00:00:00,Upper_Agriculture_Groundwater,0.6105910513871743
2025-05-30T00:00:00,Upper_Agriculture_Groundwater,0.6129689776730669
2025-05-31T00:00:00,Upper_Agriculture_Groundwater,0.6050761281879113
2025-06-01T00:00:00,Upper_Agriculture_Groundwater,0.593115998823057
2025-06-02T00:00:00,Upper_Agriculture_Groundwater,0.5986802540492926
2025-06-03T00:00:00,Upper_Agriculture_Groundwater,0.5919387382420516
2025-06-04T00:00:00,Upper_Agriculture_Groundwater,0.5696118430557635
2025-06-05T00:00:00,Upper_Agriculture_Groundwater,0.5474034195243124
2025-06-06T00:00:00,Upper_Agriculture_Groundwater,0.5175901622685944
2025-06-07T00:00:00,Upper_Agriculture_Groundwater,0.461049522268778
2025-06-08T00:00:00,Upper_Agriculture_Groundwater,0.4088871886462374
2025-06-09T00:00:00,Upper_Agriculture_Groundwater,0.3394434665255167
2025-06-10T00:00:00,Upper_Agriculture_Groundwater,0.29959673694247957
2025-06-11T00:00:00,Upper_Agriculture_Groundwater,0.2705543586107942
2025-06-12T00:00:00,Upper_Agriculture_Groundwater,0.22817632857602035
2025-06-13T00:00:00,Upper_Agriculture_Groundwater,0.1906006809620922
2025-06-14T00:00:00,Upper_Agriculture_Groundwater,0.25824695958519217
2025-06-15T00:00:00,Upper_Agriculture_Groundwater,0.3278762156740515
2025-06-16T00:00:00,Upper_Agriculture_Groundwater,0.416614830949286
2025-06-17T00:00:00,Upper_Agriculture_Groundwater,0.4733196010127321
2025-06-18T00:00:00,Upper_Agriculture_Groundwater,0.5255246287539975
2025-06-19T00:00:00,Upper_Agriculture_Groundwater,0.6369609749368791
2025-06-20T00:00:00,Upper_Agriculture_Groundwater,0.6995658455956467
2025-06-21T00:00:00,Upper_Agriculture_Groundwater,0.7031214123732928
2025-06-22T00:00:00,Upper_Agriculture_Groundwater,0.7089494073394524
2025-06-23T00:00:00,Upper_Agriculture_Groundwater,0.7049476291886475
2025-06-24T00:00:00,Upper_Agriculture_Groundwater,0.7054826325946095
2025-06-25T00:00:00,Upper_Agriculture_Groundwater,0.701355959027493
2025-06-26T00:00:00,Upper_Agriculture_Groundwater,0.6848913138478522
2025-06-27T00:00:00,Upper_Agriculture_Groundwater,0.6504932381138658
2025-06-28T00:00:00,Upper_Agriculture_Groundwater,0.6105617043881995
2025-06-29T00:00:00,Upper_Agriculture_Groundwater,0.5622533050265264
2025-06-30T00:00:00,Upper_Agriculture_Groundwater,0.5119972884933065
2025-07-01T00:00:00,Upper_Agriculture_Groundwater,0.48122946221646345
2025-07-02T00:00:00,Upper_Agriculture_Groundwater,0.4613534683100565
2025-07-03T00:00:00,Upper_Agriculture_Groundwater,0.42763717856276656
2025-07-04T00:00:00,Upper_Agriculture_Groundwater,0.3982883720818345
2025-07-05T00:00:00,Upper_Agriculture_Groundwater,0.3624286351114611
2025-07-06T00:00:00,Upper_Agriculture_Groundwater,0.31385172181434284
2025-07-07T00:00:00,Upper_Agriculture_Groundwater,0.27697038482553493
2025-07-08T00:00:00,Upper_Agriculture_Groundwater,0.30035647801634524
2025-07-09T00:00:00,Upper_Agriculture_Groundwater,0.39139164872073906
2025-07-10T00:00:00,Upper_Agriculture_Groundwater,0.46490550050409013
2025-07-11T00:00:00,Upper_Agriculture_Groundwater,0.5109725854435635
2025-07-12T00:00:00,Upper_Agriculture_Groundwater,0.5198923983901025
2025-07-13T00:00:00,Upper_Agriculture_Groundwater,0.5249727628928977
2025-07-14T00:00:00,Upper_Agriculture_Groundwater,0.5086576505112305
2025-07-15T00:00:00,Upper_Agriculture_Groundwater,0.4930169529769694
2025-07-16T00:00:00,Upper_Agriculture_Groundwater,0.47239381844445005
2025-07-17T00:00:00,Upper_Agriculture_Groundwater,0.44763874128866515
2025-07-18T00:00:00,Upper_Agriculture_Groundwater,0.40457866137959114
2025-07-19T00:00:00,Upper_Agriculture_Groundwater,0.36904109003944396
2025-07-20T00:00:00,Upper_Agriculture_Groundwater,0.3307591663535311
2025-07-21T00:00:00,Upper_Agriculture_Groundwater,0.27436801650440457
2025-07-22T00:00:00,Upper_Agriculture_Groundwater,0.21197662496156966
2025-07-23T00:00:00,Upper_Agriculture_Groundwater,0.15865455156225722
2025-07-24T00:00:00,Upper_Agriculture_Groundwater,0.1248844865931926
2025-07-25T00:00:00,Upper_Agriculture_Groundwater,0.09585852910231751
2025-07-26T00:00:00,Upper_Agriculture_Groundwater,0.055785078243687565
2025-07-27T00:00:00,Upper_Agriculture_Groundwater,8.773226576039406e-05
2025-07-28T00:00:00,Upper_Agriculture_Groundwater,0.0
2025-07-29T00:00:00,Upper_Agriculture_Groundwater,0.0
2025-07-30T00:00:00,Upper_Agriculture_Groundwater,0.0
2025-07-31T00:00:00,Upper_Agriculture_Groundwater,0.0
2025-08-01T00:00:00,Upper_Agriculture_Groundwater,0.0
2025-08-02T00:00:00,Upper_Agriculture_Groundwater,0.0
2025-08-03T00:00:00,Upper_Agriculture_Groundwater,0.0
2025-08-04T00:00:00,Upper_Agriculture_Groundwater,0.0
2025-08-05T00:00:00,Upper_Agriculture_Groundwater,0.0
2025-08-06T00:00:00,Upper_Agriculture_Groundwater,0.0
2025-08-07T00:00:00,Upper_Agriculture_Groundwater,0.0
2025-08-08T00:00:00,Upper_Agriculture_Groundwater,0.019632475303969273
2025-08-09T00:00:00,Upper_Agriculture_Groundwater,0.08093822106699207
2025-08-10T00:00:00,Upper_Agriculture_Groundwater,0.14248225292437042
2025-08-11T00:00:00,Upper_Agriculture_Groundwater,0.19251081619960334
2025-08-12T00:00:00,Upper_Agriculture_Groundwater,0.22415364429054732
2025-08-13T00:00:00,Upper_Agriculture_Groundwater,0.23393479860130553
2025-08-14T00:00:00,Upper_Agriculture_Groundwater,0.2421793056070072
2025-08-15T00:00:00,Upper_Agriculture_Groundwater,0.23923844322555568
2025-08-16T00:00:00,Upper_Agriculture_Groundwater,0.19152316026432514
2025-08-17T00:00:00,Upper_Agriculture_Groundwater,0.13462894946308182
2025-08-18T00:00:00,Upper_Agriculture_Groundwater,0.07631194921944513
2025-08-19T00:00:00,Upper_Agriculture_Groundwater,0.1585456595299064
2025-08-20T00:00:00,Upper_Agriculture_Groundwater,0.19847030828607984
2025-08-21T00:00:00,Upper_Agriculture_Groundwater,0.20759609069571922
2025-08-22T00:00:00,Upper_Agriculture_Groundwater,0.18581697354057128
2025-08-23T00:00:00,Upper_Agriculture_Groundwater,0.14617787890949557
2025-08-24T00:00:00,Upper_Agriculture_Groundwater,0.09664171346922643
2025-08-25T00:00:00,Upper_Agriculture_Groundwater,0.0508940423279185
2025-08-26T00:00:00,Upper_Agriculture_Groundwater,0.03080820828018119
2025-08-27T00:00:00,Upper_Agriculture_Groundwater,0.03902740061870958
2025-08-28T00:00:00,Upper_Agriculture_Groundwater,0.043964112406731884
2025-08-29T00:00:00,Upper_Agriculture_Groundwater,0.02012576783096165
2025-08-30T00:00:00,Upper_Agriculture_Groundwater,0.02870841104627914
2025-08-31T00:00:00,Upper_Agriculture_Groundwater,0.038356947940221174
2025-09-01T00:00:00,Upper_Agriculture_Groundwater,0.031333973344914626
2025-09-02T00:00:00,Upper_Agriculture_Groundwater,0.01638098418926603
2025-09-03T00:00:00,Upper_Agriculture_Groundwater,0.012703493131299693
2025-09-04T00:00:00,Upper_Agriculture_Groundwater,0.0
2025-09-05T00:00:00,Upper_Agriculture_Groundwater,0.0
2025-09-06T00:00:00,Upper_Agriculture_Groundwater,0.0
2025-09-07T00:00:00,Upper_Agriculture_Groundwater,0.0
2025-09-08T00:00:00,Upper_Agriculture_Groundwater,0.0
2025-09-09T00:00:00,Upper_Agriculture_Groundwater,0.0
2025-09-10T00:00:00,Upper_Agriculture_Groundwater,0.0
2025-09-11T00:00:00,Upper_Agriculture_Groundwater,0.0
2025-09-12T00:00:00,Upper_Agriculture_Groundwater,0.0
2025-09-13T00:00:00,Upper_Agriculture_Groundwater,0.0
2025-09-14T00:00:00,Upper_Agriculture_Groundwater,0.0
2025-09-15T00:00:00,Upper_Agriculture_Groundwater,0.0
2025-09-16T00:00:00,Upper_Agriculture_Groundwater,0.0
2025-09-17T00:00:00,Upper_Agriculture_Groundwater,0.0
2025-09-18T00:00:00,Upper_Agriculture_Groundwater,0.0
2025-09-19T00:00:00,Upper_Agriculture_Groundwater,0.0
2025-09-20T00:00:00,Upper_Agriculture_Groundwater,0.0
2025-09-21T00:00:00,Upper_Agriculture_Groundwater,0.0
2025-09-22T00:00:00,Upper_Agriculture_Groundwater,0.0
2025-09-23T00:00:00,Upper_Agriculture_Groundwater,0.0
2025-09-24T00:00:00,Upper_Agriculture_Groundwater,0.0
2025-09-25T00:00:00,Upper_Agriculture_Groundwater,0.0
2025-09-26T00:00:00,Upper_Agriculture_Groundwater,0.0
2025-09-27T00:00:00,Upper_Agriculture_Groundwater,0.0
2025-09-28T00:00:00,Upper_Agriculture_Groundwater,0.0
2025-09-29T00:00:00,Upper_Agriculture_Groundwater,0.0
2025-09-30T00:00:00,Upper_Agriculture_Groundwater,0.0
2025-10-01T00:00:00,Upper_Agriculture_Groundwater,0.0
2025-10-02T00:00:00,Upper_Agriculture_Groundwater,0.0
2025-10-03T00:00:00,Upper_Agriculture_Groundwater,0.0
2025-10-04T00:00:00,Upper_Agriculture_Groundwater,0.0
2025-10-05T00:00:00,Upper_Agriculture_Groundwater,0.0
2025-10-06T00:00:00,Upper_Agriculture_Groundwater,0.0
2025-10-07T00:00:00,Upper_Agriculture_Groundwater,0.0
2025-10-08T00:00:00,Upper_Agriculture_Groundwater,0.0
2025-10-09T00:00:00,Upper_Agriculture_Groundwater,0.0
2025-10-10T00:00:00,Upper_Agriculture_Groundwater,0.0
2025-10-11T00:00:00,Upper_Agriculture_Groundwater,0.0
2025-10-12T00:00:00,Upper_Agriculture_Groundwater,0.0
2025-10-13T00:00:00,Upper_Agriculture_Groundwater,0.0
2025-10-14T00:00:00,Upper_Agriculture_Groundwater,0.0
2025-10-15T00:00:00,Upper_Agriculture_Groundwater,0.0
2025-10-16T00:00:00,Upper_Agriculture_Groundwater,0.0
2025-10-17T00:00:00,Upper_Agriculture_Groundwater,0.0
2025-10-18T00:00:00,Upper_Agriculture_Groundwater,0.0
2025-10-19T00:00:00,Upper_Agriculture_Groundwater,0.0
2025-10-20T00:00:00,Upper_Agriculture_Groundwater,0.0
2025-10-21T00:00:00,Upper_Agriculture_Groundwater,0.0
2025-10-22T00:00:00,Upper_Agriculture_Groundwater,0.0
2025-10-23T00:00:00,Upper_Agriculture_Groundwater,0.0
2025-10-24T00:00:00,Upper_Agriculture_Groundwater,0.0
2025-10-25T00:00:00,Upper_Agriculture_Groundwater,0.0
2025-10-26T00:00:00,Upper_Agriculture_Groundwater,0.0
2025-10-27T00:00:00,Upper_Agriculture_Groundwater,0.0
2025-10-28T00:00:00,Upper_Agriculture_Groundwater,0.0
2025-10-29T00:00:00,Upper_Agriculture_Groundwater,0.0
2025-10-30T00:00:00,Upper_Agriculture_Groundwater,0.0
2025-10-31T00:00:00,Upper_Agriculture_Groundwater,0.0
2025-11-01T00:00:00,Upper_Agriculture_Groundwater,0.0
2025-11-02T00:00:00,Upper_Agriculture_Groundwater,0.0
2025-11-03T00:00:00,Upper_Agriculture_Groundwater,0.0
2025-11-04T00:00:00,Upper_Agriculture_Groundwater,0.0
2025-11-05T00:00:00,Upper_Agriculture_Groundwater,0.0
2025-11-06T00:00:00,Upper_Agriculture_Groundwater,0.0
2025-11-07T00:00:00,Upper_Agriculture_Groundwater,0.0
2025-11-08T00:00:00,Upper_Agriculture_Groundwater,0.0
2025-11-09T00:00:00,Upper_Agriculture_Groundwater,0.0
2025-11-10T00:00:00,Upper_Agriculture_Groundwater,0.0
2025-11-11T00:00:00,Upper_Agriculture_Groundwater,0.0
2025-11-12T00:00:00,Upper_Agriculture_Groundwater,0.0
2025-11-13T00:00:00,Upper_Agriculture_Groundwater,0.0
2025-11-14T00:00:00,Upper_Agriculture_Groundwater,0.0
2025-11-15T00:00:00,Upper_Agriculture_Groundwater,0.0
2025-11-16T00:00:00,Upper_Agriculture_Groundwater,0.0
2025-11-17T00:00:00,Upper_Agriculture_Groundwater,0.0
2025-11-18T00:00:00,Upper_Agriculture_Groundwater,0.0
2025-11-19T00:00:00,Upper_Agriculture_Groundwater,0.0
2025-11-20T00:00:00,Upper_Agriculture_Groundwater,0.0
2025-11-21T00:00:00,Upper_Agriculture_Groundwater,0.0032224084128847606
2025-11-22T00:00:00,Upper_Agriculture_Groundwater,0.08540223477563699
2025-11-23T00:00:00,Upper_Agriculture_Groundwater,0.18550683178171257
2025-11-24T00:00:00,Upper_Agriculture_Groundwater,0.2649179270388157
2025-11-25T00:00:00,Upper_Agriculture_Groundwater,0.33525549492668205
2025-11-26T00:00:00,Upper_Agriculture_Groundwater,0.40386028996658696
2025-11-27T00:00:00,Upper_Agriculture_Groundwater,0.42636117104924354
2025-11-28T00:00:00,Upper_Agriculture_Groundwater,0.4371178330157028
2025-11-29T00:00:00,Upper_Agriculture_Groundwater,0.43057315087837766
2025-11-30T00:00:00,Upper_Agriculture_Groundwater,0.4233249468383604
2025-12-01T00:00:00,Upper_Agriculture_Groundwater,0.39991505209756356
2025-12-02T00:00:00,Upper_Agriculture_Groundwater,0.36322492683654384
2025-12-03T00:00:00,Upper_Agriculture_Groundwater,0.3133021561067503
2025-12-04T00:00:00,Upper_Agriculture_Groundwater,0.25491409025454825
2025-12-05T00:00:00,Upper_Agriculture_Groundwater,0.1825720560117216
2025-12-06T00:00:00,Upper_Agriculture_Groundwater,0.11846000771491476
2025-12-07T00:00:00,Upper_Agriculture_Groundwater,0.061897288517353384
2025-12-08T00:00:00,Upper_Agriculture_Groundwater,0.0
2025-12-09T00:00:00,Upper_Agriculture_Groundwater,0.0
2025-12-10T00:00:00,Upper_Agriculture_Groundwater,0.0
2025-12-11T00:00:00,Upper_Agriculture_Groundwater,0.0
2025-12-12T00:00:00,Upper_Agriculture_Groundwater,0.0
2025-12-13T00:00:00,Upper_Agriculture_Groundwater,0.0
2025-12-14T00:00:00,Upper_Agriculture_Groundwater,0.0
2025-12-15T00:00:00,Upper_Agriculture_Groundwater,0.0
2025-12-16T00:00:00,Upper_Agriculture_Groundwater,0.0
2025-12-17T00:00:00,Upper_Agriculture_Groundwater,0.0
2025-12-18T00:00:00,Upper_Agriculture_Groundwater,0.0
2025-12-19T00:00:00,Upper_Agriculture_Groundwater,0.0
2025-12-20T00:00:00,Upper_Agriculture_Groundwater,0.0
2025-12-21T00:00:00,Upper_Agriculture_Groundwater,0.0
2025-12-22T00:00:00,Upper_Agriculture_Groundwater,0.0
2025-12-23T00:00:00,Upper_Agriculture_Groundwater,0.0
2025-12-24T00:00:00,Upper_Agriculture_Groundwater,0.0
2025-12-25T00:00:00,Upper_Agriculture_Groundwater,0.0
2025-12-26T00:00:00,Upper_Agriculture_Groundwater,0.0
2025-12-27T00:00:00,Upper_Agriculture_Groundwater,0.0
2025-12-28T00:00:00,Upper_Agriculture_Groundwater,0.0
2025-12-29T00:00:00,Upper_Agriculture_Groundwater,0.0
2025-12-30T00:00:00,Upper_Agriculture_Groundwater,0.0
2025-12-31T00:00:00,Upper_Agriculture_Groundwater,0.0
2026-01-01T00:00:00,Upper_Agriculture_Groundwater,0.0
2026-01-02T00:00:00,Upper_Agriculture_Groundwater,0.0
2026-01-03T00:00:00,Upper_Agriculture_Groundwater,0.0
2026-01-04T00:00:00,Upper_Agriculture_Groundwater,0.0
2026-01-05T00:00:00,Upper_Agriculture_Groundwater,0.0
2026-01-06T00:00:00,Upper_Agriculture_Groundwater,0.0
2026-01-07T00:00:00,Upper_Agriculture_Groundwater,0.0
2026-01-08T00:00:00,Upper_Agriculture_Groundwater,0.061623238713362415
2026-01-09T00:00:00,Upper_Agriculture_Groundwater,0.18228289910278475
2026-01-10T00:00:00,Upper_Agriculture_Groundwater,0.26234863502718925
2026-01-11T00:00:00,Upper_Agriculture_Groundwater,0.3309892747756854
2026-01-12T00:00:00,Upper_Agriculture_Groundwater,0.4445596602242097
2026-01-13T00:00:00,Upper_Agriculture_Groundwater,0.5256347158352708
2026-01-14T00:00:00,Upper_Agriculture_Groundwater,0.5790334837218796
2026-01-15T00:00:00,Upper_Agriculture_Groundwater,0.6203668708728134
2026-01-16T00:00:00,Upper_Agriculture_Groundwater,0.6501834057563408
2026-01-17T00:00:00,Upper_Agriculture_Groundwater,0.6657766449544357
2026-01-18T00:00:00,Upper_Agriculture_Groundwater,0.7362462822553482
2026-01-19T00:00:00,Upper_Agriculture_Groundwater,0.7583651856465337
2026-01-20T00:00:00,Upper_Agriculture_Groundwater,0.7913022455369279
2026-01-21T00:00:00,Upper_Agriculture_Groundwater,0.8195031215927787
2026-01-22T00:00:00,Upper_Agriculture_Groundwater,0.8422551199820887
2026-01-23T00:00:00,Upper_Agriculture_Groundwater,0.8523070474776114
2026-01-24T00:00:00,Upper_Agriculture_Groundwater,0.8351428382742089
2026-01-25T00:00:00,Upper_Agriculture_Groundwater,0.8139064804367092
2026-01-26T00:00:00,Upper_Agriculture_Groundwater,0.7735669257839682
2026-01-27T00:00:00,Upper_Agriculture_Groundwater,0.7119882172574071
2026-01-28T00:00:00,Upper_Agriculture_Groundwater,0.6379947011783199
2026-01-29T00:00:00,Upper_Agriculture_Groundwater,0.5999241661424753
2026-01-30T00:00:00,Upper_Agriculture_Groundwater,0.5891546711020152
2026-01-31T00:00:00,Upper_Agriculture_Groundwater,0.5845190334082232
2026-02-01T00:00:00,Upper_Agriculture_Groundwater,0.5970395365421692
2026-02-02T00:00:00,Upper_Agriculture_Groundwater,0.5618987487152447
2026-02-03T00:00:00,Upper_Agriculture_Groundwater,0.5302248430882839
2026-02-04T00:00:00,Upper_Agriculture_Groundwater,0.49370257109956217
2026-02-05T00:00:00,Upper_Agriculture_Groundwater,0.489603945077701
2026-02-06T00:00:00,Upper_Agriculture_Groundwater,0.530396978549216
2026-02-07T00:00:00,Upper_Agriculture_Groundwater,0.5525107258756532
2026-02-08T00:00:00,Upper_Agriculture_Groundwater,0.5498987139513087
2026-02-09T00:00:00,Upper_Agriculture_Groundwater,0.5305861571530776
2026-02-10T00:00:00,Upper_Agriculture_Groundwater,0.5228469645749791
2026-02-11T00:00:00,Upper_Agriculture_Groundwater,0.5045759889409689
2026-02-12T00:00:00,Upper_Agriculture_Groundwater,0.4894481787880127
2026-02-13T00:00:00,Upper_Agriculture_Groundwater,0.4648611307762374
2026-02-14T00:00:00,Upper_Agriculture_Groundwater,0.43449093057893606
2026-02-15T00:00:00,Upper_Agriculture_Groundwater,0.4003448791133337
2026-02-16T00:00:00,Upper_Agriculture_Groundwater,0.36535672863506363
2026-02-17T00:00:00,Upper_Agriculture_Groundwater,0.33632627946131266
2026-02-18T00:00:00,Upper_Agriculture_Groundwater,0.3041865928359593
2026-02-19T00:00:00,Upper_Agriculture_Groundwater,0.27886134074106506
2026-02-20T00:00:00,Upper_Agriculture_Groundwater,0.2549393531367889
2026-02-21T00:00:00,Upper_Agriculture_Groundwater,0.2381741096459581
2026-02-22T00:00:00,Upper_Agriculture_Groundwater,0.2245712413219249
2026-02-23T00:00:00,Upper_Agriculture_Groundwater,0.1943123255662391
2026-02-24T00:00:00,Upper_Agriculture_Groundwater,0.17963796054847053
2026-02-25T00:00:00,Upper_Agriculture_Groundwater,0.18083342527859314
2026-02-26T00:00:00,Upper_Agriculture_Groundwater,0.19813741745720792
2026-02-27T00:00:00,Upper_Agriculture_Groundwater,0.19722955694731326
2026-02-28T00:00:00,Upper_Agriculture_Groundwater,0.18889725436482535
2026-03-01T00:00:00,Upper_Agriculture_Groundwater,0.18340407672936349
2026-03-02T00:00:00,Upper_Agriculture_Groundwater,0.17663672207734438
2026-03-03T00:00:00,Upper_Agriculture_Groundwater,0.16848159758843564
2026-03-04T00:00:00,Upper_Agriculture_Groundwater,0.15093769077653632
2026-03-05T00:00:00,Upper_Agriculture_Groundwater,0.1385441493511294
2026-03-06T00:00:00,Upper_Agriculture_Groundwater,0.1141167393030409
2026-03-07T00:00:00,Upper_Agriculture_Groundwater,0.10797672977105834
2026-03-08T00:00:00,Upper_Agriculture_Groundwater,0.10505339475244313
2026-03-09T00:00:00,Upper_Agriculture_Groundwater,0.10640279943984042
2026-03-10T00:00:00,Upper_Agriculture_Groundwater,0.10056522924223373
2026-03-11T00:00:00,Upper_Agriculture_Groundwater,0.099004265089751
2026-03-12T00:00:00,Upper_Agriculture_Groundwater,0.09734960147533855
2026-03-13T00:00:00,Upper_Agriculture_Groundwater,0.09007646793291116
2026-03-14T00:00:00,Upper_Agriculture_Groundwater,0.1249501450842169
2026-03-15T00:00:00,Upper_Agriculture_Groundwater,0.1527950421259331
2026-03-16T00:00:00,Upper_Agriculture_Groundwater,0.17200705830846233
2026-03-17T00:00:00,Upper_Agriculture_Groundwater,0.18044080083322714
2026-03-18T00:00:00,Upper_Agriculture_Groundwater,0.1952654842699536
2026-03-19T00:00:00,Upper_Agriculture_Groundwater,0.2390888230110028
2026-03-20T00:00:00,Upper_Agriculture_Groundwater,0.294315399161143
2026-03-21T00:00:00,Upper_Agriculture_Groundwater,0.31439345185114603
2026-03-22T00:00:00,Upper_Agriculture_Groundwater,0.34438666001153706
2026-03-23T00:00:00,Upper_Agriculture_Groundwater,0.3858660120213392
2026-03-24T00:00:00,Upper_Agriculture_Groundwater,0.40435634702906326
2026-03-25T00:00:00,Upper_Agriculture_Groundwater,0.42297091491502953
2026-03-26T00:00:00,Upper_Agriculture_Groundwater,0.44307244575351323
2026-03-27T00:00:00,Upper_Agriculture_Groundwater,0.45492396127514917
2026-03-28T00:00:00,Upper_Agriculture_Groundwater,0.459974449234924
2026-03-29T00:00:00,Upper_Agriculture_Groundwater,0.4594655999899913
2026-03-30T00:00:00,Upper_Agriculture_Groundwater,0.45445877610169555
2026-03-31T00:00:00,Upper_Agriculture_Groundwater,0.4609786609911594
2026-04-01T00:00:00,Upper_Agriculture_Groundwater,0.4465299811417125
2026-04-02T00:00:00,Upper_Agriculture_Groundwater,0.4125196506522434
2026-04-03T00:00:00,Upper_Agriculture_Groundwater,0.3689315264492521
2026-04-04T00:00:00,Upper_Agriculture_Groundwater,0.3265943105803359
2026-04-05T00:00:00,Upper_Agriculture_Groundwater,0.3037923426207115
2026-04-06T00:00:00,Upper_Agriculture_Groundwater,0.29480418514720835
2026-04-07T00:00:00,Upper_Agriculture_Groundwater,0.29927237574219817
2026-04-08T00:00:00,Upper_Agriculture_Groundwater,0.30128488636671674
2026-04-09T00:00:00,Upper_Agriculture_Groundwater,0.2939297711089114
2026-04-10T00:00:00,Upper_Agriculture_Groundwater,0.2795644300389972
2026-04-11T00:00:00,Upper_Agriculture_Groundwater,0.2844864594719792
2026-04-12T00:00:00,Upper_Agriculture_Groundwater,0.35201027871797375
2026-04-13T00:00:00,Upper_Agriculture_Groundwater,0.4152149495200513
2026-04-14T00:00:00,Upper_Agriculture_Groundwater,0.5013387433745334
2026-04-15T00:00:00,Upper_Agriculture_Groundwater,0.5314305889629171
2026-04-16T00:00:00,Upper_Agriculture_Groundwater,0.5517002779998804
2026-04-17T00:00:00,Upper_Agriculture_Groundwater,0.6109151633398219
2026-04-18T00:00:00,Upper_Agriculture_Groundwater,0.6319649488317742
2026-04-19T00:00:00,Upper_Agriculture_Groundwater,0.6497113055919385
2026-04-20T00:00:00,Upper_Agriculture_Groundwater,0.6617971415117532
2026-04-21T00:00:00,Upper_Agriculture_Groundwater,0.6855167771916845
2026-04-22T00:00:00,Upper_Agriculture_Groundwater,0.6946085943205119
2026-04-23T00:00:00,Upper_Agriculture_Groundwater,0.7154943202516577
2026-04-24T00:00:00,Upper_Agriculture_Groundwater,0.7559352950533701
2026-04-25T00:00:00,Upper_Agriculture_Groundwater,0.7898422516922223
2026-04-26T00:00:00,Upper_Agriculture_Groundwater,0.8145744640527703
2026-04-27T00:00:00,Upper_Agriculture_Groundwater,0.8207162114242871
2026-04-28T00:00:00,Upper_Agriculture_Groundwater,0.8439035446809721
2026-04-29T00:00:00,Upper_Agriculture_Groundwater,0.8493473691720769
2026-04-30T00:00:00,Upper_Agriculture_Groundwater,0.8591284333181523
2026-05-01T00:00:00,Upper_Agriculture_Groundwater,0.8609848509432914
2026-05-02T00:00:00,Upper_Agriculture_Groundwater,0.8812912607102215
2026-05-03T00:00:00,Upper_Agriculture_Groundwater,0.958665020014333
2026-05-04T00:00:00,Upper_Agriculture_Groundwater,1.0529480748505207
2026-05-05T00:00:00,Upper_Agriculture_Groundwater,1.1591129085193268
2026-05-06T00:00:00,Upper_Agriculture_Groundwater,1.2480052947058657
2026-05-07T00:00:00,Upper_Agriculture_Groundwater,1.3051088745699029
2026-05-08T00:00:00,Upper_Agriculture_Groundwater,1.3404889655140741
2026-05-09T00:00:00,Upper_Agriculture_Groundwater,1.3406219495237122
2026-05-10T00:00:00,Upper_Agriculture_Groundwater,1.3246018470762815
2026-05-11T00:00:00,Upper_Agriculture_Groundwater,1.3240381856231005
2026-05-12T00:00:00,Upper_Agriculture_Groundwater,1.2764724379897945
2026-05-13T00:00:00,Upper_Agriculture_Groundwater,1.236368258026918
2026-05-14T00:00:00,Upper_Agriculture_Groundwater,1.184867389676718
2026-05-15T00:00:00,Upper_Agriculture_Groundwater,1.1272508524162896
2026-05-16T00:00:00,Upper_Agriculture_Groundwater,1.0760222287111796
2026-05-17T00:00:00,Upper_Agriculture_Groundwater,1.0151181812229286
2026-05-18T00:00:00,Upper_Agriculture_Groundwater,0.9650696009452161
2026-05-19T00:00:00,Upper_Agriculture_Groundwater,0.915242434910815
2026-05-20T00:00:00,Upper_Agriculture_Groundwater,0.8559927260738429
2026-05-21T00:00:00,Upper_Agriculture_Groundwater,0.7743413346551571
2026-05-22T00:00:00,Upper_Agriculture_Groundwater,0.6875780542594708
2026-05-23T00:00:00,Upper_Agriculture_Groundwater,0.6154438565963701
2026-05-24T00:00:00,Upper_Agriculture_Groundwater,0.5940787179232956
2026-05-25T00:00:00,Upper_Agriculture_Groundwater,0.5724651284188704
2026-05-26T00:00:00,Upper_Agriculture_Groundwater,0.5584566696360989
2026-05-27T00:00:00,Upper_Agriculture_Groundwater,0.5346305313256917
2026-05-28T00:00:00,Upper_Agriculture_Groundwater,0.49601417398100606
2026-05-29T00:00:00,Upper_Agriculture_Groundwater,0.4731408627920001
2026-05-30T00:00:00,Upper_Agriculture_Groundwater,0.44141487210098573
2026-05-31T00:00:00,Upper_Agriculture_Groundwater,0.4094882709202546
2026-06-01T00:00:00,Upper_Agriculture_Groundwater,0.3886250012546597
2026-06-02T00:00:00,Upper_Agriculture_Groundwater,0.35519918281298
2026-06-03T00:00:00,Upper_Agriculture_Groundwater,0.3497218780470911
2026-06-04T00:00:00,Upper_Agriculture_Groundwater,0.3451749224062513
2026-06-05T00:00:00,Upper_Agriculture_Groundwater,0.3626454191131069
2026-06-06T00:00:00,Upper_Agriculture_Groundwater,0.3660435072545292
2026-06-07T00:00:00,Upper_Agriculture_Groundwater,0.35182992357653464
2026-06-08T00:00:00,Upper_Agriculture_Groundwater,0.2953093415615936
2026-06-09T00:00:00,Upper_Agriculture_Groundwater,0.27215761671387695
2026-06-10T00:00:00,Upper_Agriculture_Groundwater,0.23429306342008802
2026-06-11T00:00:00,Upper_Agriculture_Groundwater,0.2079326446179175
2026-06-12T00:00:00,Upper_Agriculture_Groundwater,0.20754425894198023
2026-06-13T00:00:00,Upper_Agriculture_Groundwater,0.20315838395505123
2026-06-14T00:00:00,Upper_Agriculture_Groundwater,0.18711120137608644
2026-06-15T00:00:00,Upper_Agriculture_Groundwater,0.1585129114733661
2026-06-16T00:00:00,Upper_Agriculture_Groundwater,0.12741276753742825
2026-06-17T00:00:00,Upper_Agriculture_Groundwater,0.09737920327394249
2026-06-18T00:00:00,Upper_Agriculture_Groundwater,0.058288784187781176
2026-06-19T00:00:00,Upper_Agriculture_Groundwater,0.020357536886112654
2026-06-20T00:00:00,Upper_Agriculture_Groundwater,0.04398765120290221
2026-06-21T00:00:00,Upper_Agriculture_Groundwater,0.08300944728747084
2026-06-22T00:00:00,Upper_Agriculture_Groundwater,0.1080414076430958
2026-06-23T00:00:00,Upper_Agriculture_Groundwater,0.11241424145472252
2026-06-24T00:00:00,Upper_Agriculture_Groundwater,0.09820009442759187
2026-06-25T00:00:00,Upper_Agriculture_Groundwater,0.1131625543913401
2026-06-26T00:00:00,Upper_Agriculture_Groundwater,0.1442147614180624
2026-06-27T00:00:00,Upper_Agriculture_Groundwater,0.1663877014955267
2026-06-28T00:00:00,Upper_Agriculture_Groundwater,0.18534502594331573
2026-06-29T00:00:00,Upper_Agriculture_Groundwater,0.25157548848659445
2026-06-30T00:00:00,Upper_Agriculture_Groundwater,0.3351892082617837
2026-07-01T00:00:00,Upper_Agriculture_Groundwater,0.3984757891970699
2026-07-02T00:00:00,Upper_Agriculture_Groundwater,0.4504101218626798
2026-07-03T00:00:00,Upper_Agriculture_Groundwater,0.4844045101031989
2026-07-04T00:00:00,Upper_Agriculture_Groundwater,0.4956047194769849
2026-07-05T00:00:00,Upper_Agriculture_Groundwater,0.5006885218749852
2026-07-06T00:00:00,Upper_Agriculture_Groundwater,0.5012510365986143
2026-07-07T00:00:00,Upper_Agriculture_Groundwater,0.4847191231587672
2026-07-08T00:00:00,Upper_Agriculture_Groundwater,0.43485004204090555
2026-07-09T00:00:00,Upper_Agriculture_Groundwater,0.38835366591502607
2026-07-10T00:00:00,Upper_Agriculture_Groundwater,0.33283718459391426
2026-07-11T00:00:00,Upper_Agriculture_Groundwater,0.2776457428778747
2026-07-12T00:00:00,Upper_Agriculture_Groundwater,0.23324869765910336
2026-07-13T00:00:00,Upper_Agriculture_Groundwater,0.19334180405530843
2026-07-14T00:00:00,Upper_Agriculture_Groundwater,0.1584790021956803
2026-07-15T00:00:00,Upper_Agriculture_Groundwater,0.14014654266742554
2026-07-16T00:00:00,Upper_Agriculture_Groundwater,0.10629610502286455
2026-07-17T00:00:00,Upper_Agriculture_Groundwater,0.08844364948054079
2026-07-18T00:00:00,Upper_Agriculture_Groundwater,0.08229168399645345
2026-07-19T00:00:00,Upper_Agriculture_Groundwater,0.05930935511437696
2026-07-20T00:00:00,Upper_Agriculture_Groundwater,0.00889289516875209
2026-07-21T00:00:00,Upper_Agriculture_Groundwater,0.0
2026-07-22T00:00:00,Upper_Agriculture_Groundwater,0.0
2026-07-23T00:00:00,Upper_Agriculture_Groundwater,0.0
2026-07-24T00:00:00,Upper_Agriculture_Groundwater,0.0
2026-07-25T00:00:00,Upper_Agriculture_Groundwater,0.0
2026-07-26T00:00:00,Upper_Agriculture_Groundwater,0.0
2026-07-27T00:00:00,Upper_Agriculture_Groundwater,0.0
2026-07-28T00:00:00,Upper_Agriculture_Groundwater,0.0
2026-07-29T00:00:00,Upper_Agriculture_Groundwater,0.0
2026-07-30T00:00:00,Upper_Agriculture_Groundwater,0.0
2026-07-31T00:00:00,Upper_Agriculture_Groundwater,0.0
2026-08-01T00:00:00,Upper_Agriculture_Groundwater,0.0
2026-08-02T00:00:00,Upper_Agriculture_Groundwater,0.0
2026-08-03T00:00:00,Upper_Agriculture_Groundwater,0.0
2026-08-04T00:00:00,Upper_Agriculture_Groundwater,0.0
2026-08-05T00:00:00,Upper_Agriculture_Groundwater,0.0
2026-08-06T00:00:00,Upper_Agriculture_Groundwater,0.0
2026-08-07T00:00:00,Upper_Agriculture_Groundwater,0.0
2026-08-08T00:00:00,Upper_Agriculture_Groundwater,0.0
2026-08-09T00:00:00,Upper_Agriculture_Groundwater,0.0
2026-08-10T00:00:00,Upper_Agriculture_Groundwater,0.0
2026-08-11T00:00:00,Upper_Agriculture_Groundwater,0.0
2026-08-12T00:00:00,Upper_Agriculture_Groundwater,0.0
2026-08-13T00:00:00,Upper_Agriculture_Groundwater,0.0
2026-08-14T00:00:00,Upper_Agriculture_Groundwater,0.0
2026-08-15T00:00:00,Upper_Agriculture_Groundwater,0.0
2026-08-16T00:00:00,Upper_Agriculture_Groundwater,0.0
2026-08-17T00:00:00,Upper_Agriculture_Groundwater,0.14348107623588277
2026-08-18T00:00:00,Upper_Agriculture_Groundwater,0.29536077014164847
2026-08-19T00:00:00,Upper_Agriculture_Groundwater,0.4347933945039023
2026-08-20T00:00:00,Upper_Agriculture_Groundwater,0.5127225262922875
2026-08-21T00:00:00,Upper_Agriculture_Groundwater,0.5623716577779575
2026-08-22T00:00:00,Upper_Agriculture_Groundwater,0.5861982977035711
2026-08-23T00:00:00,Upper_Agriculture_Groundwater,0.5868141330662817
2026-08-24T00:00:00,Upper_Agriculture_Groundwater,0.5730380983794146
2026-08-25T00:00:00,Upper_Agriculture_Groundwater,0.5496172892992585
2026-08-26T00:00:00,Upper_Agriculture_Groundwater,0.5134171410513388
2026-08-27T00:00:00,Upper_Agriculture_Groundwater,0.48073492956001274
2026-08-28T00:00:00,Upper_Agriculture_Groundwater,0.4457052289564371
2026-08-29T00:00:00,Upper_Agriculture_Groundwater,0.4024110791779773
2026-08-30T00:00:00,Upper_Agriculture_Groundwater,0.4874438270656438
2026-08-31T00:00:00,Upper_Agriculture_Groundwater,0.5647061545839955
2026-09-01T00:00:00,Upper_Agriculture_Groundwater,0.6310058983280226
2026-09-02T00:00:00,Upper_Agriculture_Groundwater,0.6959781517774046
2026-09-03T00:00:00,Upper_Agriculture_Groundwater,0.7213246155536303
2026-09-04T00:00:00,Upper_Agriculture_Groundwater,0.7173447250568352
2026-09-05T00:00:00,Upper_Agriculture_Groundwater,0.6943072465038653
2026-09-06T00:00:00,Upper_Agriculture_Groundwater,0.6606599764109191
2026-09-07T00:00:00,Upper_Agriculture_Groundwater,0.6370151678715229
2026-09-08T00:00:00,Upper_Agriculture_Groundwater,0.6087711212758975
2026-09-09T00:00:00,Upper_Agriculture_Groundwater,0.5656534123206824
2026-09-10T00:00:00,Upper_Agriculture_Groundwater,0.49827889394375063
2026-09-11T00:00:00,Upper_Agriculture_Groundwater,0.4210625851190008
2026-09-12T00:00:00,Upper_Agriculture_Groundwater,0.3263045091197614
2026-09-13T00:00:00,Upper_Agriculture_Groundwater,0.2798538224691794
2026-09-14T00:00:00,Upper_Agriculture_Groundwater,0.26072422805751727
2026-09-15T00:00:00,Upper_Agriculture_Groundwater,0.2409890543034956
2026-09-16T00:00:00,Upper_Agriculture_Groundwater,0.21092103301970241
2026-09-17T00:00:00,Upper_Agriculture_Groundwater,0.20303416544963426
2026-09-18T00:00:00,Upper_Agriculture_Groundwater,0.1996201810633826
2026-09-19T00:00:00,Upper_Agriculture_Groundwater,0.18306505189988426
2026-09-20T00:00:00,Upper_Agriculture_Groundwater,0.15028554675845326
2026-09-21T00:00:00,Upper_Agriculture_Groundwater,0.11533657212630886
2026-09-22T00:00:00,Upper_Agriculture_Groundwater,0.06900061695300763
2026-09-23T00:00:00,Upper_Agriculture_Groundwater,0.06393160709310422
2026-09-24T00:00:00,Upper_Agriculture_Groundwater,0.0499934330356524
2026-09-25T00:00:00,Upper_Agriculture_Groundwater,0.03621277771875981
2026-09-26T00:00:00,Upper_Agriculture_Groundwater,0.021422399134890496
2026-09-27T00:00:00,Upper_Agriculture_Groundwater,0.0
2026-09-28T00:00:00,Upper_Agriculture_Groundwater,0.0
2026-09-29T00:00:00,Upper_Agriculture_Groundwater,0.0
2026-09-30T00:00:00,Upper_Agriculture_Groundwater,0.0
2026-10-01T00:00:00,Upper_Agriculture_Groundwater,0.0
2026-10-02T00:00:00,Upper_Agriculture_Groundwater,0.0
2026-10-03T00:00:00,Upper_Agriculture_Groundwater,0.0
2026-10-04T00:00:00,Upper_Agriculture_Groundwater,0.0
2026-10-05T00:00:00,Upper_Agriculture_Groundwater,0.0
2026-10-06T00:00:00,Upper_Agriculture_Groundwater,0.0
2026-10-07T00:00:00,Upper_Agriculture_Groundwater,0.0
2026-10-08T00:00:00,Upper_Agriculture_Groundwater,0.0
2026-10-09T00:00:00,Upper_Agriculture_Groundwater,0.0
2026-10-10T00:00:00,Upper_Agriculture_Groundwater,0.0
2026-10-11T00:00:00,Upper_Agriculture_Groundwater,0.0
2026-10-12T00:00:00,Upper_Agriculture_Groundwater,0.0
2026-10-13T00:00:00,Upper_Agriculture_Groundwater,0.0
2026-10-14T00:00:00,Upper_Agriculture_Groundwater,0.0
2026-10-15T00:00:00,Upper_Agriculture_Groundwater,0.0
2026-10-16T00:00:00,Upper_Agriculture_Groundwater,0.0
2026-10-17T00:00:00,Upper_Agriculture_Groundwater,0.0
2026-10-18T00:00:00,Upper_Agriculture_Groundwater,0.0
2026-10-19T00:00:00,Upper_Agriculture_Groundwater,0.0
2026-10-20T00:00:00,Upper_Agriculture_Groundwater,0.0
2026-10-21T00:00:00,Upper_Agriculture_Groundwater,0.0
2026-10-22T00:00:00,Upper_Agriculture_Groundwater,0.0
2026-10-23T00:00:00,Upper_Agriculture_Groundwater,0.0
2026-10-24T00:00:00,Upper_Agriculture_Groundwater,0.0
2026-10-25T00:00:00,Upper_Agriculture_Groundwater,0.0
2026-10-26T00:00:00,Upper_Agriculture_Groundwater,0.0
2026-10-27T00:00:00,Upper_Agriculture_Groundwater,0.0
2026-10-28T00:00:00,Upper_Agriculture_Groundwater,0.0
2026-10-29T00:00:00,Upper_Agriculture_Groundwater,0.04147371811139152
2026-10-30T00:00:00,Upper_Agriculture_Groundwater,0.2266545567248491
2026-10-31T00:00:00,Upper_Agriculture_Groundwater,0.36482865043450086
2026-11-01T00:00:00,Upper_Agriculture_Groundwater,0.45640889983497374
2026-11-02T00:00:00,Upper_Agriculture_Groundwater,0.5180263328510074
2026-11-03T00:00:00,Upper_Agriculture_Groundwater,0.5488457902654857
2026-11-04T00:00:00,Upper_Agriculture_Groundwater,0.5565879728685564
2026-11-05T00:00:00,Upper_Agriculture_Groundwater,0.557731741048359
2026-11-06T00:00:00,Upper_Agriculture_Groundwater,0.5330015158635166
2026-11-07T00:00:00,Upper_Agriculture_Groundwater,0.48919361830515723
2026-11-08T00:00:00,Upper_Agriculture_Groundwater,0.4358745650998375
2026-11-09T00:00:00,Upper_Agriculture_Groundwater,0.38451714635252987
2026-11-10T00:00:00,Upper_Agriculture_Groundwater,0.3211099057036856
2026-11-11T00:00:00,Upper_Agriculture_Groundwater,0.2631520617210831
2026-11-12T00:00:00,Upper_Agriculture_Groundwater,0.19482588747796625
2026-11-13T00:00:00,Upper_Agriculture_Groundwater,0.13928734746626248
2026-11-14T00:00:00,Upper_Agriculture_Groundwater,0.0773648965821178
2026-11-15T00:00:00,Upper_Agriculture_Groundwater,0.01409614240014065
2026-11-16T00:00:00,Upper_Agriculture_Groundwater,0.0
2026-11-17T00:00:00,Upper_Agriculture_Groundwater,0.0
2026-11-18T00:00:00,Upper_Agriculture_Groundwater,0.0
2026-11-19T00:00:00,Upper_Agriculture_Groundwater,0.0
2026-11-20T00:00:00,Upper_Agriculture_Groundwater,0.0
2026-11-21T00:00:00,Upper_Agriculture_Groundwater,0.0
2026-11-22T00:00:00,Upper_Agriculture_Groundwater,0.0
2026-11-23T00:00:00,Upper_Agriculture_Groundwater,0.0
2026-11-24T00:00:00,Upper_Agriculture_Groundwater,0.0
2026-11-25T00:00:00,Upper_Agriculture_Groundwater,0.0
2026-11-26T00:00:00,Upper_Agriculture_Groundwater,0.0
2026-11-27T00:00:00,Upper_Agriculture_Groundwater,0.0
2026-11-28T00:00:00,Upper_Agriculture_Groundwater,0.0
2026-11-29T00:00:00,Upper_Agriculture_Groundwater,0.0
2026-11-30T00:00:00,Upper_Agriculture_Groundwater,0.0
2026-12-01T00:00:00,Upper_Agriculture_Groundwater,0.0
2026-12-02T00:00:00,Upper_Agriculture_Groundwater,0.0
2026-12-03T00:00:00,Upper_Agriculture_Groundwater,0.0
2026-12-04T00:00:00,Upper_Agriculture_Groundwater,0.0
2026-12-05T00:00:00,Upper_Agriculture_Groundwater,0.0
2026-12-06T00:00:00,Upper_Agriculture_Groundwater,0.0
2026-12-07T00:00:00,Upper_Agriculture_Groundwater,0.0
2026-12-08T00:00:00,Upper_Agriculture_Groundwater,0.0
2026-12-09T00:00:00,Upper_Agriculture_Groundwater,0.09884983920984297
2026-12-10T00:00:00,Upper_Agriculture_Groundwater,0.25814652863099413
2026-12-11T00:00:00,Upper_Agriculture_Groundwater,0.3608267417758159
2026-12-12T00:00:00,Upper_Agriculture_Groundwater,0.4337971270053669
2026-12-13T00:00:00,Upper_Agriculture_Groundwater,0.4629216477712478
2026-12-14T00:00:00,Upper_Agriculture_Groundwater,0.4745652131138991
2026-12-15T00:00:00,Upper_Agriculture_Groundwater,0.4626188489103086
2026-12-16T00:00:00,Upper_Agriculture_Groundwater,0.4710969054162968
2026-12-17T00:00:00,Upper_Agriculture_Groundwater,0.49549972213198346
2026-12-18T00:00:00,Upper_Agriculture_Groundwater,0.5469770064503703
2026-12-19T00:00:00,Upper_Agriculture_Groundwater,0.6456544766837601
2026-12-20T00:00:00,Upper_Agriculture_Groundwater,0.7172518028059673
2026-12-21T00:00:00,Upper_Agriculture_Groundwater,0.7755726389368968
2026-12-22T00:00:00,Upper_Agriculture_Groundwater,0.8103998298135798
2026-12-23T00:00:00,Upper_Agriculture_Groundwater,0.835535776125557
2026-12-24T00:00:00,Upper_Agriculture_Groundwater,0.8467845348770032
2026-12-25T00:00:00,Upper_Agriculture_Groundwater,0.8777135441169056
2026-12-26T00:00:00,Upper_Agriculture_Groundwater,0.8803204261600567
2026-12-27T00:00:00,Upper_Agriculture_Groundwater,0.8819145563534068
2026-12-28T00:00:00,Upper_Agriculture_Groundwater,0.8717860162464879
2026-12-29T00:00:00,Upper_Agriculture_Groundwater,0.8437357185974198
2026-12-30T00:00:00,Upper_Agriculture_Groundwater,0.809553620315699
2026-12-31T00:00:00,Upper_Agriculture_Groundwater,0.7494576245043507
