3919a1ce-3832-4779-ba0c-5dcf04a084a8,location,actualEvapotranspiration
2023-01-01T00:00:00,Upper_Agriculture_Soilwater,1.2614400000000001
2023-01-02T00:00:00,Upper_Agriculture_Soilwater,1.3824
2023-01-03T00:00:00,Upper_Agriculture_Soilwater,1.30464
2023-01-04T00:00:00,Upper_Agriculture_Soilwater,1.4688
2023-01-05T00:00:00,Upper_Agriculture_Soilwater,1.27872
2023-01-06T00:00:00,Upper_Agriculture_Soilwater,1.4256
2023-01-07T00:00:00,Upper_Agriculture_Soilwater,1.06272
2023-01-08T00:00:00,Upper_Agriculture_Soilwater,0.78624
2023-01-09T00:00:00,Upper_Agriculture_Soilwater,0.6739200000000001
2023-01-10T00:00:00,Upper_Agriculture_Soilwater,0.94176
2023-01-11T00:00:00,Upper_Agriculture_Soilwater,0.7603200000000001
2023-01-12T00:00:00,Upper_Agriculture_Soilwater,0.7171200000000001
2023-01-13T00:00:00,Upper_Agriculture_Soilwater,0.6307200000000001
2023-01-14T00:00:00,Upper_Agriculture_Soilwater,0.52704
2023-01-15T00:00:00,Upper_Agriculture_Soilwater,0.8035200000000001
2023-01-16T00:00:00,Upper_Agriculture_Soilwater,0.91584
2023-01-17T00:00:00,Upper_Agriculture_Soilwater,0.78624
2023-01-18T00:00:00,Upper_Agriculture_Soilwater,0.89856
2023-01-19T00:00:00,Upper_Agriculture_Soilwater,0.8553600000000001
2023-01-20T00:00:00,Upper_Agriculture_Soilwater,0.6825600000000001
2023-01-21T00:00:00,Upper_Agriculture_Soilwater,0.59616
2023-01-22T00:00:00,Upper_Agriculture_Soilwater,1.2441600000000002
2023-01-23T00:00:00,Upper_Agriculture_Soilwater,0.9849600000000001
2023-01-24T00:00:00,Upper_Agriculture_Soilwater,0.6307200000000001
2023-01-25T00:00:00,Upper_Agriculture_Soilwater,0.79488
2023-01-26T00:00:00,Upper_Agriculture_Soilwater,0.91584
2023-01-27T00:00:00,Upper_Agriculture_Soilwater,0.9849600000000001
2023-01-28T00:00:00,Upper_Agriculture_Soilwater,1.04544
2023-01-29T00:00:00,Upper_Agriculture_Soilwater,0.8121600000000001
2023-01-30T00:00:00,Upper_Agriculture_Soilwater,1.05408
2023-01-31T00:00:00,Upper_Agriculture_Soilwater,0.94176
2023-02-01T00:00:00,Upper_Agriculture_Soilwater,1.19232
2023-02-02T00:00:00,Upper_Agriculture_Soilwater,1.14048
2023-02-03T00:00:00,Upper_Agriculture_Soilwater,1.0195200000000002
2023-02-04T00:00:00,Upper_Agriculture_Soilwater,0.9936
2023-02-05T00:00:00,Upper_Agriculture_Soilwater,0.9331200000000001
2023-02-06T00:00:00,Upper_Agriculture_Soilwater,0.96768
2023-02-07T00:00:00,Upper_Agriculture_Soilwater,0.8467200000000001
2023-02-08T00:00:00,Upper_Agriculture_Soilwater,0.6652800000000001
2023-02-09T00:00:00,Upper_Agriculture_Soilwater,0.6220800000000001
2023-02-10T00:00:00,Upper_Agriculture_Soilwater,0.70848
2023-02-11T00:00:00,Upper_Agriculture_Soilwater,0.52704
2023-02-12T00:00:00,Upper_Agriculture_Soilwater,0.29376
2023-02-13T00:00:00,Upper_Agriculture_Soilwater,0.8267264588087475
2023-02-14T00:00:00,Upper_Agriculture_Soilwater,0.6379108330845561
2023-02-15T00:00:00,Upper_Agriculture_Soilwater,0.5064610698948507
2023-02-16T00:00:00,Upper_Agriculture_Soilwater,0.3765182951537782
2023-02-17T00:00:00,Upper_Agriculture_Soilwater,0.4440757598250096
2023-02-18T00:00:00,Upper_Agriculture_Soilwater,0.5458714371085155
2023-02-19T00:00:00,Upper_Agriculture_Soilwater,0.5869829803847447
2023-02-20T00:00:00,Upper_Agriculture_Soilwater,0.6034241442372675
2023-02-21T00:00:00,Upper_Agriculture_Soilwater,0.7127549741253825
2023-02-22T00:00:00,Upper_Agriculture_Soilwater,0.4313651646874935
2023-02-23T00:00:00,Upper_Agriculture_Soilwater,0.7105525357754434
2023-02-24T00:00:00,Upper_Agriculture_Soilwater,0.8360614966763311
2023-02-25T00:00:00,Upper_Agriculture_Soilwater,0.9602624303562608
2023-02-26T00:00:00,Upper_Agriculture_Soilwater,0.6708688197260692
2023-02-27T00:00:00,Upper_Agriculture_Soilwater,1.0277318822878063
2023-02-28T00:00:00,Upper_Agriculture_Soilwater,0.5221489318134608
2023-03-01T00:00:00,Upper_Agriculture_Soilwater,0.7609061120960778
2023-03-02T00:00:00,Upper_Agriculture_Soilwater,0.8289675177733132
2023-03-03T00:00:00,Upper_Agriculture_Soilwater,0.7013751794540166
2023-03-04T00:00:00,Upper_Agriculture_Soilwater,0.48144885246392694
2023-03-05T00:00:00,Upper_Agriculture_Soilwater,0.39033357983037176
2023-03-06T00:00:00,Upper_Agriculture_Soilwater,0.6308028327487675
2023-03-07T00:00:00,Upper_Agriculture_Soilwater,0.32433678599689597
2023-03-08T00:00:00,Upper_Agriculture_Soilwater,0.14562100525464658
2023-03-09T00:00:00,Upper_Agriculture_Soilwater,0.31889221358329356
2023-03-10T00:00:00,Upper_Agriculture_Soilwater,0.1296
2023-03-11T00:00:00,Upper_Agriculture_Soilwater,0.45792
2023-03-12T00:00:00,Upper_Agriculture_Soilwater,0.3456
2023-03-13T00:00:00,Upper_Agriculture_Soilwater,0.18144000000000002
2023-03-14T00:00:00,Upper_Agriculture_Soilwater,0.44928
2023-03-15T00:00:00,Upper_Agriculture_Soilwater,0.5616
2023-03-16T00:00:00,Upper_Agriculture_Soilwater,0.5616
2023-03-17T00:00:00,Upper_Agriculture_Soilwater,0.50112
2023-03-18T00:00:00,Upper_Agriculture_Soilwater,0.44928
2023-03-19T00:00:00,Upper_Agriculture_Soilwater,0.39744
2023-03-20T00:00:00,Upper_Agriculture_Soilwater,0.31968
2023-03-21T00:00:00,Upper_Agriculture_Soilwater,0.2592
2023-03-22T00:00:00,Upper_Agriculture_Soilwater,0.3024
2023-03-23T00:00:00,Upper_Agriculture_Soilwater,0.21600000000000003
2023-03-24T00:00:00,Upper_Agriculture_Soilwater,0.22464
2023-03-25T00:00:00,Upper_Agriculture_Soilwater,0.5616
2023-03-26T00:00:00,Upper_Agriculture_Soilwater,0.41472000000000003
2023-03-27T00:00:00,Upper_Agriculture_Soilwater,0.59616
2023-03-28T00:00:00,Upper_Agriculture_Soilwater,0.95904
2023-03-29T00:00:00,Upper_Agriculture_Soilwater,0.94176
2023-03-30T00:00:00,Upper_Agriculture_Soilwater,0.40608000000000005
2023-03-31T00:00:00,Upper_Agriculture_Soilwater,0.6739200000000001
2023-04-01T00:00:00,Upper_Agriculture_Soilwater,0.25056
2023-04-02T00:00:00,Upper_Agriculture_Soilwater,0.0
2023-04-03T00:00:00,Upper_Agriculture_Soilwater,0.12096
2023-04-04T00:00:00,Upper_Agriculture_Soilwater,0.6048
2023-04-05T00:00:00,Upper_Agriculture_Soilwater,0.50112
2023-04-06T00:00:00,Upper_Agriculture_Soilwater,0.48384
2023-04-07T00:00:00,Upper_Agriculture_Soilwater,0.19872
2023-04-08T00:00:00,Upper_Agriculture_Soilwater,0.034559999999999994
2023-04-09T00:00:00,Upper_Agriculture_Soilwater,0.0
2023-04-10T00:00:00,Upper_Agriculture_Soilwater,0.0
2023-04-11T00:00:00,Upper_Agriculture_Soilwater,0.0
2023-04-12T00:00:00,Upper_Agriculture_Soilwater,0.025919999999999985
2023-04-13T00:00:00,Upper_Agriculture_Soilwater,0.48384
2023-04-14T00:00:00,Upper_Agriculture_Soilwater,0.42336000000000007
2023-04-15T00:00:00,Upper_Agriculture_Soilwater,0.19872
2023-04-16T00:00:00,Upper_Agriculture_Soilwater,0.10368000000000001
2023-04-17T00:00:00,Upper_Agriculture_Soilwater,0.0
2023-04-18T00:00:00,Upper_Agriculture_Soilwater,0.22464
2023-04-19T00:00:00,Upper_Agriculture_Soilwater,0.31968
2023-04-20T00:00:00,Upper_Agriculture_Soilwater,0.29376
2023-04-21T00:00:00,Upper_Agriculture_Soilwater,0.25056
2023-04-22T00:00:00,Upper_Agriculture_Soilwater,0.0
2023-04-23T00:00:00,Upper_Agriculture_Soilwater,0.0
2023-04-24T00:00:00,Upper_Agriculture_Soilwater,0.21600000000000003
2023-04-25T00:00:00,Upper_Agriculture_Soilwater,0.0
2023-04-26T00:00:00,Upper_Agriculture_Soilwater,0.0
2023-04-27T00:00:00,Upper_Agriculture_Soilwater,0.0
2023-04-28T00:00:00,Upper_Agriculture_Soilwater,0.0864
2023-04-29T00:00:00,Upper_Agriculture_Soilwater,0.07776
2023-04-30T00:00:00,Upper_Agriculture_Soilwater,0.05184000000000001
2023-05-01T00:00:00,Upper_Agriculture_Soilwater,0.0
2023-05-02T00:00:00,Upper_Agriculture_Soilwater,0.0
2023-05-03T00:00:00,Upper_Agriculture_Soilwater,0.0
2023-05-04T00:00:00,Upper_Agriculture_Soilwater,0.0
2023-05-05T00:00:00,Upper_Agriculture_Soilwater,0.0
2023-05-06T00:00:00,Upper_Agriculture_Soilwater,0.0
2023-05-07T00:00:00,Upper_Agriculture_Soilwater,0.0
2023-05-08T00:00:00,Upper_Agriculture_Soilwater,0.0
2023-05-09T00:00:00,Upper_Agriculture_Soilwater,0.0
2023-05-10T00:00:00,Upper_Agriculture_Soilwater,0.0
2023-05-11T00:00:00,Upper_Agriculture_Soilwater,0.0
2023-05-12T00:00:00,Upper_Agriculture_Soilwater,0.0
2023-05-13T00:00:00,Upper_Agriculture_Soilwater,0.0
2023-05-14T00:00:00,Upper_Agriculture_Soilwater,0.0
2023-05-15T00:00:00,Upper_Agriculture_Soilwater,0.0
2023-05-16T00:00:00,Upper_Agriculture_Soilwater,0.0
2023-05-17T00:00:00,Upper_Agriculture_Soilwater,0.12096
2023-05-18T00:00:00,Upper_Agriculture_Soilwater,0.0432
2023-05-19T00:00:00,Upper_Agriculture_Soilwater,0.0
2023-05-20T00:00:00,Upper_Agriculture_Soilwater,0.0
2023-05-21T00:00:00,Upper_Agriculture_Soilwater,0.017280000000000018
2023-05-22T00:00:00,Upper_Agriculture_Soilwater,0.39744
2023-05-23T00:00:00,Upper_Agriculture_Soilwater,0.12096
2023-05-24T00:00:00,Upper_Agriculture_Soilwater,0.44928
2023-05-25T00:00:00,Upper_Agriculture_Soilwater,0.40608000000000005
2023-05-26T00:00:00,Upper_Agriculture_Soilwater,0.53568
2023-05-27T00:00:00,Upper_Agriculture_Soilwater,0.57024
2023-05-28T00:00:00,Upper_Agriculture_Soilwater,0.39744
2023-05-29T00:00:00,Upper_Agriculture_Soilwater,0.0864
2023-05-30T00:00:00,Upper_Agriculture_Soilwater,0.0
2023-05-31T00:00:00,Upper_Agriculture_Soilwater,0.59616
2023-06-01T00:00:00,Upper_Agriculture_Soilwater,0.55296
2023-06-02T00:00:00,Upper_Agriculture_Soilwater,0.61344
2023-06-03T00:00:00,Upper_Agriculture_Soilwater,0.6048
2023-06-04T00:00:00,Upper_Agriculture_Soilwater,0.27648
2023-06-05T00:00:00,Upper_Agriculture_Soilwater,0.0
2023-06-06T00:00:00,Upper_Agriculture_Soilwater,0.0
2023-06-07T00:00:00,Upper_Agriculture_Soilwater,0.0
2023-06-08T00:00:00,Upper_Agriculture_Soilwater,0.0864
2023-06-09T00:00:00,Upper_Agriculture_Soilwater,0.2592
2023-06-10T00:00:00,Upper_Agriculture_Soilwater,0.5616
2023-06-11T00:00:00,Upper_Agriculture_Soilwater,0.70848
2023-06-12T00:00:00,Upper_Agriculture_Soilwater,0.59616
2023-06-13T00:00:00,Upper_Agriculture_Soilwater,0.8035200000000001
2023-06-14T00:00:00,Upper_Agriculture_Soilwater,0.8380799999999999
2023-06-15T00:00:00,Upper_Agriculture_Soilwater,0.35424
2023-06-16T00:00:00,Upper_Agriculture_Soilwater,0.5097600000000001
2023-06-17T00:00:00,Upper_Agriculture_Soilwater,0.6307200000000001
2023-06-18T00:00:00,Upper_Agriculture_Soilwater,0.65664
2023-06-19T00:00:00,Upper_Agriculture_Soilwater,0.6048
2023-06-20T00:00:00,Upper_Agriculture_Soilwater,0.42336000000000007
2023-06-21T00:00:00,Upper_Agriculture_Soilwater,0.39744
2023-06-22T00:00:00,Upper_Agriculture_Soilwater,0.9849600000000001
2023-06-23T00:00:00,Upper_Agriculture_Soilwater,1.4774368890553322
2023-06-24T00:00:00,Upper_Agriculture_Soilwater,0.9167023311564436
2023-06-25T00:00:00,Upper_Agriculture_Soilwater,0.8758771809730149
2023-06-26T00:00:00,Upper_Agriculture_Soilwater,0.6922427155997544
2023-06-27T00:00:00,Upper_Agriculture_Soilwater,0.8058982005500414
2023-06-28T00:00:00,Upper_Agriculture_Soilwater,1.0920791208652827
2023-06-29T00:00:00,Upper_Agriculture_Soilwater,0.8969624285048607
2023-06-30T00:00:00,Upper_Agriculture_Soilwater,0.6549656349097949
2023-07-01T00:00:00,Upper_Agriculture_Soilwater,0.4989882430901814
2023-07-02T00:00:00,Upper_Agriculture_Soilwater,0.24207686468719705
2023-07-03T00:00:00,Upper_Agriculture_Soilwater,0.21822503597384701
2023-07-04T00:00:00,Upper_Agriculture_Soilwater,0.2530335941344126
2023-07-05T00:00:00,Upper_Agriculture_Soilwater,0.25399873455508165
2023-07-06T00:00:00,Upper_Agriculture_Soilwater,0.40767883677138217
2023-07-07T00:00:00,Upper_Agriculture_Soilwater,0.564047612192903
2023-07-08T00:00:00,Upper_Agriculture_Soilwater,0.2832628224885431
2023-07-09T00:00:00,Upper_Agriculture_Soilwater,0.20728559242083075
2023-07-10T00:00:00,Upper_Agriculture_Soilwater,0.32832
2023-07-11T00:00:00,Upper_Agriculture_Soilwater,0.5097600000000001
2023-07-12T00:00:00,Upper_Agriculture_Soilwater,0.58752
2023-07-13T00:00:00,Upper_Agriculture_Soilwater,0.7776000000000001
2023-07-14T00:00:00,Upper_Agriculture_Soilwater,0.9072
2023-07-15T00:00:00,Upper_Agriculture_Soilwater,0.5097600000000001
2023-07-16T00:00:00,Upper_Agriculture_Soilwater,0.5184
2023-07-17T00:00:00,Upper_Agriculture_Soilwater,0.6220800000000001
2023-07-18T00:00:00,Upper_Agriculture_Soilwater,0.648
2023-07-19T00:00:00,Upper_Agriculture_Soilwater,0.46656000000000003
2023-07-20T00:00:00,Upper_Agriculture_Soilwater,0.54432
2023-07-21T00:00:00,Upper_Agriculture_Soilwater,0.75168
2023-07-22T00:00:00,Upper_Agriculture_Soilwater,0.44928
2023-07-23T00:00:00,Upper_Agriculture_Soilwater,0.6652800000000001
2023-07-24T00:00:00,Upper_Agriculture_Soilwater,0.7257600000000001
2023-07-25T00:00:00,Upper_Agriculture_Soilwater,0.8553600000000001
2023-07-26T00:00:00,Upper_Agriculture_Soilwater,0.9072
2023-07-27T00:00:00,Upper_Agriculture_Soilwater,0.9504
2023-07-28T00:00:00,Upper_Agriculture_Soilwater,0.9936
2023-07-29T00:00:00,Upper_Agriculture_Soilwater,1.18368
2023-07-30T00:00:00,Upper_Agriculture_Soilwater,1.2528000000000001
2023-07-31T00:00:00,Upper_Agriculture_Soilwater,1.09728
2023-08-01T00:00:00,Upper_Agriculture_Soilwater,0.9936
2023-08-02T00:00:00,Upper_Agriculture_Soilwater,1.01088
2023-08-03T00:00:00,Upper_Agriculture_Soilwater,1.30464
2023-08-04T00:00:00,Upper_Agriculture_Soilwater,0.9763200000000001
2023-08-05T00:00:00,Upper_Agriculture_Soilwater,0.8899200000000002
2023-08-06T00:00:00,Upper_Agriculture_Soilwater,1.00224
2023-08-07T00:00:00,Upper_Agriculture_Soilwater,0.8899200000000002
2023-08-08T00:00:00,Upper_Agriculture_Soilwater,0.8899200000000002
2023-08-09T00:00:00,Upper_Agriculture_Soilwater,1.8242339439214965
2023-08-10T00:00:00,Upper_Agriculture_Soilwater,1.2014778565059128
2023-08-11T00:00:00,Upper_Agriculture_Soilwater,2.1641149250562783
2023-08-12T00:00:00,Upper_Agriculture_Soilwater,2.0195117243522542
2023-08-13T00:00:00,Upper_Agriculture_Soilwater,1.4401262943439956
2023-08-14T00:00:00,Upper_Agriculture_Soilwater,1.8306259958683877
2023-08-15T00:00:00,Upper_Agriculture_Soilwater,1.683610045327125
2023-08-16T00:00:00,Upper_Agriculture_Soilwater,1.5680569446386405
2023-08-17T00:00:00,Upper_Agriculture_Soilwater,1.2601472254947526
2023-08-18T00:00:00,Upper_Agriculture_Soilwater,1.403401341427294
2023-08-19T00:00:00,Upper_Agriculture_Soilwater,1.2174070733776483
2023-08-20T00:00:00,Upper_Agriculture_Soilwater,1.2412548794976146
2023-08-21T00:00:00,Upper_Agriculture_Soilwater,1.5469931257690934
2023-08-22T00:00:00,Upper_Agriculture_Soilwater,1.5788619020299588
2023-08-23T00:00:00,Upper_Agriculture_Soilwater,1.5404941081638486
2023-08-24T00:00:00,Upper_Agriculture_Soilwater,1.527126540186609
2023-08-25T00:00:00,Upper_Agriculture_Soilwater,1.645884285508976
2023-08-26T00:00:00,Upper_Agriculture_Soilwater,1.688172747376249
2023-08-27T00:00:00,Upper_Agriculture_Soilwater,1.4909582335853764
2023-08-28T00:00:00,Upper_Agriculture_Soilwater,1.525392093866244
2023-08-29T00:00:00,Upper_Agriculture_Soilwater,1.2218872342824718
2023-08-30T00:00:00,Upper_Agriculture_Soilwater,1.0141484283817748
2023-08-31T00:00:00,Upper_Agriculture_Soilwater,0.9369566500514629
2023-09-01T00:00:00,Upper_Agriculture_Soilwater,1.0363369193254208
2023-09-02T00:00:00,Upper_Agriculture_Soilwater,0.7724790832161896
2023-09-03T00:00:00,Upper_Agriculture_Soilwater,0.6938244161496987
2023-09-04T00:00:00,Upper_Agriculture_Soilwater,0.9368950309605366
2023-09-05T00:00:00,Upper_Agriculture_Soilwater,1.0583595020302015
2023-09-06T00:00:00,Upper_Agriculture_Soilwater,1.7188813348603191
2023-09-07T00:00:00,Upper_Agriculture_Soilwater,2.536164384919804
2023-09-08T00:00:00,Upper_Agriculture_Soilwater,2.3101330503654753
2023-09-09T00:00:00,Upper_Agriculture_Soilwater,2.1986568919319343
2023-09-10T00:00:00,Upper_Agriculture_Soilwater,1.9413537112263168
2023-09-11T00:00:00,Upper_Agriculture_Soilwater,2.181475922683234
2023-09-12T00:00:00,Upper_Agriculture_Soilwater,2.1949367777479294
2023-09-13T00:00:00,Upper_Agriculture_Soilwater,2.223491051149946
2023-09-14T00:00:00,Upper_Agriculture_Soilwater,2.038153119734549
2023-09-15T00:00:00,Upper_Agriculture_Soilwater,1.6696753777800888
2023-09-16T00:00:00,Upper_Agriculture_Soilwater,1.5754574425957413
2023-09-17T00:00:00,Upper_Agriculture_Soilwater,2.155476229063851
2023-09-18T00:00:00,Upper_Agriculture_Soilwater,1.46016
2023-09-19T00:00:00,Upper_Agriculture_Soilwater,1.5638400000000001
2023-09-20T00:00:00,Upper_Agriculture_Soilwater,1.6243200000000002
2023-09-21T00:00:00,Upper_Agriculture_Soilwater,1.58112
2023-09-22T00:00:00,Upper_Agriculture_Soilwater,1.5984
2023-09-23T00:00:00,Upper_Agriculture_Soilwater,1.512
2023-09-24T00:00:00,Upper_Agriculture_Soilwater,1.44288
2023-09-25T00:00:00,Upper_Agriculture_Soilwater,1.54656
2023-09-26T00:00:00,Upper_Agriculture_Soilwater,1.3219200000000002
2023-09-27T00:00:00,Upper_Agriculture_Soilwater,1.48608
2023-09-28T00:00:00,Upper_Agriculture_Soilwater,1.41696
2023-09-29T00:00:00,Upper_Agriculture_Soilwater,1.4774400000000003
2023-09-30T00:00:00,Upper_Agriculture_Soilwater,1.6502400000000002
2023-10-01T00:00:00,Upper_Agriculture_Soilwater,1.79712
2023-10-02T00:00:00,Upper_Agriculture_Soilwater,1.87488
2023-10-03T00:00:00,Upper_Agriculture_Soilwater,1.6588800000000001
2023-10-04T00:00:00,Upper_Agriculture_Soilwater,1.80576
2023-10-05T00:00:00,Upper_Agriculture_Soilwater,1.79712
2023-10-06T00:00:00,Upper_Agriculture_Soilwater,1.7366400000000002
2023-10-07T00:00:00,Upper_Agriculture_Soilwater,1.84896
2023-10-08T00:00:00,Upper_Agriculture_Soilwater,2.04768
2023-10-09T00:00:00,Upper_Agriculture_Soilwater,1.88352
2023-10-10T00:00:00,Upper_Agriculture_Soilwater,1.9526400000000002
2023-10-11T00:00:00,Upper_Agriculture_Soilwater,1.6416000000000002
2023-10-12T00:00:00,Upper_Agriculture_Soilwater,1.6588800000000001
2023-10-13T00:00:00,Upper_Agriculture_Soilwater,1.7280000000000002
2023-10-14T00:00:00,Upper_Agriculture_Soilwater,1.58112
2023-10-15T00:00:00,Upper_Agriculture_Soilwater,1.61568
2023-10-16T00:00:00,Upper_Agriculture_Soilwater,1.6416000000000002
2023-10-17T00:00:00,Upper_Agriculture_Soilwater,1.6848
2023-10-18T00:00:00,Upper_Agriculture_Soilwater,1.57248
2023-10-19T00:00:00,Upper_Agriculture_Soilwater,1.48608
2023-10-20T00:00:00,Upper_Agriculture_Soilwater,1.58112
2023-10-21T00:00:00,Upper_Agriculture_Soilwater,1.57248
2023-10-22T00:00:00,Upper_Agriculture_Soilwater,1.52928
2023-10-23T00:00:00,Upper_Agriculture_Soilwater,1.58976
2023-10-24T00:00:00,Upper_Agriculture_Soilwater,1.6848
2023-10-25T00:00:00,Upper_Agriculture_Soilwater,2.0563200000000004
2023-10-26T00:00:00,Upper_Agriculture_Soilwater,2.09952
2023-10-27T00:00:00,Upper_Agriculture_Soilwater,1.8144
2023-10-28T00:00:00,Upper_Agriculture_Soilwater,3.348776638514946
2023-10-29T00:00:00,Upper_Agriculture_Soilwater,1.9633646973554617
2023-10-30T00:00:00,Upper_Agriculture_Soilwater,1.835685903145078
2023-10-31T00:00:00,Upper_Agriculture_Soilwater,1.7608301451363002
2023-11-01T00:00:00,Upper_Agriculture_Soilwater,1.5639669306421728
2023-11-02T00:00:00,Upper_Agriculture_Soilwater,1.5539412665664687
2023-11-03T00:00:00,Upper_Agriculture_Soilwater,1.666287501894914
2023-11-04T00:00:00,Upper_Agriculture_Soilwater,1.841800764920398
2023-11-05T00:00:00,Upper_Agriculture_Soilwater,1.7170664274706597
2023-11-06T00:00:00,Upper_Agriculture_Soilwater,1.6994903078288663
2023-11-07T00:00:00,Upper_Agriculture_Soilwater,1.6317217482183908
2023-11-08T00:00:00,Upper_Agriculture_Soilwater,1.6263162152097164
2023-11-09T00:00:00,Upper_Agriculture_Soilwater,1.5285645329256605
2023-11-10T00:00:00,Upper_Agriculture_Soilwater,1.4786388048045604
2023-11-11T00:00:00,Upper_Agriculture_Soilwater,3.001994559796496
2023-11-12T00:00:00,Upper_Agriculture_Soilwater,1.512
2023-11-13T00:00:00,Upper_Agriculture_Soilwater,1.7107200000000002
2023-11-14T00:00:00,Upper_Agriculture_Soilwater,1.7107200000000002
2023-11-15T00:00:00,Upper_Agriculture_Soilwater,1.6416000000000002
2023-11-16T00:00:00,Upper_Agriculture_Soilwater,1.8230400000000002
2023-11-17T00:00:00,Upper_Agriculture_Soilwater,1.7107200000000002
2023-11-18T00:00:00,Upper_Agriculture_Soilwater,1.83168
2023-11-19T00:00:00,Upper_Agriculture_Soilwater,1.71936
2023-11-20T00:00:00,Upper_Agriculture_Soilwater,1.9440000000000002
2023-11-21T00:00:00,Upper_Agriculture_Soilwater,1.6934400000000003
2023-11-22T00:00:00,Upper_Agriculture_Soilwater,1.6761599999999999
2023-11-23T00:00:00,Upper_Agriculture_Soilwater,1.58976
2023-11-24T00:00:00,Upper_Agriculture_Soilwater,1.54656
2023-11-25T00:00:00,Upper_Agriculture_Soilwater,1.5379200000000002
2023-11-26T00:00:00,Upper_Agriculture_Soilwater,1.5379200000000002
2023-11-27T00:00:00,Upper_Agriculture_Soilwater,1.50336
2023-11-28T00:00:00,Upper_Agriculture_Soilwater,1.2441600000000002
2023-11-29T00:00:00,Upper_Agriculture_Soilwater,1.18368
2023-11-30T00:00:00,Upper_Agriculture_Soilwater,1.6588800000000001
2023-12-01T00:00:00,Upper_Agriculture_Soilwater,1.6934400000000003
2023-12-02T00:00:00,Upper_Agriculture_Soilwater,1.58112
2023-12-03T00:00:00,Upper_Agriculture_Soilwater,1.4688
2023-12-04T00:00:00,Upper_Agriculture_Soilwater,1.512
2023-12-05T00:00:00,Upper_Agriculture_Soilwater,1.6934400000000003
2023-12-06T00:00:00,Upper_Agriculture_Soilwater,1.5552000000000001
2023-12-07T00:00:00,Upper_Agriculture_Soilwater,1.54656
2023-12-08T00:00:00,Upper_Agriculture_Soilwater,1.2441600000000002
2023-12-09T00:00:00,Upper_Agriculture_Soilwater,1.2528000000000001
2023-12-10T00:00:00,Upper_Agriculture_Soilwater,1.2528000000000001
2023-12-11T00:00:00,Upper_Agriculture_Soilwater,1.10592
2023-12-12T00:00:00,Upper_Agriculture_Soilwater,1.6416000000000002
2023-12-13T00:00:00,Upper_Agriculture_Soilwater,1.76256
2023-12-14T00:00:00,Upper_Agriculture_Soilwater,1.3651200000000001
2023-12-15T00:00:00,Upper_Agriculture_Soilwater,1.2528000000000001
2023-12-16T00:00:00,Upper_Agriculture_Soilwater,1.2355200000000002
2023-12-17T00:00:00,Upper_Agriculture_Soilwater,1.37376
2023-12-18T00:00:00,Upper_Agriculture_Soilwater,1.44288
2023-12-19T00:00:00,Upper_Agriculture_Soilwater,1.5552000000000001
2023-12-20T00:00:00,Upper_Agriculture_Soilwater,1.2528000000000001
2023-12-21T00:00:00,Upper_Agriculture_Soilwater,1.20096
2023-12-22T00:00:00,Upper_Agriculture_Soilwater,1.08
2023-12-23T00:00:00,Upper_Agriculture_Soilwater,0.9936
2023-12-24T00:00:00,Upper_Agriculture_Soilwater,1.08864
2023-12-25T00:00:00,Upper_Agriculture_Soilwater,1.1232
2023-12-26T00:00:00,Upper_Agriculture_Soilwater,0.8899200000000002
2023-12-27T00:00:00,Upper_Agriculture_Soilwater,1.0195200000000002
2023-12-28T00:00:00,Upper_Agriculture_Soilwater,1.2441600000000002
2023-12-29T00:00:00,Upper_Agriculture_Soilwater,1.3305600000000002
2023-12-30T00:00:00,Upper_Agriculture_Soilwater,1.1232
2023-12-31T00:00:00,Upper_Agriculture_Soilwater,1.11456
2024-01-01T00:00:00,Upper_Agriculture_Soilwater,1.1232
2024-01-02T00:00:00,Upper_Agriculture_Soilwater,1.3219200000000002
2024-01-03T00:00:00,Upper_Agriculture_Soilwater,1.3219200000000002
2024-01-04T00:00:00,Upper_Agriculture_Soilwater,1.22688
2024-01-05T00:00:00,Upper_Agriculture_Soilwater,1.09728
2024-01-06T00:00:00,Upper_Agriculture_Soilwater,0.92448
2024-01-07T00:00:00,Upper_Agriculture_Soilwater,0.9072
2024-01-08T00:00:00,Upper_Agriculture_Soilwater,1.0281600000000002
2024-01-09T00:00:00,Upper_Agriculture_Soilwater,0.9936
2024-01-10T00:00:00,Upper_Agriculture_Soilwater,0.8208000000000001
2024-01-11T00:00:00,Upper_Agriculture_Soilwater,0.6652800000000001
2024-01-12T00:00:00,Upper_Agriculture_Soilwater,0.6912
2024-01-13T00:00:00,Upper_Agriculture_Soilwater,0.49248000000000003
2024-01-14T00:00:00,Upper_Agriculture_Soilwater,0.63936
2024-01-15T00:00:00,Upper_Agriculture_Soilwater,0.7689600000000001
2024-01-16T00:00:00,Upper_Agriculture_Soilwater,0.92448
2024-01-17T00:00:00,Upper_Agriculture_Soilwater,0.8553600000000001
2024-01-18T00:00:00,Upper_Agriculture_Soilwater,1.08864
2024-01-19T00:00:00,Upper_Agriculture_Soilwater,1.10592
2024-01-20T00:00:00,Upper_Agriculture_Soilwater,1.3219200000000002
2024-01-21T00:00:00,Upper_Agriculture_Soilwater,0.9849600000000001
2024-01-22T00:00:00,Upper_Agriculture_Soilwater,0.94176
2024-01-23T00:00:00,Upper_Agriculture_Soilwater,0.61344
2024-01-24T00:00:00,Upper_Agriculture_Soilwater,0.6048
2024-01-25T00:00:00,Upper_Agriculture_Soilwater,0.6912
2024-01-26T00:00:00,Upper_Agriculture_Soilwater,0.33696000000000004
2024-01-27T00:00:00,Upper_Agriculture_Soilwater,0.35424
2024-01-28T00:00:00,Upper_Agriculture_Soilwater,0.19008000000000003
2024-01-29T00:00:00,Upper_Agriculture_Soilwater,0.0
2024-01-30T00:00:00,Upper_Agriculture_Soilwater,0.46656000000000003
2024-01-31T00:00:00,Upper_Agriculture_Soilwater,0.55296
2024-02-01T00:00:00,Upper_Agriculture_Soilwater,0.44064
2024-02-02T00:00:00,Upper_Agriculture_Soilwater,0.87264
2024-02-03T00:00:00,Upper_Agriculture_Soilwater,0.9331200000000001
2024-02-04T00:00:00,Upper_Agriculture_Soilwater,0.6739200000000001
2024-02-05T00:00:00,Upper_Agriculture_Soilwater,0.48384
2024-02-06T00:00:00,Upper_Agriculture_Soilwater,0.5097600000000001
2024-02-07T00:00:00,Upper_Agriculture_Soilwater,0.37152
2024-02-08T00:00:00,Upper_Agriculture_Soilwater,0.4752
2024-02-09T00:00:00,Upper_Agriculture_Soilwater,0.32832
2024-02-10T00:00:00,Upper_Agriculture_Soilwater,0.12096
2024-02-11T00:00:00,Upper_Agriculture_Soilwater,0.79488
2024-02-12T00:00:00,Upper_Agriculture_Soilwater,0.9504
2024-02-13T00:00:00,Upper_Agriculture_Soilwater,0.6825600000000001
2024-02-14T00:00:00,Upper_Agriculture_Soilwater,0.38016000000000005
2024-02-15T00:00:00,Upper_Agriculture_Soilwater,1.0368
2024-02-16T00:00:00,Upper_Agriculture_Soilwater,0.8208000000000001
2024-02-17T00:00:00,Upper_Agriculture_Soilwater,0.8208000000000001
2024-02-18T00:00:00,Upper_Agriculture_Soilwater,0.78624
2024-02-19T00:00:00,Upper_Agriculture_Soilwater,0.6825600000000001
2024-02-20T00:00:00,Upper_Agriculture_Soilwater,0.6307200000000001
2024-02-21T00:00:00,Upper_Agriculture_Soilwater,0.7603200000000001
2024-02-22T00:00:00,Upper_Agriculture_Soilwater,0.8294400000000001
2024-02-23T00:00:00,Upper_Agriculture_Soilwater,0.8035200000000001
2024-02-24T00:00:00,Upper_Agriculture_Soilwater,1.1172597669391862
2024-02-25T00:00:00,Upper_Agriculture_Soilwater,0.7229462020115601
2024-02-26T00:00:00,Upper_Agriculture_Soilwater,0.3945221372026894
2024-02-27T00:00:00,Upper_Agriculture_Soilwater,0.49716190598350596
2024-02-28T00:00:00,Upper_Agriculture_Soilwater,0.7533193265153739
2024-02-29T00:00:00,Upper_Agriculture_Soilwater,0.33696000000000004
2024-03-01T00:00:00,Upper_Agriculture_Soilwater,0.18144000000000002
2024-03-02T00:00:00,Upper_Agriculture_Soilwater,0.0
2024-03-03T00:00:00,Upper_Agriculture_Soilwater,0.0
2024-03-04T00:00:00,Upper_Agriculture_Soilwater,0.0
2024-03-05T00:00:00,Upper_Agriculture_Soilwater,0.0
2024-03-06T00:00:00,Upper_Agriculture_Soilwater,0.0
2024-03-07T00:00:00,Upper_Agriculture_Soilwater,0.0
2024-03-08T00:00:00,Upper_Agriculture_Soilwater,0.06911999999999999
2024-03-09T00:00:00,Upper_Agriculture_Soilwater,0.0
2024-03-10T00:00:00,Upper_Agriculture_Soilwater,0.0
2024-03-11T00:00:00,Upper_Agriculture_Soilwater,0.0
2024-03-12T00:00:00,Upper_Agriculture_Soilwater,0.0
2024-03-13T00:00:00,Upper_Agriculture_Soilwater,0.0
2024-03-14T00:00:00,Upper_Agriculture_Soilwater,0.0
2024-03-15T00:00:00,Upper_Agriculture_Soilwater,0.0
2024-03-16T00:00:00,Upper_Agriculture_Soilwater,0.0
2024-03-17T00:00:00,Upper_Agriculture_Soilwater,0.21600000000000003
2024-03-18T00:00:00,Upper_Agriculture_Soilwater,0.3024
2024-03-19T00:00:00,Upper_Agriculture_Soilwater,0.26784
2024-03-20T00:00:00,Upper_Agriculture_Soilwater,0.11232
2024-03-21T00:00:00,Upper_Agriculture_Soilwater,0.034559999999999994
2024-03-22T00:00:00,Upper_Agriculture_Soilwater,0.0
2024-03-23T00:00:00,Upper_Agriculture_Soilwater,0.0
2024-03-24T00:00:00,Upper_Agriculture_Soilwater,0.0
2024-03-25T00:00:00,Upper_Agriculture_Soilwater,0.0
2024-03-26T00:00:00,Upper_Agriculture_Soilwater,0.0
2024-03-27T00:00:00,Upper_Agriculture_Soilwater,0.025919999999999985
2024-03-28T00:00:00,Upper_Agriculture_Soilwater,0.2592
2024-03-29T00:00:00,Upper_Agriculture_Soilwater,0.23328000000000002
2024-03-30T00:00:00,Upper_Agriculture_Soilwater,0.0
2024-03-31T00:00:00,Upper_Agriculture_Soilwater,0.27648
2024-04-01T00:00:00,Upper_Agriculture_Soilwater,0.52704
2024-04-02T00:00:00,Upper_Agriculture_Soilwater,0.50112
2024-04-03T00:00:00,Upper_Agriculture_Soilwater,0.6307200000000001
2024-04-04T00:00:00,Upper_Agriculture_Soilwater,0.36288000000000004
2024-04-05T00:00:00,Upper_Agriculture_Soilwater,0.25056
2024-04-06T00:00:00,Upper_Agriculture_Soilwater,0.46656000000000003
2024-04-07T00:00:00,Upper_Agriculture_Soilwater,0.008640000000000009
2024-04-08T00:00:00,Upper_Agriculture_Soilwater,0.034559999999999994
2024-04-09T00:00:00,Upper_Agriculture_Soilwater,0.18144000000000002
2024-04-10T00:00:00,Upper_Agriculture_Soilwater,0.26784
2024-04-11T00:00:00,Upper_Agriculture_Soilwater,0.18144000000000002
2024-04-12T00:00:00,Upper_Agriculture_Soilwater,0.07776
2024-04-13T00:00:00,Upper_Agriculture_Soilwater,0.017280000000000018
2024-04-14T00:00:00,Upper_Agriculture_Soilwater,0.0
2024-04-15T00:00:00,Upper_Agriculture_Soilwater,0.0
2024-04-16T00:00:00,Upper_Agriculture_Soilwater,0.0
2024-04-17T00:00:00,Upper_Agriculture_Soilwater,0.0
2024-04-18T00:00:00,Upper_Agriculture_Soilwater,0.0
2024-04-19T00:00:00,Upper_Agriculture_Soilwater,0.0
2024-04-20T00:00:00,Upper_Agriculture_Soilwater,0.0
2024-04-21T00:00:00,Upper_Agriculture_Soilwater,0.0
2024-04-22T00:00:00,Upper_Agriculture_Soilwater,0.0
2024-04-23T00:00:00,Upper_Agriculture_Soilwater,0.0
2024-04-24T00:00:00,Upper_Agriculture_Soilwater,0.0
2024-04-25T00:00:00,Upper_Agriculture_Soilwater,0.0
2024-04-26T00:00:00,Upper_Agriculture_Soilwater,0.0
2024-04-27T00:00:00,Upper_Agriculture_Soilwater,0.0
2024-04-28T00:00:00,Upper_Agriculture_Soilwater,0.0
2024-04-29T00:00:00,Upper_Agriculture_Soilwater,0.0
2024-04-30T00:00:00,Upper_Agriculture_Soilwater,0.42336000000000007
2024-05-01T00:00:00,Upper_Agriculture_Soilwater,0.41472000000000003
2024-05-02T00:00:00,Upper_Agriculture_Soilwater,0.5184
2024-05-03T00:00:00,Upper_Agriculture_Soilwater,0.38016000000000005
2024-05-04T00:00:00,Upper_Agriculture_Soilwater,0.0
2024-05-05T00:00:00,Upper_Agriculture_Soilwater,0.0
2024-05-06T00:00:00,Upper_Agriculture_Soilwater,0.0
2024-05-07T00:00:00,Upper_Agriculture_Soilwater,0.14688
2024-05-08T00:00:00,Upper_Agriculture_Soilwater,0.31104000000000004
2024-05-09T00:00:00,Upper_Agriculture_Soilwater,0.1296
2024-05-10T00:00:00,Upper_Agriculture_Soilwater,0.18144000000000002
2024-05-11T00:00:00,Upper_Agriculture_Soilwater,0.09504000000000001
2024-05-12T00:00:00,Upper_Agriculture_Soilwater,0.0
2024-05-13T00:00:00,Upper_Agriculture_Soilwater,0.0
2024-05-14T00:00:00,Upper_Agriculture_Soilwater,0.0
2024-05-15T00:00:00,Upper_Agriculture_Soilwater,0.0864
2024-05-16T00:00:00,Upper_Agriculture_Soilwater,0.0
2024-05-17T00:00:00,Upper_Agriculture_Soilwater,0.25056
2024-05-18T00:00:00,Upper_Agriculture_Soilwater,0.26784
2024-05-19T00:00:00,Upper_Agriculture_Soilwater,0.31968
2024-05-20T00:00:00,Upper_Agriculture_Soilwater,0.27648
2024-05-21T00:00:00,Upper_Agriculture_Soilwater,0.15552000000000002
2024-05-22T00:00:00,Upper_Agriculture_Soilwater,0.14688
2024-05-23T00:00:00,Upper_Agriculture_Soilwater,0.05184000000000001
2024-05-24T00:00:00,Upper_Agriculture_Soilwater,0.0
2024-05-25T00:00:00,Upper_Agriculture_Soilwater,0.0
2024-05-26T00:00:00,Upper_Agriculture_Soilwater,0.0
2024-05-27T00:00:00,Upper_Agriculture_Soilwater,0.0
2024-05-28T00:00:00,Upper_Agriculture_Soilwater,0.0
2024-05-29T00:00:00,Upper_Agriculture_Soilwater,0.0
2024-05-30T00:00:00,Upper_Agriculture_Soilwater,0.38880000000000003
2024-05-31T00:00:00,Upper_Agriculture_Soilwater,0.31104000000000004
2024-06-01T00:00:00,Upper_Agriculture_Soilwater,0.35424
2024-06-02T00:00:00,Upper_Agriculture_Soilwater,0.18144000000000002
2024-06-03T00:00:00,Upper_Agriculture_Soilwater,0.14688
2024-06-04T00:00:00,Upper_Agriculture_Soilwater,0.29376
2024-06-05T00:00:00,Upper_Agriculture_Soilwater,0.46656000000000003
2024-06-06T00:00:00,Upper_Agriculture_Soilwater,0.44928
2024-06-07T00:00:00,Upper_Agriculture_Soilwater,0.0
2024-06-08T00:00:00,Upper_Agriculture_Soilwater,0.0
2024-06-09T00:00:00,Upper_Agriculture_Soilwater,0.0
2024-06-10T00:00:00,Upper_Agriculture_Soilwater,0.0
2024-06-11T00:00:00,Upper_Agriculture_Soilwater,0.0
2024-06-12T00:00:00,Upper_Agriculture_Soilwater,0.0
2024-06-13T00:00:00,Upper_Agriculture_Soilwater,0.0
2024-06-14T00:00:00,Upper_Agriculture_Soilwater,0.0
2024-06-15T00:00:00,Upper_Agriculture_Soilwater,0.0
2024-06-16T00:00:00,Upper_Agriculture_Soilwater,0.0
2024-06-17T00:00:00,Upper_Agriculture_Soilwater,0.008640000000000009
2024-06-18T00:00:00,Upper_Agriculture_Soilwater,0.0
2024-06-19T00:00:00,Upper_Agriculture_Soilwater,0.0
2024-06-20T00:00:00,Upper_Agriculture_Soilwater,0.0
2024-06-21T00:00:00,Upper_Agriculture_Soilwater,0.0
2024-06-22T00:00:00,Upper_Agriculture_Soilwater,0.0
2024-06-23T00:00:00,Upper_Agriculture_Soilwater,0.0
2024-06-24T00:00:00,Upper_Agriculture_Soilwater,0.0
2024-06-25T00:00:00,Upper_Agriculture_Soilwater,0.008640000000000009
2024-06-26T00:00:00,Upper_Agriculture_Soilwater,0.11232
2024-06-27T00:00:00,Upper_Agriculture_Soilwater,0.1296
2024-06-28T00:00:00,Upper_Agriculture_Soilwater,0.19008000000000003
2024-06-29T00:00:00,Upper_Agriculture_Soilwater,0.06048000000000002
2024-06-30T00:00:00,Upper_Agriculture_Soilwater,0.18144000000000002
2024-07-01T00:00:00,Upper_Agriculture_Soilwater,0.1233394857499679
2024-07-02T00:00:00,Upper_Agriculture_Soilwater,0.09495282747246252
2024-07-03T00:00:00,Upper_Agriculture_Soilwater,0.1983704630868161
2024-07-04T00:00:00,Upper_Agriculture_Soilwater,0.35294857515631123
2024-07-05T00:00:00,Upper_Agriculture_Soilwater,0.3688867464158662
2024-07-06T00:00:00,Upper_Agriculture_Soilwater,0.30771247504304505
2024-07-07T00:00:00,Upper_Agriculture_Soilwater,0.23860461835643643
2024-07-08T00:00:00,Upper_Agriculture_Soilwater,0.30605501092118337
2024-07-09T00:00:00,Upper_Agriculture_Soilwater,0.13560927895834385
2024-07-10T00:00:00,Upper_Agriculture_Soilwater,0.17775048478364047
2024-07-11T00:00:00,Upper_Agriculture_Soilwater,0.21968315493174712
2024-07-12T00:00:00,Upper_Agriculture_Soilwater,0.38781368801052335
2024-07-13T00:00:00,Upper_Agriculture_Soilwater,0.4331925933845068
2024-07-14T00:00:00,Upper_Agriculture_Soilwater,0.4287360517869805
2024-07-15T00:00:00,Upper_Agriculture_Soilwater,0.6777398404096482
2024-07-16T00:00:00,Upper_Agriculture_Soilwater,0.7603200000000001
2024-07-17T00:00:00,Upper_Agriculture_Soilwater,0.69984
2024-07-18T00:00:00,Upper_Agriculture_Soilwater,1.0368
2024-07-19T00:00:00,Upper_Agriculture_Soilwater,0.96768
2024-07-20T00:00:00,Upper_Agriculture_Soilwater,0.87264
2024-07-21T00:00:00,Upper_Agriculture_Soilwater,0.78624
2024-07-22T00:00:00,Upper_Agriculture_Soilwater,0.8467200000000001
2024-07-23T00:00:00,Upper_Agriculture_Soilwater,0.7344
2024-07-24T00:00:00,Upper_Agriculture_Soilwater,0.95904
2024-07-25T00:00:00,Upper_Agriculture_Soilwater,0.9072
2024-07-26T00:00:00,Upper_Agriculture_Soilwater,1.01088
2024-07-27T00:00:00,Upper_Agriculture_Soilwater,0.8899200000000002
2024-07-28T00:00:00,Upper_Agriculture_Soilwater,0.8121600000000001
2024-07-29T00:00:00,Upper_Agriculture_Soilwater,0.78624
2024-07-30T00:00:00,Upper_Agriculture_Soilwater,0.94176
2024-07-31T00:00:00,Upper_Agriculture_Soilwater,0.96768
2024-08-01T00:00:00,Upper_Agriculture_Soilwater,0.8640000000000001
2024-08-02T00:00:00,Upper_Agriculture_Soilwater,0.92448
2024-08-03T00:00:00,Upper_Agriculture_Soilwater,0.9072
2024-08-04T00:00:00,Upper_Agriculture_Soilwater,1.2441600000000002
2024-08-05T00:00:00,Upper_Agriculture_Soilwater,2.1302516370341618
2024-08-06T00:00:00,Upper_Agriculture_Soilwater,1.318876314461009
2024-08-07T00:00:00,Upper_Agriculture_Soilwater,1.5180687295215853
2024-08-08T00:00:00,Upper_Agriculture_Soilwater,1.3932059049543786
2024-08-09T00:00:00,Upper_Agriculture_Soilwater,1.4002102597096135
2024-08-10T00:00:00,Upper_Agriculture_Soilwater,1.481779256412521
2024-08-11T00:00:00,Upper_Agriculture_Soilwater,1.2722572669014203
2024-08-12T00:00:00,Upper_Agriculture_Soilwater,1.2307141782955229
2024-08-13T00:00:00,Upper_Agriculture_Soilwater,1.1974834367120972
2024-08-14T00:00:00,Upper_Agriculture_Soilwater,0.9654606503924159
2024-08-15T00:00:00,Upper_Agriculture_Soilwater,0.9937567002905301
2024-08-16T00:00:00,Upper_Agriculture_Soilwater,1.2999536790671633
2024-08-17T00:00:00,Upper_Agriculture_Soilwater,1.5572933872698638
2024-08-18T00:00:00,Upper_Agriculture_Soilwater,1.514840617492222
2024-08-19T00:00:00,Upper_Agriculture_Soilwater,1.4598707930554704
2024-08-20T00:00:00,Upper_Agriculture_Soilwater,1.4210399682453343
2024-08-21T00:00:00,Upper_Agriculture_Soilwater,1.324570186453404
2024-08-22T00:00:00,Upper_Agriculture_Soilwater,1.147669079704792
2024-08-23T00:00:00,Upper_Agriculture_Soilwater,1.1537989831164872
2024-08-24T00:00:00,Upper_Agriculture_Soilwater,1.2475414891535581
2024-08-25T00:00:00,Upper_Agriculture_Soilwater,1.278911940754108
2024-08-26T00:00:00,Upper_Agriculture_Soilwater,1.2538293339911637
2024-08-27T00:00:00,Upper_Agriculture_Soilwater,1.208911182721658
2024-08-28T00:00:00,Upper_Agriculture_Soilwater,1.3856345401598704
2024-08-29T00:00:00,Upper_Agriculture_Soilwater,1.2956926601034133
2024-08-30T00:00:00,Upper_Agriculture_Soilwater,1.4180691617874719
2024-08-31T00:00:00,Upper_Agriculture_Soilwater,1.3749609447281337
2024-09-01T00:00:00,Upper_Agriculture_Soilwater,1.2975057961514418
2024-09-02T00:00:00,Upper_Agriculture_Soilwater,1.4950615444781332
2024-09-03T00:00:00,Upper_Agriculture_Soilwater,1.337750116043433
2024-09-04T00:00:00,Upper_Agriculture_Soilwater,0.9422784593526419
2024-09-05T00:00:00,Upper_Agriculture_Soilwater,1.0785593893841678
2024-09-06T00:00:00,Upper_Agriculture_Soilwater,1.2636748532504225
2024-09-07T00:00:00,Upper_Agriculture_Soilwater,1.3164443650755961
2024-09-08T00:00:00,Upper_Agriculture_Soilwater,1.2424389138702783
2024-09-09T00:00:00,Upper_Agriculture_Soilwater,1.0320710876283787
2024-09-10T00:00:00,Upper_Agriculture_Soilwater,0.9678602454426849
2024-09-11T00:00:00,Upper_Agriculture_Soilwater,1.1646514662081002
2024-09-12T00:00:00,Upper_Agriculture_Soilwater,1.2786358983716712
2024-09-13T00:00:00,Upper_Agriculture_Soilwater,1.1944916756219606
2024-09-14T00:00:00,Upper_Agriculture_Soilwater,1.1841365606795502
2024-09-15T00:00:00,Upper_Agriculture_Soilwater,1.2716655243700998
2024-09-16T00:00:00,Upper_Agriculture_Soilwater,1.1582290414260736
2024-09-17T00:00:00,Upper_Agriculture_Soilwater,1.2889216171985545
2024-09-18T00:00:00,Upper_Agriculture_Soilwater,1.2578021418747856
2024-09-19T00:00:00,Upper_Agriculture_Soilwater,1.324606716857103
2024-09-20T00:00:00,Upper_Agriculture_Soilwater,1.491595733511243
2024-09-21T00:00:00,Upper_Agriculture_Soilwater,1.4803935914019555
2024-09-22T00:00:00,Upper_Agriculture_Soilwater,1.439685717123723
2024-09-23T00:00:00,Upper_Agriculture_Soilwater,1.4593640221472692
2024-09-24T00:00:00,Upper_Agriculture_Soilwater,1.510323150793241
2024-09-25T00:00:00,Upper_Agriculture_Soilwater,1.440287115036349
2024-09-26T00:00:00,Upper_Agriculture_Soilwater,1.3422866140216345
2024-09-27T00:00:00,Upper_Agriculture_Soilwater,1.3990297985357063
2024-09-28T00:00:00,Upper_Agriculture_Soilwater,1.3853384283833903
2024-09-29T00:00:00,Upper_Agriculture_Soilwater,1.270392136485093
2024-09-30T00:00:00,Upper_Agriculture_Soilwater,1.256310431342053
2024-10-01T00:00:00,Upper_Agriculture_Soilwater,1.2740375425206545
2024-10-02T00:00:00,Upper_Agriculture_Soilwater,1.2572708969691027
2024-10-03T00:00:00,Upper_Agriculture_Soilwater,1.2591609750412716
2024-10-04T00:00:00,Upper_Agriculture_Soilwater,1.3429081170628778
2024-10-05T00:00:00,Upper_Agriculture_Soilwater,1.3399447201023904
2024-10-06T00:00:00,Upper_Agriculture_Soilwater,1.3608151518774647
2024-10-07T00:00:00,Upper_Agriculture_Soilwater,1.4164528494371402
2024-10-08T00:00:00,Upper_Agriculture_Soilwater,1.2679034093056334
2024-10-09T00:00:00,Upper_Agriculture_Soilwater,1.336937620040107
2024-10-10T00:00:00,Upper_Agriculture_Soilwater,1.0891138349665845
2024-10-11T00:00:00,Upper_Agriculture_Soilwater,1.1130273799573014
2024-10-12T00:00:00,Upper_Agriculture_Soilwater,1.182541278064406
2024-10-13T00:00:00,Upper_Agriculture_Soilwater,1.3141498502440645
2024-10-14T00:00:00,Upper_Agriculture_Soilwater,1.0681434666488585
2024-10-15T00:00:00,Upper_Agriculture_Soilwater,1.1330479858339602
2024-10-16T00:00:00,Upper_Agriculture_Soilwater,1.2064604374664958
2024-10-17T00:00:00,Upper_Agriculture_Soilwater,1.2529613911308315
2024-10-18T00:00:00,Upper_Agriculture_Soilwater,1.3248842626015183
2024-10-19T00:00:00,Upper_Agriculture_Soilwater,1.0935181445886495
2024-10-20T00:00:00,Upper_Agriculture_Soilwater,1.0599377228916393
2024-10-21T00:00:00,Upper_Agriculture_Soilwater,1.1315606933666547
2024-10-22T00:00:00,Upper_Agriculture_Soilwater,0.9812757551927546
2024-10-23T00:00:00,Upper_Agriculture_Soilwater,0.9546125511140218
2024-10-24T00:00:00,Upper_Agriculture_Soilwater,1.178968716770388
2024-10-25T00:00:00,Upper_Agriculture_Soilwater,1.1769712180165826
2024-10-26T00:00:00,Upper_Agriculture_Soilwater,1.2516226050746886
2024-10-27T00:00:00,Upper_Agriculture_Soilwater,1.239829372893916
2024-10-28T00:00:00,Upper_Agriculture_Soilwater,1.1794324565598104
2024-10-29T00:00:00,Upper_Agriculture_Soilwater,1.1947813873218434
2024-10-30T00:00:00,Upper_Agriculture_Soilwater,1.013843062090388
2024-10-31T00:00:00,Upper_Agriculture_Soilwater,0.9848408299799776
2024-11-01T00:00:00,Upper_Agriculture_Soilwater,1.027240208717408
2024-11-02T00:00:00,Upper_Agriculture_Soilwater,1.2143179656079657
2024-11-03T00:00:00,Upper_Agriculture_Soilwater,1.2775838046374552
2024-11-04T00:00:00,Upper_Agriculture_Soilwater,1.2553083558984302
2024-11-05T00:00:00,Upper_Agriculture_Soilwater,1.2403723449975859
2024-11-06T00:00:00,Upper_Agriculture_Soilwater,1.2660588288781522
2024-11-07T00:00:00,Upper_Agriculture_Soilwater,1.2884284258094847
2024-11-08T00:00:00,Upper_Agriculture_Soilwater,1.111822337633043
2024-11-09T00:00:00,Upper_Agriculture_Soilwater,1.1697336210545104
2024-11-10T00:00:00,Upper_Agriculture_Soilwater,1.142300885169591
2024-11-11T00:00:00,Upper_Agriculture_Soilwater,1.153184829245947
2024-11-12T00:00:00,Upper_Agriculture_Soilwater,1.151152844207378
2024-11-13T00:00:00,Upper_Agriculture_Soilwater,1.1681249938881857
2024-11-14T00:00:00,Upper_Agriculture_Soilwater,1.0750383438492037
2024-11-15T00:00:00,Upper_Agriculture_Soilwater,1.2407401034275078
2024-11-16T00:00:00,Upper_Agriculture_Soilwater,1.2752229440268879
2024-11-17T00:00:00,Upper_Agriculture_Soilwater,1.3784763561578275
2024-11-18T00:00:00,Upper_Agriculture_Soilwater,1.3958894018787116
2024-11-19T00:00:00,Upper_Agriculture_Soilwater,1.3413528423057042
2024-11-20T00:00:00,Upper_Agriculture_Soilwater,1.310186466528099
2024-11-21T00:00:00,Upper_Agriculture_Soilwater,1.3441097898622725
2024-11-22T00:00:00,Upper_Agriculture_Soilwater,1.2995176589067474
2024-11-23T00:00:00,Upper_Agriculture_Soilwater,1.0954901023526384
2024-11-24T00:00:00,Upper_Agriculture_Soilwater,1.1181368295328715
2024-11-25T00:00:00,Upper_Agriculture_Soilwater,1.1799102387453881
2024-11-26T00:00:00,Upper_Agriculture_Soilwater,1.2937300636617117
2024-11-27T00:00:00,Upper_Agriculture_Soilwater,1.3282960434380373
2024-11-28T00:00:00,Upper_Agriculture_Soilwater,1.3332148411458231
2024-11-29T00:00:00,Upper_Agriculture_Soilwater,1.2088653595438206
2024-11-30T00:00:00,Upper_Agriculture_Soilwater,1.16426731357464
2024-12-01T00:00:00,Upper_Agriculture_Soilwater,1.2237272403109676
2024-12-02T00:00:00,Upper_Agriculture_Soilwater,1.1406772569768875
2024-12-03T00:00:00,Upper_Agriculture_Soilwater,1.0375006887297602
2024-12-04T00:00:00,Upper_Agriculture_Soilwater,1.0961591416873637
2024-12-05T00:00:00,Upper_Agriculture_Soilwater,1.2751646381651693
2024-12-06T00:00:00,Upper_Agriculture_Soilwater,1.3471293671363984
2024-12-07T00:00:00,Upper_Agriculture_Soilwater,1.34097634241109
2024-12-08T00:00:00,Upper_Agriculture_Soilwater,1.3332393200319457
2024-12-09T00:00:00,Upper_Agriculture_Soilwater,1.3040519853946302
2024-12-10T00:00:00,Upper_Agriculture_Soilwater,1.1813809128612136
2024-12-11T00:00:00,Upper_Agriculture_Soilwater,1.357720455905509
2024-12-12T00:00:00,Upper_Agriculture_Soilwater,1.2525978725780313
2024-12-13T00:00:00,Upper_Agriculture_Soilwater,1.1306860718288443
2024-12-14T00:00:00,Upper_Agriculture_Soilwater,1.120731222569628
2024-12-15T00:00:00,Upper_Agriculture_Soilwater,1.1926857274554694
2024-12-16T00:00:00,Upper_Agriculture_Soilwater,1.1586865651741127
2024-12-17T00:00:00,Upper_Agriculture_Soilwater,1.0889717244204864
2024-12-18T00:00:00,Upper_Agriculture_Soilwater,0.8749950075149089
2024-12-19T00:00:00,Upper_Agriculture_Soilwater,0.9232618056899139
2024-12-20T00:00:00,Upper_Agriculture_Soilwater,0.8359735233360677
2024-12-21T00:00:00,Upper_Agriculture_Soilwater,0.9050250424488672
2024-12-22T00:00:00,Upper_Agriculture_Soilwater,0.9791229432738167
2024-12-23T00:00:00,Upper_Agriculture_Soilwater,0.9854327699633245
2024-12-24T00:00:00,Upper_Agriculture_Soilwater,0.8829434277251258
2024-12-25T00:00:00,Upper_Agriculture_Soilwater,0.7581647609374437
2024-12-26T00:00:00,Upper_Agriculture_Soilwater,0.5425768967175125
2024-12-27T00:00:00,Upper_Agriculture_Soilwater,0.4839878520155513
2024-12-28T00:00:00,Upper_Agriculture_Soilwater,0.6695610211028753
2024-12-29T00:00:00,Upper_Agriculture_Soilwater,0.7429341156004345
2024-12-30T00:00:00,Upper_Agriculture_Soilwater,0.6886934874769036
2024-12-31T00:00:00,Upper_Agriculture_Soilwater,0.7676387069931553
2025-01-01T00:00:00,Upper_Agriculture_Soilwater,0.45781780896239455
2025-01-02T00:00:00,Upper_Agriculture_Soilwater,0.5439435232212048
2025-01-03T00:00:00,Upper_Agriculture_Soilwater,0.6293697670720111
2025-01-04T00:00:00,Upper_Agriculture_Soilwater,0.8126040129417934
2025-01-05T00:00:00,Upper_Agriculture_Soilwater,0.9505428488534488
2025-01-06T00:00:00,Upper_Agriculture_Soilwater,0.8945241333517906
2025-01-07T00:00:00,Upper_Agriculture_Soilwater,1.1930083689270112
2025-01-08T00:00:00,Upper_Agriculture_Soilwater,1.2740489557394676
2025-01-09T00:00:00,Upper_Agriculture_Soilwater,1.124169827581419
2025-01-10T00:00:00,Upper_Agriculture_Soilwater,0.88932587024405
2025-01-11T00:00:00,Upper_Agriculture_Soilwater,0.5984858796373267
2025-01-12T00:00:00,Upper_Agriculture_Soilwater,0.643633123028098
2025-01-13T00:00:00,Upper_Agriculture_Soilwater,0.7023062224312493
2025-01-14T00:00:00,Upper_Agriculture_Soilwater,0.8459631775643228
2025-01-15T00:00:00,Upper_Agriculture_Soilwater,0.7367806388236672
2025-01-16T00:00:00,Upper_Agriculture_Soilwater,0.46416252275016184
2025-01-17T00:00:00,Upper_Agriculture_Soilwater,0.6669073128971686
2025-01-18T00:00:00,Upper_Agriculture_Soilwater,0.38820870759594706
2025-01-19T00:00:00,Upper_Agriculture_Soilwater,0.333501306059593
2025-01-20T00:00:00,Upper_Agriculture_Soilwater,0.24718041201393018
2025-01-21T00:00:00,Upper_Agriculture_Soilwater,0.2799475511972923
2025-01-22T00:00:00,Upper_Agriculture_Soilwater,0.828765818411154
2025-01-23T00:00:00,Upper_Agriculture_Soilwater,1.2219699339479273
2025-01-24T00:00:00,Upper_Agriculture_Soilwater,1.1310707545576473
2025-01-25T00:00:00,Upper_Agriculture_Soilwater,0.8242919516697675
2025-01-26T00:00:00,Upper_Agriculture_Soilwater,1.1181775873155217
2025-01-27T00:00:00,Upper_Agriculture_Soilwater,1.2077901766517665
2025-01-28T00:00:00,Upper_Agriculture_Soilwater,1.098044150933749
2025-01-29T00:00:00,Upper_Agriculture_Soilwater,1.0314920844319946
2025-01-30T00:00:00,Upper_Agriculture_Soilwater,0.8553631925243409
2025-01-31T00:00:00,Upper_Agriculture_Soilwater,0.7912813202515004
2025-02-01T00:00:00,Upper_Agriculture_Soilwater,0.8840884587911508
2025-02-02T00:00:00,Upper_Agriculture_Soilwater,0.7740650934939735
2025-02-03T00:00:00,Upper_Agriculture_Soilwater,0.7181356713522725
2025-02-04T00:00:00,Upper_Agriculture_Soilwater,0.7776000000000001
2025-02-05T00:00:00,Upper_Agriculture_Soilwater,0.6652800000000001
2025-02-06T00:00:00,Upper_Agriculture_Soilwater,0.6220800000000001
2025-02-07T00:00:00,Upper_Agriculture_Soilwater,0.61344
2025-02-08T00:00:00,Upper_Agriculture_Soilwater,0.8035200000000001
2025-02-09T00:00:00,Upper_Agriculture_Soilwater,0.6825600000000001
2025-02-10T00:00:00,Upper_Agriculture_Soilwater,0.6220800000000001
2025-02-11T00:00:00,Upper_Agriculture_Soilwater,0.33696000000000004
2025-02-12T00:00:00,Upper_Agriculture_Soilwater,0.7689600000000001
2025-02-13T00:00:00,Upper_Agriculture_Soilwater,0.6739200000000001
2025-02-14T00:00:00,Upper_Agriculture_Soilwater,0.44064
2025-02-15T00:00:00,Upper_Agriculture_Soilwater,0.78624
2025-02-16T00:00:00,Upper_Agriculture_Soilwater,1.06272
2025-02-17T00:00:00,Upper_Agriculture_Soilwater,0.648
2025-02-18T00:00:00,Upper_Agriculture_Soilwater,0.65664
2025-02-19T00:00:00,Upper_Agriculture_Soilwater,0.7689600000000001
2025-02-20T00:00:00,Upper_Agriculture_Soilwater,0.29376
2025-02-21T00:00:00,Upper_Agriculture_Soilwater,0.50112
2025-02-22T00:00:00,Upper_Agriculture_Soilwater,0.29376
2025-02-23T00:00:00,Upper_Agriculture_Soilwater,0.28512
2025-02-24T00:00:00,Upper_Agriculture_Soilwater,0.19872
2025-02-25T00:00:00,Upper_Agriculture_Soilwater,0.15552000000000002
2025-02-26T00:00:00,Upper_Agriculture_Soilwater,0.1728
2025-02-27T00:00:00,Upper_Agriculture_Soilwater,0.79488
2025-02-28T00:00:00,Upper_Agriculture_Soilwater,0.7171200000000001
2025-03-01T00:00:00,Upper_Agriculture_Soilwater,0.19872
2025-03-02T00:00:00,Upper_Agriculture_Soilwater,0.017280000000000018
2025-03-03T00:00:00,Upper_Agriculture_Soilwater,0.6220800000000001
2025-03-04T00:00:00,Upper_Agriculture_Soilwater,0.38016000000000005
2025-03-05T00:00:00,Upper_Agriculture_Soilwater,0.75168
2025-03-06T00:00:00,Upper_Agriculture_Soilwater,0.37152
2025-03-07T00:00:00,Upper_Agriculture_Soilwater,0.48384
2025-03-08T00:00:00,Upper_Agriculture_Soilwater,0.3024
2025-03-09T00:00:00,Upper_Agriculture_Soilwater,0.0
2025-03-10T00:00:00,Upper_Agriculture_Soilwater,0.0
2025-03-11T00:00:00,Upper_Agriculture_Soilwater,0.0
2025-03-12T00:00:00,Upper_Agriculture_Soilwater,0.3456
2025-03-13T00:00:00,Upper_Agriculture_Soilwater,0.7257600000000001
2025-03-14T00:00:00,Upper_Agriculture_Soilwater,0.88128
2025-03-15T00:00:00,Upper_Agriculture_Soilwater,0.32832
2025-03-16T00:00:00,Upper_Agriculture_Soilwater,0.32832
2025-03-17T00:00:00,Upper_Agriculture_Soilwater,0.6307200000000001
2025-03-18T00:00:00,Upper_Agriculture_Soilwater,0.78624
2025-03-19T00:00:00,Upper_Agriculture_Soilwater,0.6825600000000001
2025-03-20T00:00:00,Upper_Agriculture_Soilwater,0.35424
2025-03-21T00:00:00,Upper_Agriculture_Soilwater,0.648
2025-03-22T00:00:00,Upper_Agriculture_Soilwater,0.5788800000000001
2025-03-23T00:00:00,Upper_Agriculture_Soilwater,0.7171200000000001
2025-03-24T00:00:00,Upper_Agriculture_Soilwater,0.78624
2025-03-25T00:00:00,Upper_Agriculture_Soilwater,0.63936
2025-03-26T00:00:00,Upper_Agriculture_Soilwater,0.7603200000000001
2025-03-27T00:00:00,Upper_Agriculture_Soilwater,0.8208000000000001
2025-03-28T00:00:00,Upper_Agriculture_Soilwater,0.4752
2025-03-29T00:00:00,Upper_Agriculture_Soilwater,0.44928
2025-03-30T00:00:00,Upper_Agriculture_Soilwater,0.7171200000000001
2025-03-31T00:00:00,Upper_Agriculture_Soilwater,0.58752
2025-04-01T00:00:00,Upper_Agriculture_Soilwater,0.44928
2025-04-02T00:00:00,Upper_Agriculture_Soilwater,0.55296
2025-04-03T00:00:00,Upper_Agriculture_Soilwater,0.4752
2025-04-04T00:00:00,Upper_Agriculture_Soilwater,0.57024
2025-04-05T00:00:00,Upper_Agriculture_Soilwater,0.58752
2025-04-06T00:00:00,Upper_Agriculture_Soilwater,0.6652800000000001
2025-04-07T00:00:00,Upper_Agriculture_Soilwater,0.44928
2025-04-08T00:00:00,Upper_Agriculture_Soilwater,0.57024
2025-04-09T00:00:00,Upper_Agriculture_Soilwater,0.79488
2025-04-10T00:00:00,Upper_Agriculture_Soilwater,0.7776000000000001
2025-04-11T00:00:00,Upper_Agriculture_Soilwater,0.7344
2025-04-12T00:00:00,Upper_Agriculture_Soilwater,0.14688
2025-04-13T00:00:00,Upper_Agriculture_Soilwater,0.0
2025-04-14T00:00:00,Upper_Agriculture_Soilwater,0.0
2025-04-15T00:00:00,Upper_Agriculture_Soilwater,0.0
2025-04-16T00:00:00,Upper_Agriculture_Soilwater,0.0
2025-04-17T00:00:00,Upper_Agriculture_Soilwater,0.0
2025-04-18T00:00:00,Upper_Agriculture_Soilwater,0.0
2025-04-19T00:00:00,Upper_Agriculture_Soilwater,0.0
2025-04-20T00:00:00,Upper_Agriculture_Soilwater,0.0
2025-04-21T00:00:00,Upper_Agriculture_Soilwater,0.0
2025-04-22T00:00:00,Upper_Agriculture_Soilwater,0.0
2025-04-23T00:00:00,Upper_Agriculture_Soilwater,0.0
2025-04-24T00:00:00,Upper_Agriculture_Soilwater,0.0
2025-04-25T00:00:00,Upper_Agriculture_Soilwater,0.0
2025-04-26T00:00:00,Upper_Agriculture_Soilwater,0.0
2025-04-27T00:00:00,Upper_Agriculture_Soilwater,0.0
2025-04-28T00:00:00,Upper_Agriculture_Soilwater,0.0
2025-04-29T00:00:00,Upper_Agriculture_Soilwater,0.1296
2025-04-30T00:00:00,Upper_Agriculture_Soilwater,0.19008000000000003
2025-05-01T00:00:00,Upper_Agriculture_Soilwater,0.0
2025-05-02T00:00:00,Upper_Agriculture_Soilwater,0.0
2025-05-03T00:00:00,Upper_Agriculture_Soilwater,0.0
2025-05-04T00:00:00,Upper_Agriculture_Soilwater,0.21600000000000003
2025-05-05T00:00:00,Upper_Agriculture_Soilwater,0.39744
2025-05-06T00:00:00,Upper_Agriculture_Soilwater,0.41472000000000003
2025-05-07T00:00:00,Upper_Agriculture_Soilwater,0.29376
2025-05-08T00:00:00,Upper_Agriculture_Soilwater,0.27648
2025-05-09T00:00:00,Upper_Agriculture_Soilwater,0.28512
2025-05-10T00:00:00,Upper_Agriculture_Soilwater,0.40608000000000005
2025-05-11T00:00:00,Upper_Agriculture_Soilwater,0.50112
2025-05-12T00:00:00,Upper_Agriculture_Soilwater,0.48384
2025-05-13T00:00:00,Upper_Agriculture_Soilwater,0.50112
2025-05-14T00:00:00,Upper_Agriculture_Soilwater,0.35424
2025-05-15T00:00:00,Upper_Agriculture_Soilwater,0.3456
2025-05-16T00:00:00,Upper_Agriculture_Soilwater,0.36288000000000004
2025-05-17T00:00:00,Upper_Agriculture_Soilwater,0.40608000000000005
2025-05-18T00:00:00,Upper_Agriculture_Soilwater,0.44064
2025-05-19T00:00:00,Upper_Agriculture_Soilwater,0.58752
2025-05-20T00:00:00,Upper_Agriculture_Soilwater,0.53568
2025-05-21T00:00:00,Upper_Agriculture_Soilwater,0.28512
2025-05-22T00:00:00,Upper_Agriculture_Soilwater,0.0864
2025-05-23T00:00:00,Upper_Agriculture_Soilwater,0.19008000000000003
2025-05-24T00:00:00,Upper_Agriculture_Soilwater,0.37152
2025-05-25T00:00:00,Upper_Agriculture_Soilwater,0.54432
2025-05-26T00:00:00,Upper_Agriculture_Soilwater,0.74304
2025-05-27T00:00:00,Upper_Agriculture_Soilwater,0.8380799999999999
2025-05-28T00:00:00,Upper_Agriculture_Soilwater,0.5184
2025-05-29T00:00:00,Upper_Agriculture_Soilwater,0.40608000000000005
2025-05-30T00:00:00,Upper_Agriculture_Soilwater,0.44064
2025-05-31T00:00:00,Upper_Agriculture_Soilwater,0.44928
2025-06-01T00:00:00,Upper_Agriculture_Soilwater,0.39744
2025-06-02T00:00:00,Upper_Agriculture_Soilwater,0.40608000000000005
2025-06-03T00:00:00,Upper_Agriculture_Soilwater,0.44064
2025-06-04T00:00:00,Upper_Agriculture_Soilwater,0.55296
2025-06-05T00:00:00,Upper_Agriculture_Soilwater,0.4752
2025-06-06T00:00:00,Upper_Agriculture_Soilwater,0.5184
2025-06-07T00:00:00,Upper_Agriculture_Soilwater,0.8553600000000001
2025-06-08T00:00:00,Upper_Agriculture_Soilwater,0.79488
2025-06-09T00:00:00,Upper_Agriculture_Soilwater,1.04544
2025-06-10T00:00:00,Upper_Agriculture_Soilwater,0.8380799999999999
2025-06-11T00:00:00,Upper_Agriculture_Soilwater,0.6652800000000001
2025-06-12T00:00:00,Upper_Agriculture_Soilwater,0.8294400000000001
2025-06-13T00:00:00,Upper_Agriculture_Soilwater,0.7603200000000001
2025-06-14T00:00:00,Upper_Agriculture_Soilwater,0.79488
2025-06-15T00:00:00,Upper_Agriculture_Soilwater,0.46656000000000003
2025-06-16T00:00:00,Upper_Agriculture_Soilwater,0.19008000000000003
2025-06-17T00:00:00,Upper_Agriculture_Soilwater,0.32832
2025-06-18T00:00:00,Upper_Agriculture_Soilwater,0.13824
2025-06-19T00:00:00,Upper_Agriculture_Soilwater,0.06048000000000002
2025-06-20T00:00:00,Upper_Agriculture_Soilwater,0.46656000000000003
2025-06-21T00:00:00,Upper_Agriculture_Soilwater,0.9936
2025-06-22T00:00:00,Upper_Agriculture_Soilwater,0.75168
2025-06-23T00:00:00,Upper_Agriculture_Soilwater,0.69984
2025-06-24T00:00:00,Upper_Agriculture_Soilwater,0.4752
2025-06-25T00:00:00,Upper_Agriculture_Soilwater,0.52704
2025-06-26T00:00:00,Upper_Agriculture_Soilwater,0.5616
2025-06-27T00:00:00,Upper_Agriculture_Soilwater,0.70848
2025-06-28T00:00:00,Upper_Agriculture_Soilwater,0.7171200000000001
2025-06-29T00:00:00,Upper_Agriculture_Soilwater,0.78624
2025-06-30T00:00:00,Upper_Agriculture_Soilwater,0.78624
2025-07-01T00:00:00,Upper_Agriculture_Soilwater,0.49248000000000003
2025-07-02T00:00:00,Upper_Agriculture_Soilwater,0.3024
2025-07-03T00:00:00,Upper_Agriculture_Soilwater,0.45792
2025-07-04T00:00:00,Upper_Agriculture_Soilwater,0.38016000000000005
2025-07-05T00:00:00,Upper_Agriculture_Soilwater,0.45792
2025-07-06T00:00:00,Upper_Agriculture_Soilwater,0.63936
2025-07-07T00:00:00,Upper_Agriculture_Soilwater,0.8553600000000001
2025-07-08T00:00:00,Upper_Agriculture_Soilwater,0.7344
2025-07-09T00:00:00,Upper_Agriculture_Soilwater,0.59616
2025-07-10T00:00:00,Upper_Agriculture_Soilwater,0.48384
2025-07-11T00:00:00,Upper_Agriculture_Soilwater,0.5616
2025-07-12T00:00:00,Upper_Agriculture_Soilwater,0.8380799999999999
2025-07-13T00:00:00,Upper_Agriculture_Soilwater,0.87264
2025-07-14T00:00:00,Upper_Agriculture_Soilwater,1.00224
2025-07-15T00:00:00,Upper_Agriculture_Soilwater,0.8640000000000001
2025-07-16T00:00:00,Upper_Agriculture_Soilwater,0.8208000000000001
2025-07-17T00:00:00,Upper_Agriculture_Soilwater,0.78624
2025-07-18T00:00:00,Upper_Agriculture_Soilwater,1.07136
2025-07-19T00:00:00,Upper_Agriculture_Soilwater,0.91584
2025-07-20T00:00:00,Upper_Agriculture_Soilwater,0.9072
2025-07-21T00:00:00,Upper_Agriculture_Soilwater,1.13184
2025-07-22T00:00:00,Upper_Agriculture_Soilwater,1.21824
2025-07-23T00:00:00,Upper_Agriculture_Soilwater,1.10592
2025-07-24T00:00:00,Upper_Agriculture_Soilwater,0.8380799999999999
2025-07-25T00:00:00,Upper_Agriculture_Soilwater,0.7603200000000001
2025-07-26T00:00:00,Upper_Agriculture_Soilwater,0.9072
2025-07-27T00:00:00,Upper_Agriculture_Soilwater,1.14048
2025-07-28T00:00:00,Upper_Agriculture_Soilwater,1.7361795091994192
2025-07-29T00:00:00,Upper_Agriculture_Soilwater,1.5138470821565009
2025-07-30T00:00:00,Upper_Agriculture_Soilwater,0.971606153259471
2025-07-31T00:00:00,Upper_Agriculture_Soilwater,0.7460210773625368
2025-08-01T00:00:00,Upper_Agriculture_Soilwater,0.5449276730707016
2025-08-02T00:00:00,Upper_Agriculture_Soilwater,0.6846966499062694
2025-08-03T00:00:00,Upper_Agriculture_Soilwater,0.7208641287139516
2025-08-04T00:00:00,Upper_Agriculture_Soilwater,0.6359102749245085
2025-08-05T00:00:00,Upper_Agriculture_Soilwater,0.6797944855888017
2025-08-06T00:00:00,Upper_Agriculture_Soilwater,0.6809922199800178
2025-08-07T00:00:00,Upper_Agriculture_Soilwater,1.1722665661088998
2025-08-08T00:00:00,Upper_Agriculture_Soilwater,0.7344
2025-08-09T00:00:00,Upper_Agriculture_Soilwater,0.9331200000000001
2025-08-10T00:00:00,Upper_Agriculture_Soilwater,0.8294400000000001
2025-08-11T00:00:00,Upper_Agriculture_Soilwater,0.9936
2025-08-12T00:00:00,Upper_Agriculture_Soilwater,0.9936
2025-08-13T00:00:00,Upper_Agriculture_Soilwater,1.08864
2025-08-14T00:00:00,Upper_Agriculture_Soilwater,0.94176
2025-08-15T00:00:00,Upper_Agriculture_Soilwater,0.9504
2025-08-16T00:00:00,Upper_Agriculture_Soilwater,1.4688
2025-08-17T00:00:00,Upper_Agriculture_Soilwater,1.5552000000000001
2025-08-18T00:00:00,Upper_Agriculture_Soilwater,1.5552000000000001
2025-08-19T00:00:00,Upper_Agriculture_Soilwater,1.3392000000000002
2025-08-20T00:00:00,Upper_Agriculture_Soilwater,1.5638400000000001
2025-08-21T00:00:00,Upper_Agriculture_Soilwater,1.7107200000000002
2025-08-22T00:00:00,Upper_Agriculture_Soilwater,1.9267200000000002
2025-08-23T00:00:00,Upper_Agriculture_Soilwater,2.02176
2025-08-24T00:00:00,Upper_Agriculture_Soilwater,2.04768
2025-08-25T00:00:00,Upper_Agriculture_Soilwater,1.9094400000000002
2025-08-26T00:00:00,Upper_Agriculture_Soilwater,1.4688
2025-08-27T00:00:00,Upper_Agriculture_Soilwater,0.96768
2025-08-28T00:00:00,Upper_Agriculture_Soilwater,0.8899200000000002
2025-08-29T00:00:00,Upper_Agriculture_Soilwater,1.19232
2025-08-30T00:00:00,Upper_Agriculture_Soilwater,1.1577600000000001
2025-08-31T00:00:00,Upper_Agriculture_Soilwater,1.28736
2025-09-01T00:00:00,Upper_Agriculture_Soilwater,1.3651200000000001
2025-09-02T00:00:00,Upper_Agriculture_Soilwater,1.35648
2025-09-03T00:00:00,Upper_Agriculture_Soilwater,1.296
2025-09-04T00:00:00,Upper_Agriculture_Soilwater,2.782703193094373
2025-09-05T00:00:00,Upper_Agriculture_Soilwater,1.6427638844612376
2025-09-06T00:00:00,Upper_Agriculture_Soilwater,1.5198917217583183
2025-09-07T00:00:00,Upper_Agriculture_Soilwater,1.5093000504529344
2025-09-08T00:00:00,Upper_Agriculture_Soilwater,1.6826887256547212
2025-09-09T00:00:00,Upper_Agriculture_Soilwater,1.8650753788387697
2025-09-10T00:00:00,Upper_Agriculture_Soilwater,1.7503146986529858
2025-09-11T00:00:00,Upper_Agriculture_Soilwater,1.630779420096474
2025-09-12T00:00:00,Upper_Agriculture_Soilwater,1.5467615752181352
2025-09-13T00:00:00,Upper_Agriculture_Soilwater,1.3116173156683906
2025-09-14T00:00:00,Upper_Agriculture_Soilwater,1.2166673253953835
2025-09-15T00:00:00,Upper_Agriculture_Soilwater,1.4313320800832543
2025-09-16T00:00:00,Upper_Agriculture_Soilwater,1.3091309064718857
2025-09-17T00:00:00,Upper_Agriculture_Soilwater,1.0963277845290376
2025-09-18T00:00:00,Upper_Agriculture_Soilwater,1.4078061957318257
2025-09-19T00:00:00,Upper_Agriculture_Soilwater,1.1289655769798312
2025-09-20T00:00:00,Upper_Agriculture_Soilwater,1.029721534495865
2025-09-21T00:00:00,Upper_Agriculture_Soilwater,0.9609691505291179
2025-09-22T00:00:00,Upper_Agriculture_Soilwater,1.0173423135835822
2025-09-23T00:00:00,Upper_Agriculture_Soilwater,0.9565375717479545
2025-09-24T00:00:00,Upper_Agriculture_Soilwater,1.2763911141501776
2025-09-25T00:00:00,Upper_Agriculture_Soilwater,1.1628754194107063
2025-09-26T00:00:00,Upper_Agriculture_Soilwater,1.166316399687311
2025-09-27T00:00:00,Upper_Agriculture_Soilwater,1.1610009759213875
2025-09-28T00:00:00,Upper_Agriculture_Soilwater,1.2208108131129993
2025-09-29T00:00:00,Upper_Agriculture_Soilwater,1.3408996794092265
2025-09-30T00:00:00,Upper_Agriculture_Soilwater,1.2913614753238971
2025-10-01T00:00:00,Upper_Agriculture_Soilwater,1.2952784968362412
2025-10-02T00:00:00,Upper_Agriculture_Soilwater,1.4003661369205065
2025-10-03T00:00:00,Upper_Agriculture_Soilwater,1.4422123691126927
2025-10-04T00:00:00,Upper_Agriculture_Soilwater,1.656214140998107
2025-10-05T00:00:00,Upper_Agriculture_Soilwater,1.7438755355447981
2025-10-06T00:00:00,Upper_Agriculture_Soilwater,1.7555783020854714
2025-10-07T00:00:00,Upper_Agriculture_Soilwater,1.9441241600185772
2025-10-08T00:00:00,Upper_Agriculture_Soilwater,1.9603542685158277
2025-10-09T00:00:00,Upper_Agriculture_Soilwater,1.9428228286550153
2025-10-10T00:00:00,Upper_Agriculture_Soilwater,1.8109643473719463
2025-10-11T00:00:00,Upper_Agriculture_Soilwater,1.5200539090945882
2025-10-12T00:00:00,Upper_Agriculture_Soilwater,1.4596361562229763
2025-10-13T00:00:00,Upper_Agriculture_Soilwater,1.6396083106548995
2025-10-14T00:00:00,Upper_Agriculture_Soilwater,1.5525888342608742
2025-10-15T00:00:00,Upper_Agriculture_Soilwater,1.5386515044986084
2025-10-16T00:00:00,Upper_Agriculture_Soilwater,1.5935529930980739
2025-10-17T00:00:00,Upper_Agriculture_Soilwater,1.5689592188233936
2025-10-18T00:00:00,Upper_Agriculture_Soilwater,1.537415434196462
2025-10-19T00:00:00,Upper_Agriculture_Soilwater,1.401901046653433
2025-10-20T00:00:00,Upper_Agriculture_Soilwater,1.4876294134476473
2025-10-21T00:00:00,Upper_Agriculture_Soilwater,1.4580376066175518
2025-10-22T00:00:00,Upper_Agriculture_Soilwater,1.550135207740659
2025-10-23T00:00:00,Upper_Agriculture_Soilwater,1.6174700462104603
2025-10-24T00:00:00,Upper_Agriculture_Soilwater,1.66710464577552
2025-10-25T00:00:00,Upper_Agriculture_Soilwater,1.6747919105518434
2025-10-26T00:00:00,Upper_Agriculture_Soilwater,1.6124545742084009
2025-10-27T00:00:00,Upper_Agriculture_Soilwater,1.5030720926628853
2025-10-28T00:00:00,Upper_Agriculture_Soilwater,1.5223906445596582
2025-10-29T00:00:00,Upper_Agriculture_Soilwater,1.5506598762830353
2025-10-30T00:00:00,Upper_Agriculture_Soilwater,1.408862412361581
2025-10-31T00:00:00,Upper_Agriculture_Soilwater,1.4178968979742783
2025-11-01T00:00:00,Upper_Agriculture_Soilwater,1.4348395138421794
2025-11-02T00:00:00,Upper_Agriculture_Soilwater,1.4423990311747616
2025-11-03T00:00:00,Upper_Agriculture_Soilwater,1.584803622765371
2025-11-04T00:00:00,Upper_Agriculture_Soilwater,1.7639605463256929
2025-11-05T00:00:00,Upper_Agriculture_Soilwater,1.5275280391550867
2025-11-06T00:00:00,Upper_Agriculture_Soilwater,1.4935441731688883
2025-11-07T00:00:00,Upper_Agriculture_Soilwater,1.4842013225333979
2025-11-08T00:00:00,Upper_Agriculture_Soilwater,1.5637795351651698
2025-11-09T00:00:00,Upper_Agriculture_Soilwater,1.6350141071724589
2025-11-10T00:00:00,Upper_Agriculture_Soilwater,1.5726175821051145
2025-11-11T00:00:00,Upper_Agriculture_Soilwater,1.518813923465098
2025-11-12T00:00:00,Upper_Agriculture_Soilwater,1.4606686458967528
2025-11-13T00:00:00,Upper_Agriculture_Soilwater,1.4379518593412155
2025-11-14T00:00:00,Upper_Agriculture_Soilwater,1.4840559764689296
2025-11-15T00:00:00,Upper_Agriculture_Soilwater,1.5330919040759425
2025-11-16T00:00:00,Upper_Agriculture_Soilwater,1.5921667633921972
2025-11-17T00:00:00,Upper_Agriculture_Soilwater,1.4909547599176873
2025-11-18T00:00:00,Upper_Agriculture_Soilwater,1.5260568872125815
2025-11-19T00:00:00,Upper_Agriculture_Soilwater,1.4621099764470864
2025-11-20T00:00:00,Upper_Agriculture_Soilwater,1.8316652224371028
2025-11-21T00:00:00,Upper_Agriculture_Soilwater,1.5206400000000002
2025-11-22T00:00:00,Upper_Agriculture_Soilwater,1.58112
2025-11-23T00:00:00,Upper_Agriculture_Soilwater,1.39968
2025-11-24T00:00:00,Upper_Agriculture_Soilwater,1.3651200000000001
2025-11-25T00:00:00,Upper_Agriculture_Soilwater,1.3478400000000001
2025-11-26T00:00:00,Upper_Agriculture_Soilwater,1.296
2025-11-27T00:00:00,Upper_Agriculture_Soilwater,1.58112
2025-11-28T00:00:00,Upper_Agriculture_Soilwater,1.4688
2025-11-29T00:00:00,Upper_Agriculture_Soilwater,1.4774400000000003
2025-11-30T00:00:00,Upper_Agriculture_Soilwater,1.296
2025-12-01T00:00:00,Upper_Agriculture_Soilwater,1.35648
2025-12-02T00:00:00,Upper_Agriculture_Soilwater,1.41696
2025-12-03T00:00:00,Upper_Agriculture_Soilwater,1.512
2025-12-04T00:00:00,Upper_Agriculture_Soilwater,1.57248
2025-12-05T00:00:00,Upper_Agriculture_Soilwater,1.7366400000000002
2025-12-06T00:00:00,Upper_Agriculture_Soilwater,1.61568
2025-12-07T00:00:00,Upper_Agriculture_Soilwater,1.50336
2025-12-08T00:00:00,Upper_Agriculture_Soilwater,3.215026506927761
2025-12-09T00:00:00,Upper_Agriculture_Soilwater,1.6502899183072974
2025-12-10T00:00:00,Upper_Agriculture_Soilwater,1.511583824287208
2025-12-11T00:00:00,Upper_Agriculture_Soilwater,1.4429655694098305
2025-12-12T00:00:00,Upper_Agriculture_Soilwater,1.3410237020736515
2025-12-13T00:00:00,Upper_Agriculture_Soilwater,1.399781074854761
2025-12-14T00:00:00,Upper_Agriculture_Soilwater,1.3558812154338398
2025-12-15T00:00:00,Upper_Agriculture_Soilwater,1.20489695352953
2025-12-16T00:00:00,Upper_Agriculture_Soilwater,1.2538404102966794
2025-12-17T00:00:00,Upper_Agriculture_Soilwater,1.2924285089771348
2025-12-18T00:00:00,Upper_Agriculture_Soilwater,1.192053455530626
2025-12-19T00:00:00,Upper_Agriculture_Soilwater,1.1977892563132102
2025-12-20T00:00:00,Upper_Agriculture_Soilwater,1.2105709781754748
2025-12-21T00:00:00,Upper_Agriculture_Soilwater,1.1830918843431746
2025-12-22T00:00:00,Upper_Agriculture_Soilwater,1.1981530681308576
2025-12-23T00:00:00,Upper_Agriculture_Soilwater,0.9475566587208123
2025-12-24T00:00:00,Upper_Agriculture_Soilwater,0.5689080630312405
2025-12-25T00:00:00,Upper_Agriculture_Soilwater,0.6857891245899315
2025-12-26T00:00:00,Upper_Agriculture_Soilwater,0.8834242474104298
2025-12-27T00:00:00,Upper_Agriculture_Soilwater,1.1596044878748002
2025-12-28T00:00:00,Upper_Agriculture_Soilwater,1.3582713671830693
2025-12-29T00:00:00,Upper_Agriculture_Soilwater,1.4502778068839477
2025-12-30T00:00:00,Upper_Agriculture_Soilwater,1.3319410858269471
2025-12-31T00:00:00,Upper_Agriculture_Soilwater,0.9712488175384429
2026-01-01T00:00:00,Upper_Agriculture_Soilwater,1.339523532092264
2026-01-02T00:00:00,Upper_Agriculture_Soilwater,1.7609758178313277
2026-01-03T00:00:00,Upper_Agriculture_Soilwater,1.2348045189574082
2026-01-04T00:00:00,Upper_Agriculture_Soilwater,1.3192241340453161
2026-01-05T00:00:00,Upper_Agriculture_Soilwater,1.3577038572734021
2026-01-06T00:00:00,Upper_Agriculture_Soilwater,0.984368930134273
2026-01-07T00:00:00,Upper_Agriculture_Soilwater,1.9616928313015676
2026-01-08T00:00:00,Upper_Agriculture_Soilwater,1.2355200000000002
2026-01-09T00:00:00,Upper_Agriculture_Soilwater,1.22688
2026-01-10T00:00:00,Upper_Agriculture_Soilwater,1.3305600000000002
2026-01-11T00:00:00,Upper_Agriculture_Soilwater,1.10592
2026-01-12T00:00:00,Upper_Agriculture_Soilwater,1.01088
2026-01-13T00:00:00,Upper_Agriculture_Soilwater,1.00224
2026-01-14T00:00:00,Upper_Agriculture_Soilwater,1.00224
2026-01-15T00:00:00,Upper_Agriculture_Soilwater,0.8467200000000001
2026-01-16T00:00:00,Upper_Agriculture_Soilwater,0.7257600000000001
2026-01-17T00:00:00,Upper_Agriculture_Soilwater,0.6825600000000001
2026-01-18T00:00:00,Upper_Agriculture_Soilwater,0.8899200000000002
2026-01-19T00:00:00,Upper_Agriculture_Soilwater,1.3392000000000002
2026-01-20T00:00:00,Upper_Agriculture_Soilwater,1.07136
2026-01-21T00:00:00,Upper_Agriculture_Soilwater,0.8294400000000001
2026-01-22T00:00:00,Upper_Agriculture_Soilwater,0.6307200000000001
2026-01-23T00:00:00,Upper_Agriculture_Soilwater,0.648
2026-01-24T00:00:00,Upper_Agriculture_Soilwater,0.9849600000000001
2026-01-25T00:00:00,Upper_Agriculture_Soilwater,1.10592
2026-01-26T00:00:00,Upper_Agriculture_Soilwater,1.2096
2026-01-27T00:00:00,Upper_Agriculture_Soilwater,1.3910400000000003
2026-01-28T00:00:00,Upper_Agriculture_Soilwater,1.49472
2026-01-29T00:00:00,Upper_Agriculture_Soilwater,0.94176
2026-01-30T00:00:00,Upper_Agriculture_Soilwater,0.4752
2026-01-31T00:00:00,Upper_Agriculture_Soilwater,0.28512
2026-02-01T00:00:00,Upper_Agriculture_Soilwater,0.7776000000000001
2026-02-02T00:00:00,Upper_Agriculture_Soilwater,1.2614400000000001
2026-02-03T00:00:00,Upper_Agriculture_Soilwater,1.22688
2026-02-04T00:00:00,Upper_Agriculture_Soilwater,1.18368
2026-02-05T00:00:00,Upper_Agriculture_Soilwater,0.6307200000000001
2026-02-06T00:00:00,Upper_Agriculture_Soilwater,0.37152
2026-02-07T00:00:00,Upper_Agriculture_Soilwater,0.41472000000000003
2026-02-08T00:00:00,Upper_Agriculture_Soilwater,0.58752
2026-02-09T00:00:00,Upper_Agriculture_Soilwater,0.79488
2026-02-10T00:00:00,Upper_Agriculture_Soilwater,0.96768
2026-02-11T00:00:00,Upper_Agriculture_Soilwater,0.96768
2026-02-12T00:00:00,Upper_Agriculture_Soilwater,0.8035200000000001
2026-02-13T00:00:00,Upper_Agriculture_Soilwater,0.8294400000000001
2026-02-14T00:00:00,Upper_Agriculture_Soilwater,0.8294400000000001
2026-02-15T00:00:00,Upper_Agriculture_Soilwater,0.8208000000000001
2026-02-16T00:00:00,Upper_Agriculture_Soilwater,0.78624
2026-02-17T00:00:00,Upper_Agriculture_Soilwater,0.6652800000000001
2026-02-18T00:00:00,Upper_Agriculture_Soilwater,0.6739200000000001
2026-02-19T00:00:00,Upper_Agriculture_Soilwater,0.55296
2026-02-20T00:00:00,Upper_Agriculture_Soilwater,0.58752
2026-02-21T00:00:00,Upper_Agriculture_Soilwater,0.52704
2026-02-22T00:00:00,Upper_Agriculture_Soilwater,0.44064
2026-02-23T00:00:00,Upper_Agriculture_Soilwater,0.63936
2026-02-24T00:00:00,Upper_Agriculture_Soilwater,0.8121600000000001
2026-02-25T00:00:00,Upper_Agriculture_Soilwater,0.5184
2026-02-26T00:00:00,Upper_Agriculture_Soilwater,0.20736000000000002
2026-02-27T00:00:00,Upper_Agriculture_Soilwater,0.37152
2026-02-28T00:00:00,Upper_Agriculture_Soilwater,0.41472000000000003
2026-03-01T00:00:00,Upper_Agriculture_Soilwater,0.32832
2026-03-02T00:00:00,Upper_Agriculture_Soilwater,0.3024
2026-03-03T00:00:00,Upper_Agriculture_Soilwater,0.28512
2026-03-04T00:00:00,Upper_Agriculture_Soilwater,0.38880000000000003
2026-03-05T00:00:00,Upper_Agriculture_Soilwater,0.3024
2026-03-06T00:00:00,Upper_Agriculture_Soilwater,0.45792
2026-03-07T00:00:00,Upper_Agriculture_Soilwater,0.36288000000000004
2026-03-08T00:00:00,Upper_Agriculture_Soilwater,0.36288000000000004
2026-03-09T00:00:00,Upper_Agriculture_Soilwater,0.49248000000000003
2026-03-10T00:00:00,Upper_Agriculture_Soilwater,0.52704
2026-03-11T00:00:00,Upper_Agriculture_Soilwater,0.41472000000000003
2026-03-12T00:00:00,Upper_Agriculture_Soilwater,0.53568
2026-03-13T00:00:00,Upper_Agriculture_Soilwater,0.55296
2026-03-14T00:00:00,Upper_Agriculture_Soilwater,0.39744
2026-03-15T00:00:00,Upper_Agriculture_Soilwater,0.3456
2026-03-16T00:00:00,Upper_Agriculture_Soilwater,0.33696000000000004
2026-03-17T00:00:00,Upper_Agriculture_Soilwater,0.58752
2026-03-18T00:00:00,Upper_Agriculture_Soilwater,0.38880000000000003
2026-03-19T00:00:00,Upper_Agriculture_Soilwater,0.15552000000000002
2026-03-20T00:00:00,Upper_Agriculture_Soilwater,0.33696000000000004
2026-03-21T00:00:00,Upper_Agriculture_Soilwater,0.61344
2026-03-22T00:00:00,Upper_Agriculture_Soilwater,0.31104000000000004
2026-03-23T00:00:00,Upper_Agriculture_Soilwater,0.13824
2026-03-24T00:00:00,Upper_Agriculture_Soilwater,0.28512
2026-03-25T00:00:00,Upper_Agriculture_Soilwater,0.14688
2026-03-26T00:00:00,Upper_Agriculture_Soilwater,0.0
2026-03-27T00:00:00,Upper_Agriculture_Soilwater,0.0
2026-03-28T00:00:00,Upper_Agriculture_Soilwater,0.0
2026-03-29T00:00:00,Upper_Agriculture_Soilwater,0.0
2026-03-30T00:00:00,Upper_Agriculture_Soilwater,0.0
2026-03-31T00:00:00,Upper_Agriculture_Soilwater,0.0
2026-04-01T00:00:00,Upper_Agriculture_Soilwater,0.21600000000000003
2026-04-02T00:00:00,Upper_Agriculture_Soilwater,0.44928
2026-04-03T00:00:00,Upper_Agriculture_Soilwater,0.6825600000000001
2026-04-04T00:00:00,Upper_Agriculture_Soilwater,0.74304
2026-04-05T00:00:00,Upper_Agriculture_Soilwater,0.45792
2026-04-06T00:00:00,Upper_Agriculture_Soilwater,0.23328000000000002
2026-04-07T00:00:00,Upper_Agriculture_Soilwater,0.0
2026-04-08T00:00:00,Upper_Agriculture_Soilwater,0.0432
2026-04-09T00:00:00,Upper_Agriculture_Soilwater,0.2592
2026-04-10T00:00:00,Upper_Agriculture_Soilwater,0.5184
2026-04-11T00:00:00,Upper_Agriculture_Soilwater,0.19008000000000003
2026-04-12T00:00:00,Upper_Agriculture_Soilwater,0.07776
2026-04-13T00:00:00,Upper_Agriculture_Soilwater,0.06911999999999999
2026-04-14T00:00:00,Upper_Agriculture_Soilwater,0.025919999999999985
2026-04-15T00:00:00,Upper_Agriculture_Soilwater,0.5184
2026-04-16T00:00:00,Upper_Agriculture_Soilwater,0.44928
2026-04-17T00:00:00,Upper_Agriculture_Soilwater,0.38016000000000005
2026-04-18T00:00:00,Upper_Agriculture_Soilwater,0.63936
2026-04-19T00:00:00,Upper_Agriculture_Soilwater,0.4752
2026-04-20T00:00:00,Upper_Agriculture_Soilwater,0.46656000000000003
2026-04-21T00:00:00,Upper_Agriculture_Soilwater,0.20736000000000002
2026-04-22T00:00:00,Upper_Agriculture_Soilwater,0.23328000000000002
2026-04-23T00:00:00,Upper_Agriculture_Soilwater,0.25056
2026-04-24T00:00:00,Upper_Agriculture_Soilwater,0.13824
2026-04-25T00:00:00,Upper_Agriculture_Soilwater,0.0
2026-04-26T00:00:00,Upper_Agriculture_Soilwater,0.0432
2026-04-27T00:00:00,Upper_Agriculture_Soilwater,0.12096
2026-04-28T00:00:00,Upper_Agriculture_Soilwater,0.18144000000000002
2026-04-29T00:00:00,Upper_Agriculture_Soilwater,0.23328000000000002
2026-04-30T00:00:00,Upper_Agriculture_Soilwater,0.36288000000000004
2026-05-01T00:00:00,Upper_Agriculture_Soilwater,0.37152
2026-05-02T00:00:00,Upper_Agriculture_Soilwater,0.29376
2026-05-03T00:00:00,Upper_Agriculture_Soilwater,0.28512
2026-05-04T00:00:00,Upper_Agriculture_Soilwater,0.19008000000000003
2026-05-05T00:00:00,Upper_Agriculture_Soilwater,0.0
2026-05-06T00:00:00,Upper_Agriculture_Soilwater,0.0
2026-05-07T00:00:00,Upper_Agriculture_Soilwater,0.034559999999999994
2026-05-08T00:00:00,Upper_Agriculture_Soilwater,0.0
2026-05-09T00:00:00,Upper_Agriculture_Soilwater,0.21600000000000003
2026-05-10T00:00:00,Upper_Agriculture_Soilwater,0.23328000000000002
2026-05-11T00:00:00,Upper_Agriculture_Soilwater,0.0864
2026-05-12T00:00:00,Upper_Agriculture_Soilwater,0.5616
2026-05-13T00:00:00,Upper_Agriculture_Soilwater,0.3456
2026-05-14T00:00:00,Upper_Agriculture_Soilwater,0.40608000000000005
2026-05-15T00:00:00,Upper_Agriculture_Soilwater,0.42336000000000007
2026-05-16T00:00:00,Upper_Agriculture_Soilwater,0.28512
2026-05-17T00:00:00,Upper_Agriculture_Soilwater,0.38016000000000005
2026-05-18T00:00:00,Upper_Agriculture_Soilwater,0.20736000000000002
2026-05-19T00:00:00,Upper_Agriculture_Soilwater,0.18144000000000002
2026-05-20T00:00:00,Upper_Agriculture_Soilwater,0.3024
2026-05-21T00:00:00,Upper_Agriculture_Soilwater,0.6307200000000001
2026-05-22T00:00:00,Upper_Agriculture_Soilwater,0.75168
2026-05-23T00:00:00,Upper_Agriculture_Soilwater,0.6048
2026-05-24T00:00:00,Upper_Agriculture_Soilwater,0.45792
2026-05-25T00:00:00,Upper_Agriculture_Soilwater,0.38880000000000003
2026-05-26T00:00:00,Upper_Agriculture_Soilwater,0.38016000000000005
2026-05-27T00:00:00,Upper_Agriculture_Soilwater,0.44064
2026-05-28T00:00:00,Upper_Agriculture_Soilwater,0.59616
2026-05-29T00:00:00,Upper_Agriculture_Soilwater,0.3456
2026-05-30T00:00:00,Upper_Agriculture_Soilwater,0.43200000000000005
2026-05-31T00:00:00,Upper_Agriculture_Soilwater,0.41472000000000003
2026-06-01T00:00:00,Upper_Agriculture_Soilwater,0.42336000000000007
2026-06-02T00:00:00,Upper_Agriculture_Soilwater,0.5616
2026-06-03T00:00:00,Upper_Agriculture_Soilwater,0.38016000000000005
2026-06-04T00:00:00,Upper_Agriculture_Soilwater,0.29376
2026-06-05T00:00:00,Upper_Agriculture_Soilwater,0.36288000000000004
2026-06-06T00:00:00,Upper_Agriculture_Soilwater,0.5184
2026-06-07T00:00:00,Upper_Agriculture_Soilwater,0.65664
2026-06-08T00:00:00,Upper_Agriculture_Soilwater,1.18368
2026-06-09T00:00:00,Upper_Agriculture_Soilwater,0.69984
2026-06-10T00:00:00,Upper_Agriculture_Soilwater,0.8640000000000001
2026-06-11T00:00:00,Upper_Agriculture_Soilwater,0.6825600000000001
2026-06-12T00:00:00,Upper_Agriculture_Soilwater,0.28512
2026-06-13T00:00:00,Upper_Agriculture_Soilwater,0.28512
2026-06-14T00:00:00,Upper_Agriculture_Soilwater,0.40608000000000005
2026-06-15T00:00:00,Upper_Agriculture_Soilwater,0.5616
2026-06-16T00:00:00,Upper_Agriculture_Soilwater,0.59616
2026-06-17T00:00:00,Upper_Agriculture_Soilwater,0.58752
2026-06-18T00:00:00,Upper_Agriculture_Soilwater,0.7257600000000001
2026-06-19T00:00:00,Upper_Agriculture_Soilwater,0.7344
2026-06-20T00:00:00,Upper_Agriculture_Soilwater,0.46656000000000003
2026-06-21T00:00:00,Upper_Agriculture_Soilwater,0.1296
2026-06-22T00:00:00,Upper_Agriculture_Soilwater,0.19872
2026-06-23T00:00:00,Upper_Agriculture_Soilwater,0.5616
2026-06-24T00:00:00,Upper_Agriculture_Soilwater,0.74304
2026-06-25T00:00:00,Upper_Agriculture_Soilwater,0.27648
2026-06-26T00:00:00,Upper_Agriculture_Soilwater,0.4752
2026-06-27T00:00:00,Upper_Agriculture_Soilwater,0.65664
2026-06-28T00:00:00,Upper_Agriculture_Soilwater,0.55296
2026-06-29T00:00:00,Upper_Agriculture_Soilwater,0.5184
2026-06-30T00:00:00,Upper_Agriculture_Soilwater,0.58752
2026-07-01T00:00:00,Upper_Agriculture_Soilwater,0.54432
2026-07-02T00:00:00,Upper_Agriculture_Soilwater,0.42336000000000007
2026-07-03T00:00:00,Upper_Agriculture_Soilwater,0.43200000000000005
2026-07-04T00:00:00,Upper_Agriculture_Soilwater,0.55296
2026-07-05T00:00:00,Upper_Agriculture_Soilwater,0.48384
2026-07-06T00:00:00,Upper_Agriculture_Soilwater,0.41472000000000003
2026-07-07T00:00:00,Upper_Agriculture_Soilwater,0.54432
2026-07-08T00:00:00,Upper_Agriculture_Soilwater,0.94176
2026-07-09T00:00:00,Upper_Agriculture_Soilwater,0.87264
2026-07-10T00:00:00,Upper_Agriculture_Soilwater,0.9849600000000001
2026-07-11T00:00:00,Upper_Agriculture_Soilwater,0.9849600000000001
2026-07-12T00:00:00,Upper_Agriculture_Soilwater,0.9504
2026-07-13T00:00:00,Upper_Agriculture_Soilwater,0.9504
2026-07-14T00:00:00,Upper_Agriculture_Soilwater,0.8640000000000001
2026-07-15T00:00:00,Upper_Agriculture_Soilwater,0.61344
2026-07-16T00:00:00,Upper_Agriculture_Soilwater,0.8035200000000001
2026-07-17T00:00:00,Upper_Agriculture_Soilwater,0.7603200000000001
2026-07-18T00:00:00,Upper_Agriculture_Soilwater,0.55296
2026-07-19T00:00:00,Upper_Agriculture_Soilwater,0.74304
2026-07-20T00:00:00,Upper_Agriculture_Soilwater,1.11456
2026-07-21T00:00:00,Upper_Agriculture_Soilwater,1.7008727521395794
2026-07-22T00:00:00,Upper_Agriculture_Soilwater,0.994549253834237
2026-07-23T00:00:00,Upper_Agriculture_Soilwater,1.0477072126398408
2026-07-24T00:00:00,Upper_Agriculture_Soilwater,1.1498227417867102
2026-07-25T00:00:00,Upper_Agriculture_Soilwater,0.854726825586755
2026-07-26T00:00:00,Upper_Agriculture_Soilwater,0.933935427998819
2026-07-27T00:00:00,Upper_Agriculture_Soilwater,1.135402801756762
2026-07-28T00:00:00,Upper_Agriculture_Soilwater,0.9119924246976924
2026-07-29T00:00:00,Upper_Agriculture_Soilwater,0.8732616035169914
2026-07-30T00:00:00,Upper_Agriculture_Soilwater,0.7630503401541665
2026-07-31T00:00:00,Upper_Agriculture_Soilwater,0.8513544642295298
2026-08-01T00:00:00,Upper_Agriculture_Soilwater,0.7932874181816878
2026-08-02T00:00:00,Upper_Agriculture_Soilwater,0.7757183520320773
2026-08-03T00:00:00,Upper_Agriculture_Soilwater,0.8465236918637964
2026-08-04T00:00:00,Upper_Agriculture_Soilwater,0.7550896314152924
2026-08-05T00:00:00,Upper_Agriculture_Soilwater,0.9759180676941347
2026-08-06T00:00:00,Upper_Agriculture_Soilwater,1.2507179656804523
2026-08-07T00:00:00,Upper_Agriculture_Soilwater,1.112353105929955
2026-08-08T00:00:00,Upper_Agriculture_Soilwater,1.022848056213224
2026-08-09T00:00:00,Upper_Agriculture_Soilwater,1.0183151868551252
2026-08-10T00:00:00,Upper_Agriculture_Soilwater,0.8512481007384335
2026-08-11T00:00:00,Upper_Agriculture_Soilwater,1.057614156026895
2026-08-12T00:00:00,Upper_Agriculture_Soilwater,1.2654932385784077
2026-08-13T00:00:00,Upper_Agriculture_Soilwater,0.9334269920668401
2026-08-14T00:00:00,Upper_Agriculture_Soilwater,0.9979188188725554
2026-08-15T00:00:00,Upper_Agriculture_Soilwater,0.8126105111116121
2026-08-16T00:00:00,Upper_Agriculture_Soilwater,1.5780522043237353
2026-08-17T00:00:00,Upper_Agriculture_Soilwater,0.69984
2026-08-18T00:00:00,Upper_Agriculture_Soilwater,0.89856
2026-08-19T00:00:00,Upper_Agriculture_Soilwater,0.8380799999999999
2026-08-20T00:00:00,Upper_Agriculture_Soilwater,1.19232
2026-08-21T00:00:00,Upper_Agriculture_Soilwater,1.19232
2026-08-22T00:00:00,Upper_Agriculture_Soilwater,1.22688
2026-08-23T00:00:00,Upper_Agriculture_Soilwater,1.28736
2026-08-24T00:00:00,Upper_Agriculture_Soilwater,1.27872
2026-08-25T00:00:00,Upper_Agriculture_Soilwater,1.2441600000000002
2026-08-26T00:00:00,Upper_Agriculture_Soilwater,1.28736
2026-08-27T00:00:00,Upper_Agriculture_Soilwater,1.31328
2026-08-28T00:00:00,Upper_Agriculture_Soilwater,1.2355200000000002
2026-08-29T00:00:00,Upper_Agriculture_Soilwater,1.2614400000000001
2026-08-30T00:00:00,Upper_Agriculture_Soilwater,1.05408
2026-08-31T00:00:00,Upper_Agriculture_Soilwater,1.21824
2026-09-01T00:00:00,Upper_Agriculture_Soilwater,1.30464
2026-09-02T00:00:00,Upper_Agriculture_Soilwater,1.17504
2026-09-03T00:00:00,Upper_Agriculture_Soilwater,1.3478400000000001
2026-09-04T00:00:00,Upper_Agriculture_Soilwater,1.46016
2026-09-05T00:00:00,Upper_Agriculture_Soilwater,1.49472
2026-09-06T00:00:00,Upper_Agriculture_Soilwater,1.46016
2026-09-07T00:00:00,Upper_Agriculture_Soilwater,1.3392000000000002
2026-09-08T00:00:00,Upper_Agriculture_Soilwater,1.2441600000000002
2026-09-09T00:00:00,Upper_Agriculture_Soilwater,1.3219200000000002
2026-09-10T00:00:00,Upper_Agriculture_Soilwater,1.57248
2026-09-11T00:00:00,Upper_Agriculture_Soilwater,1.6675200000000001
2026-09-12T00:00:00,Upper_Agriculture_Soilwater,1.9008
2026-09-13T00:00:00,Upper_Agriculture_Soilwater,1.7712
2026-09-14T00:00:00,Upper_Agriculture_Soilwater,1.44288
2026-09-15T00:00:00,Upper_Agriculture_Soilwater,1.3219200000000002
2026-09-16T00:00:00,Upper_Agriculture_Soilwater,1.35648
2026-09-17T00:00:00,Upper_Agriculture_Soilwater,1.2614400000000001
2026-09-18T00:00:00,Upper_Agriculture_Soilwater,1.2528000000000001
2026-09-19T00:00:00,Upper_Agriculture_Soilwater,1.296
2026-09-20T00:00:00,Upper_Agriculture_Soilwater,1.41696
2026-09-21T00:00:00,Upper_Agriculture_Soilwater,1.37376
2026-09-22T00:00:00,Upper_Agriculture_Soilwater,1.4774400000000003
2026-09-23T00:00:00,Upper_Agriculture_Soilwater,1.48608
2026-09-24T00:00:00,Upper_Agriculture_Soilwater,1.4688
2026-09-25T00:00:00,Upper_Agriculture_Soilwater,1.50336
2026-09-26T00:00:00,Upper_Agriculture_Soilwater,1.39968
2026-09-27T00:00:00,Upper_Agriculture_Soilwater,3.0559836439255235
2026-09-28T00:00:00,Upper_Agriculture_Soilwater,1.7251791281148903
2026-09-29T00:00:00,Upper_Agriculture_Soilwater,1.72794311550356
2026-09-30T00:00:00,Upper_Agriculture_Soilwater,1.6866079157861775
2026-10-01T00:00:00,Upper_Agriculture_Soilwater,1.8204276577782605
2026-10-02T00:00:00,Upper_Agriculture_Soilwater,2.120312367353036
2026-10-03T00:00:00,Upper_Agriculture_Soilwater,2.1107568352527615
2026-10-04T00:00:00,Upper_Agriculture_Soilwater,2.0354225410102127
2026-10-05T00:00:00,Upper_Agriculture_Soilwater,1.8363616639534597
2026-10-06T00:00:00,Upper_Agriculture_Soilwater,1.5768248791225479
2026-10-07T00:00:00,Upper_Agriculture_Soilwater,1.566680878680659
2026-10-08T00:00:00,Upper_Agriculture_Soilwater,1.4308868689103809
2026-10-09T00:00:00,Upper_Agriculture_Soilwater,1.4222978813079477
2026-10-10T00:00:00,Upper_Agriculture_Soilwater,1.3056946075810425
2026-10-11T00:00:00,Upper_Agriculture_Soilwater,1.5806796636381488
2026-10-12T00:00:00,Upper_Agriculture_Soilwater,1.4927488460314682
2026-10-13T00:00:00,Upper_Agriculture_Soilwater,1.5000474929159082
2026-10-14T00:00:00,Upper_Agriculture_Soilwater,1.5452373990266635
2026-10-15T00:00:00,Upper_Agriculture_Soilwater,1.5887448148488355
2026-10-16T00:00:00,Upper_Agriculture_Soilwater,1.572907362632354
2026-10-17T00:00:00,Upper_Agriculture_Soilwater,1.4698982127517526
2026-10-18T00:00:00,Upper_Agriculture_Soilwater,1.603209680546986
2026-10-19T00:00:00,Upper_Agriculture_Soilwater,1.6893757074507367
2026-10-20T00:00:00,Upper_Agriculture_Soilwater,1.6474186346575102
2026-10-21T00:00:00,Upper_Agriculture_Soilwater,1.984201165468855
2026-10-22T00:00:00,Upper_Agriculture_Soilwater,2.33871544396985
2026-10-23T00:00:00,Upper_Agriculture_Soilwater,2.0047063187220715
2026-10-24T00:00:00,Upper_Agriculture_Soilwater,1.7713564029598152
2026-10-25T00:00:00,Upper_Agriculture_Soilwater,2.714704219910678
2026-10-26T00:00:00,Upper_Agriculture_Soilwater,3.066447515857991
2026-10-27T00:00:00,Upper_Agriculture_Soilwater,2.6191710913033917
2026-10-28T00:00:00,Upper_Agriculture_Soilwater,2.4399647509703817
2026-10-29T00:00:00,Upper_Agriculture_Soilwater,1.6070400000000002
2026-10-30T00:00:00,Upper_Agriculture_Soilwater,1.5379200000000002
2026-10-31T00:00:00,Upper_Agriculture_Soilwater,1.5206400000000002
2026-11-01T00:00:00,Upper_Agriculture_Soilwater,1.6070400000000002
2026-11-02T00:00:00,Upper_Agriculture_Soilwater,1.6416000000000002
2026-11-03T00:00:00,Upper_Agriculture_Soilwater,1.6761599999999999
2026-11-04T00:00:00,Upper_Agriculture_Soilwater,1.6761599999999999
2026-11-05T00:00:00,Upper_Agriculture_Soilwater,1.74528
2026-11-06T00:00:00,Upper_Agriculture_Soilwater,1.8576000000000001
2026-11-07T00:00:00,Upper_Agriculture_Soilwater,1.93536
2026-11-08T00:00:00,Upper_Agriculture_Soilwater,1.9267200000000002
2026-11-09T00:00:00,Upper_Agriculture_Soilwater,1.78848
2026-11-10T00:00:00,Upper_Agriculture_Soilwater,1.8662400000000001
2026-11-11T00:00:00,Upper_Agriculture_Soilwater,1.7280000000000002
2026-11-12T00:00:00,Upper_Agriculture_Soilwater,1.8230400000000002
2026-11-13T00:00:00,Upper_Agriculture_Soilwater,1.61568
2026-11-14T00:00:00,Upper_Agriculture_Soilwater,1.6761599999999999
2026-11-15T00:00:00,Upper_Agriculture_Soilwater,1.6848
2026-11-16T00:00:00,Upper_Agriculture_Soilwater,2.728565945563867
2026-11-17T00:00:00,Upper_Agriculture_Soilwater,1.5820500348195154
2026-11-18T00:00:00,Upper_Agriculture_Soilwater,1.6688033926488643
2026-11-19T00:00:00,Upper_Agriculture_Soilwater,1.6000899074503268
2026-11-20T00:00:00,Upper_Agriculture_Soilwater,1.5409482902840743
2026-11-21T00:00:00,Upper_Agriculture_Soilwater,1.5647606292483711
2026-11-22T00:00:00,Upper_Agriculture_Soilwater,1.5216925048392709
2026-11-23T00:00:00,Upper_Agriculture_Soilwater,1.543187693714075
2026-11-24T00:00:00,Upper_Agriculture_Soilwater,1.6731676918683667
2026-11-25T00:00:00,Upper_Agriculture_Soilwater,1.893761637285767
2026-11-26T00:00:00,Upper_Agriculture_Soilwater,1.549461983922884
2026-11-27T00:00:00,Upper_Agriculture_Soilwater,1.6304975582141767
2026-11-28T00:00:00,Upper_Agriculture_Soilwater,1.5045082900677613
2026-11-29T00:00:00,Upper_Agriculture_Soilwater,1.478635902590798
2026-11-30T00:00:00,Upper_Agriculture_Soilwater,1.3723385641152346
2026-12-01T00:00:00,Upper_Agriculture_Soilwater,1.2856606462900886
2026-12-02T00:00:00,Upper_Agriculture_Soilwater,1.2810458466686838
2026-12-03T00:00:00,Upper_Agriculture_Soilwater,1.2725814433419735
2026-12-04T00:00:00,Upper_Agriculture_Soilwater,1.3883953487232015
2026-12-05T00:00:00,Upper_Agriculture_Soilwater,1.2286480449983421
2026-12-06T00:00:00,Upper_Agriculture_Soilwater,1.3558566174824653
2026-12-07T00:00:00,Upper_Agriculture_Soilwater,1.2480338717753754
2026-12-08T00:00:00,Upper_Agriculture_Soilwater,1.3882906514438569
2026-12-09T00:00:00,Upper_Agriculture_Soilwater,1.2614400000000001
2026-12-10T00:00:00,Upper_Agriculture_Soilwater,1.1491200000000001
2026-12-11T00:00:00,Upper_Agriculture_Soilwater,1.37376
2026-12-12T00:00:00,Upper_Agriculture_Soilwater,1.3305600000000002
2026-12-13T00:00:00,Upper_Agriculture_Soilwater,1.5638400000000001
2026-12-14T00:00:00,Upper_Agriculture_Soilwater,1.512
2026-12-15T00:00:00,Upper_Agriculture_Soilwater,1.5984
2026-12-16T00:00:00,Upper_Agriculture_Soilwater,1.58112
2026-12-17T00:00:00,Upper_Agriculture_Soilwater,1.5552000000000001
2026-12-18T00:00:00,Upper_Agriculture_Soilwater,1.6588800000000001
2026-12-19T00:00:00,Upper_Agriculture_Soilwater,1.5638400000000001
2026-12-20T00:00:00,Upper_Agriculture_Soilwater,1.4342400000000002
2026-12-21T00:00:00,Upper_Agriculture_Soilwater,1.18368
2026-12-22T00:00:00,Upper_Agriculture_Soilwater,1.13184
2026-12-23T00:00:00,Upper_Agriculture_Soilwater,1.2528000000000001
2026-12-24T00:00:00,Upper_Agriculture_Soilwater,1.4083200000000002
2026-12-25T00:00:00,Upper_Agriculture_Soilwater,1.3478400000000001
2026-12-26T00:00:00,Upper_Agriculture_Soilwater,1.4083200000000002
2026-12-27T00:00:00,Upper_Agriculture_Soilwater,1.1491200000000001
2026-12-28T00:00:00,Upper_Agriculture_Soilwater,1.07136
2026-12-29T00:00:00,Upper_Agriculture_Soilwater,1.1232
2026-12-30T00:00:00,Upper_Agriculture_Soilwater,1.05408
2026-12-31T00:00:00,Upper_Agriculture_Soilwater,1.296
